date,city,country,temp_high_c,temp_low_c,precipitation_mm,humidity_pct,condition
2021-01-01,New York,USA,-12.4,-19.7,4.8,78.2,Cloudy
2021-01-01,London,UK,1.1,-9.8,0.2,99,Overcast
2021-01-01,Tokyo,Japan,-6.3,-18.8,1.3,83.4,Overcast
2021-01-01,Sydney,Australia,32.4,22.6,1.6,76.8,Sunny
2021-01-01,Cairo,Egypt,6.3,-4.9,0.9,70.6,Partly Cloudy
2021-01-02,New York,USA,-11.3,-21.0,0.8,76.0,Sunny
2021-01-02,London,UK,-1.3,-10.8,0.1,37.5,Cloudy
2021-01-02,Tokyo,Japan,-8.3,-14.3,0.8,34.6,Overcast
2021-01-02,Sydney,Australia,31.4,27.8,0.0,72.3,Hazy
2021-01-02,Cairo,Egypt,5.3,-4.1,0.0,80.6,Partly Cloudy
2021-01-03,New York,USA,-9.3,-14.8,0.5,74.9,Partly Cloudy
2021-01-03,London,UK,1.7,-6.0,0.5,72.8,Cloudy
2021-01-03,Tokyo,Japan,-8.1,-12.3,0.1,62.6,Sunny
2021-01-03,Sydney,Australia,31.0,21.0,0.2,58.2,Sunny
2021-01-03,Cairo,Egypt,4.8,-2.8,0.0,48.3,Drizzle
2021-01-04,New York,USA,-13.0,-21.4,0.3,99,Cloudy
2021-01-04,London,UK,1.6,-7.9,1.9,46.6,Drizzle
2021-01-04,Tokyo,Japan,-7.5,-16.0,0.8,53.9,Sunny
2021-01-04,Sydney,Australia,31.7,23.6,0.0,93.6,Hazy
2021-01-04,Cairo,Egypt,7.3,-6.3,0.0,42.8,Snow
2021-01-05,New York,USA,-8.9,-20.7,0.1,75.0,Overcast
2021-01-05,London,UK,-2.7,-8.5,0.1,83.2,Overcast
2021-01-05,Tokyo,Japan,-7.2,-14.4,3.0,50.2,Sunny
2021-01-05,Sydney,Australia,28.7,22.6,9.5,76.1,Heavy Rain
2021-01-05,Cairo,Egypt,4.9,-4.5,0.0,55.9,Snow
2021-01-06,New York,USA,-14.6,-18.2,0.6,63.7,Partly Cloudy
2021-01-06,London,UK,-1.2,-7.4,0.0,78.1,Partly Cloudy
2021-01-06,Tokyo,Japan,-5.3,-13.7,0.1,71.5,Partly Cloudy
2021-01-06,Sydney,Australia,32.3,22.0,0.1,69.1,Sunny
2021-01-06,Cairo,Egypt,5.1,-4.6,0.7,84.8,Partly Cloudy
2021-01-07,New York,USA,-12.3,-18.8,0.5,67.6,Snow
2021-01-07,London,UK,-1.1,-7.1,0.0,64.1,Sunny
2021-01-07,Tokyo,Japan,-2.7,-15.8,0.2,52.0,Partly Cloudy
2021-01-07,Sydney,Australia,34.8,26.9,2.9,20,Sunny
2021-01-07,Cairo,Egypt,0.8,-2.5,0.4,55.6,Cloudy
2021-01-08,New York,USA,-13.9,-16.5,0.3,77.3,Snow
2021-01-08,London,UK,-0.7,-5.5,0.1,35.8,Overcast
2021-01-08,Tokyo,Japan,-4.5,-19.5,0.5,78.8,Sunny
2021-01-08,Sydney,Australia,36.2,17.7,0.4,28.6,Sunny
2021-01-08,Cairo,Egypt,3.7,-3.7,0.1,99,Snow
2021-01-09,New York,USA,-6.3,-19.7,0.5,74.7,Overcast
2021-01-09,London,UK,-0.2,-6.6,0.2,64.9,Cloudy
2021-01-09,Tokyo,Japan,-9.9,-14.4,0.1,61.5,Snow
2021-01-09,Sydney,Australia,35.8,23.1,0.1,44.1,Sunny
2021-01-09,Cairo,Egypt,4.3,-4.6,0.0,77.5,Sunny
2021-01-10,New York,USA,-18.0,-20.0,0.0,36.7,Drizzle
2021-01-10,London,UK,-0.6,-8.5,0.4,58.6,Overcast
2021-01-10,Tokyo,Japan,-6.4,-11.0,0.7,58.9,Drizzle
2021-01-10,Sydney,Australia,24.9,21.8,0.6,62.7,Clear
2021-01-10,Cairo,Egypt,3.8,-4.8,0.0,85.3,Drizzle
2021-01-11,New York,USA,-9.4,-16.3,0.3,36.4,Drizzle
2021-01-11,London,UK,-2.7,-6.7,0.1,68.6,Snow
2021-01-11,Tokyo,Japan,-4.0,-10.0,0.1,83.6,Partly Cloudy
2021-01-11,Sydney,Australia,30.9,22.7,0.0,58.2,Hazy
2021-01-11,Cairo,Egypt,10.5,-4.6,0.1,78.0,Clear
2021-01-12,New York,USA,-13.8,-22.3,1.9,64.8,Sunny
2021-01-12,London,UK,-2.2,-7.5,0.0,53.7,Partly Cloudy
2021-01-12,Tokyo,Japan,-5.4,-15.4,0.4,98.7,Snow
2021-01-12,Sydney,Australia,31.5,22.7,0.0,77.0,Hazy
2021-01-12,Cairo,Egypt,4.0,-2.1,0.0,53.3,Overcast
2021-01-13,New York,USA,-11.9,-16.2,0.1,69.0,Sunny
2021-01-13,London,UK,-4.5,-6.8,0.6,56.8,Partly Cloudy
2021-01-13,Tokyo,Japan,-4.4,-13.8,0.3,69.1,Overcast
2021-01-13,Sydney,Australia,27.1,22.9,0.4,61.6,Cloudy
2021-01-13,Cairo,Egypt,5.3,-5.9,0.3,53.4,Snow
2021-01-14,New York,USA,-11.7,-20.3,0.0,86.0,Drizzle
2021-01-14,London,UK,3.2,-10.7,0.3,27.8,Partly Cloudy
2021-01-14,Tokyo,Japan,-11.4,-14.5,0.0,66.6,Overcast
2021-01-14,Sydney,Australia,30.5,25.7,1.0,38.2,Sunny
2021-01-14,Cairo,Egypt,4.4,-3.3,0.0,65.4,Snow
2021-01-15,New York,USA,-6.4,-15.0,0.0,63.8,Cloudy
2021-01-15,London,UK,-7.3,-9.3,0.4,54.0,Drizzle
2021-01-15,Tokyo,Japan,-7.2,-16.4,0.7,54.9,Sunny
2021-01-15,Sydney,Australia,31.3,22.6,0.3,69.5,Sunny
2021-01-15,Cairo,Egypt,8.0,-0.7,0.3,53.3,Light Rain
2021-01-16,New York,USA,-5.1,-15.9,0.0,77.2,Sunny
2021-01-16,London,UK,2.8,-9.1,1.4,20,Cloudy
2021-01-16,Tokyo,Japan,-4.0,-12.0,0.0,50.3,Partly Cloudy
2021-01-16,Sydney,Australia,28.0,23.2,0.6,30.2,Light Rain
2021-01-16,Cairo,Egypt,7.3,-5.8,0.0,53.6,Overcast
2021-01-17,New York,USA,-8.2,-19.0,0.7,70.2,Partly Cloudy
2021-01-17,London,UK,2.7,-5.4,0.1,67.0,Cloudy
2021-01-17,Tokyo,Japan,-2.9,-10.1,3.1,60.3,Overcast
2021-01-17,Sydney,Australia,29.7,21.4,0.0,51.7,Sunny
2021-01-17,Cairo,Egypt,6.4,-5.2,0.4,64.6,Drizzle
2021-01-18,New York,USA,-13.6,-15.6,0.0,59.1,Sunny
2021-01-18,London,UK,5.2,-7.1,0.1,55.9,Sunny
2021-01-18,Tokyo,Japan,-9.9,-11.9,0.0,80.8,Overcast
2021-01-18,Sydney,Australia,28.3,24.3,0.0,73.5,Sunny
2021-01-18,Cairo,Egypt,8.4,2.1,0.0,42.8,Light Rain
2021-01-19,New York,USA,-8.7,-12.8,0.0,68.3,Drizzle
2021-01-19,London,UK,-1.9,-9.3,1.2,61.1,Drizzle
2021-01-19,Tokyo,Japan,-5.3,-11.8,0.0,58.0,Drizzle
2021-01-19,Sydney,Australia,29.3,19.6,1.2,42.4,Sunny
2021-01-19,Cairo,Egypt,3.1,-5.2,0.0,84.8,Overcast
2021-01-20,New York,USA,-8.8,-19.2,0.2,32.7,Cloudy
2021-01-20,London,UK,-1.6,-8.4,0.2,80.4,Sunny
2021-01-20,Tokyo,Japan,-6.6,-10.3,0.5,99,Snow
2021-01-20,Sydney,Australia,30.8,20.0,0.1,68.5,Partly Cloudy
2021-01-20,Cairo,Egypt,12.3,0.2,0.1,24.8,Sunny
2021-01-21,New York,USA,-5.5,-16.9,0.0,61.0,Drizzle
2021-01-21,London,UK,0.7,-8.1,0.8,51.5,Drizzle
2021-01-21,Tokyo,Japan,-8.2,-13.3,0.2,88.4,Sunny
2021-01-21,Sydney,Australia,32.2,24.9,5.3,32.1,Heavy Rain
2021-01-21,Cairo,Egypt,7.1,-0.8,0.1,79.1,Overcast
2021-01-22,New York,USA,-7.1,-19.2,0.4,42.9,Cloudy
2021-01-22,London,UK,0.6,-7.0,0.2,63.1,Sunny
2021-01-22,Tokyo,Japan,-1.3,-13.9,1.0,65.6,Sunny
2021-01-22,Sydney,Australia,29.4,22.6,0.1,36.7,Sunny
2021-01-22,Cairo,Egypt,5.1,-0.0,0.0,93.1,Cloudy
2021-01-23,New York,USA,-8.4,-14.3,7.5,99,Snowfall
2021-01-23,London,UK,-4.8,-6.9,0.2,60.3,Overcast
2021-01-23,Tokyo,Japan,-1.5,-13.2,1.3,66.6,Overcast
2021-01-23,Sydney,Australia,27.6,25.5,1.0,58.5,Cloudy
2021-01-23,Cairo,Egypt,4.3,2.0,0.3,46.0,Overcast
2021-01-24,New York,USA,-11.7,-15.3,0.1,22.4,Sunny
2021-01-24,London,UK,3.7,-6.4,0.2,71.2,Sunny
2021-01-24,Tokyo,Japan,-8.5,-12.4,4.8,83.6,Overcast
2021-01-24,Sydney,Australia,33.7,23.6,4.4,57.4,Sunny
2021-01-24,Cairo,Egypt,6.9,-3.0,0.1,22.5,Snow
2021-01-25,New York,USA,-8.7,-15.1,1.5,67.3,Sunny
2021-01-25,London,UK,5.7,-6.8,2.2,61.4,Partly Cloudy
2021-01-25,Tokyo,Japan,-6.5,-13.9,0.1,99,Snow
2021-01-25,Sydney,Australia,32.2,15.0,0.0,36.0,Sunny
2021-01-25,Cairo,Egypt,2.2,0.20000000000000018,0.0,83.6,Sunny
2021-01-26,New York,USA,-6.8,-14.7,0.1,60.8,Snow
2021-01-26,London,UK,1.7,-6.9,1.7,57.6,Snow
2021-01-26,Tokyo,Japan,-4.4,-10.0,3.2,78.4,Drizzle
2021-01-26,Sydney,Australia,29.7,23.6,0.1,20,Sunny
2021-01-26,Cairo,Egypt,10.0,-3.9,0.1,67.4,Light Rain
2021-01-27,New York,USA,-10.1,-14.9,0.0,23.5,Overcast
2021-01-27,London,UK,-1.2,-6.4,0.0,67.3,Sunny
2021-01-27,Tokyo,Japan,-7.7,-10.1,0.0,56.0,Snow
2021-01-27,Sydney,Australia,31.5,25.1,0.0,30.0,Sunny
2021-01-27,Cairo,Egypt,4.0,-2.7,2.9,69.4,Drizzle
2021-01-28,New York,USA,-10.8,-15.6,0.2,49.4,Partly Cloudy
2021-01-28,London,UK,5.5,-8.7,0.5,70.2,Partly Cloudy
2021-01-28,Tokyo,Japan,-0.9,-11.1,0.1,68.0,Partly Cloudy
2021-01-28,Sydney,Australia,33.4,24.3,7.3,65.1,Heavy Rain
2021-01-28,Cairo,Egypt,4.6,-1.8,0.0,51.8,Partly Cloudy
2021-01-29,New York,USA,-7.8,-15.2,0.0,78.7,Cloudy
2021-01-29,London,UK,4.3,-4.7,0.0,76.1,Cloudy
2021-01-29,Tokyo,Japan,-2.4,-11.9,0.1,95.1,Sunny
2021-01-29,Sydney,Australia,26.5,20.4,0.3,40.2,Partly Cloudy
2021-01-29,Cairo,Egypt,11.0,-0.7,0.0,34.0,Partly Cloudy
2021-01-30,New York,USA,-8.7,-14.7,0.1,62.2,Cloudy
2021-01-30,London,UK,-2.1,-8.1,0.5,71.0,Snow
2021-01-30,Tokyo,Japan,-4.2,-12.7,0.6,73.5,Cloudy
2021-01-30,Sydney,Australia,30.3,25.3,0.0,46.4,Sunny
2021-01-30,Cairo,Egypt,3.2,-3.0,0.3,39.3,Snow
2021-01-31,New York,USA,-6.1,-16.2,3.0,30.5,Sunny
2021-01-31,London,UK,-0.1,-5.0,1.7,69.8,Drizzle
2021-01-31,Tokyo,Japan,-4.7,-12.8,1.3,59.7,Cloudy
2021-01-31,Sydney,Australia,25.6,21.0,0.5,50.8,Clear
2021-01-31,Cairo,Egypt,8.5,-1.4,0.0,55.1,Clear
2021-02-01,New York,USA,-7.0,-19.2,0.0,60.9,Cloudy
2021-02-01,London,UK,2.8,-3.0,0.1,82.0,Drizzle
2021-02-01,Tokyo,Japan,-2.5,-14.1,0.1,75.4,Overcast
2021-02-01,Sydney,Australia,26.5,19.9,0.2,64.3,Light Rain
2021-02-01,Cairo,Egypt,6.8,3.2,0.1,45.3,Partly Cloudy
2021-02-02,New York,USA,-13.9,-16.5,0.6,43.1,Cloudy
2021-02-02,London,UK,10.1,-5.1,0.4,80.1,Light Rain
2021-02-02,Tokyo,Japan,-1.1,-9.5,0.2,37.5,Partly Cloudy
2021-02-02,Sydney,Australia,29.8,20.8,0.1,55.1,Sunny
2021-02-02,Cairo,Egypt,6.0,-1.2,0.0,74.1,Partly Cloudy
2021-02-03,New York,USA,-7.1,-15.1,0.4,50.1,Sunny
2021-02-03,London,UK,-1.7,-5.3,0.0,48.4,Drizzle
2021-02-03,Tokyo,Japan,-5.9,-12.1,4.9,65.6,Overcast
2021-02-03,Sydney,Australia,26.7,19.8,0.0,44.0,Clear
2021-02-03,Cairo,Egypt,7.9,-0.6,0.0,99,Overcast
2021-02-04,New York,USA,-4.6,-16.5,0.3,73.9,Overcast
2021-02-04,London,UK,1.7,-6.3,1.6,86.4,Drizzle
2021-02-04,Tokyo,Japan,-5.7,-9.0,1.5,65.6,Partly Cloudy
2021-02-04,Sydney,Australia,31.9,19.4,0.1,25.8,Sunny
2021-02-04,Cairo,Egypt,12.5,1.5,0.3,84.6,Sunny
2021-02-05,New York,USA,-6.9,-14.0,0.2,87.4,Drizzle
2021-02-05,London,UK,3.0,-6.4,0.5,58.4,Overcast
2021-02-05,Tokyo,Japan,-4.9,-9.7,0.0,64.5,Snow
2021-02-05,Sydney,Australia,25.0,22.3,0.0,46.8,Cloudy
2021-02-05,Cairo,Egypt,7.5,-1.6,0.0,47.8,Cloudy
2021-02-06,New York,USA,-5.3,-13.2,2.3,63.1,Sunny
2021-02-06,London,UK,2.8,-5.9,0.2,63.9,Overcast
2021-02-06,Tokyo,Japan,-2.2,-12.7,0.1,79.6,Overcast
2021-02-06,Sydney,Australia,28.0,21.7,0.0,62.3,Sunny
2021-02-06,Cairo,Egypt,10.8,-2.8,0.0,61.4,Light Rain
2021-02-07,New York,USA,-7.9,-17.8,0.0,77.3,Cloudy
2021-02-07,London,UK,4.8,-3.6,0.4,78.1,Partly Cloudy
2021-02-07,Tokyo,Japan,-3.8,-8.4,0.6,78.4,Sunny
2021-02-07,Sydney,Australia,28.0,22.2,0.1,45.7,Light Rain
2021-02-07,Cairo,Egypt,13.0,0.0,0.0,51.7,Cloudy
2021-02-08,New York,USA,-4.5,-17.4,0.4,86.5,Cloudy
2021-02-08,London,UK,-0.7,-6.8,0.1,72.3,Overcast
2021-02-08,Tokyo,Japan,-5.0,-11.1,0.1,47.0,Drizzle
2021-02-08,Sydney,Australia,28.2,24.7,0.5,53.0,Sunny
2021-02-08,Cairo,Egypt,8.3,1.8,0.0,91.4,Light Rain
2021-02-09,New York,USA,-7.4,-18.5,0.3,89.0,Snow
2021-02-09,London,UK,2.0,-8.0,1.3,61.2,Partly Cloudy
2021-02-09,Tokyo,Japan,-5.5,-11.3,0.6,99,Snow
2021-02-09,Sydney,Australia,29.5,18.7,0.0,32.1,Sunny
2021-02-09,Cairo,Egypt,9.5,0.9,0.0,50.0,Light Rain
2021-02-10,New York,USA,-1.4,-16.8,0.1,33.5,Overcast
2021-02-10,London,UK,1.6,-2.7,5.5,52.1,Snowfall
2021-02-10,Tokyo,Japan,-3.9,-11.5,0.1,99,Sunny
2021-02-10,Sydney,Australia,28.7,18.6,0.9,22.1,Sunny
2021-02-10,Cairo,Egypt,9.4,-2.1,0.0,51.8,Partly Cloudy
2021-02-11,New York,USA,-2.6,-16.7,0.1,62.7,Drizzle
2021-02-11,London,UK,3.5,-3.4,0.3,75.5,Snow
2021-02-11,Tokyo,Japan,-4.9,-11.2,0.2,35.5,Snow
2021-02-11,Sydney,Australia,30.9,18.8,2.4,43.3,Sunny
2021-02-11,Cairo,Egypt,9.1,0.7,0.5,58.3,Partly Cloudy
2021-02-12,New York,USA,-4.3,-10.7,0.0,55.4,Snow
2021-02-12,London,UK,7.5,-2.8,0.2,66.2,Drizzle
2021-02-12,Tokyo,Japan,0.9,-9.6,0.2,81.1,Partly Cloudy
2021-02-12,Sydney,Australia,32.0,18.9,1.6,42.4,Sunny
2021-02-12,Cairo,Egypt,7.5,4.6,0.0,98.8,Cloudy
2021-02-13,New York,USA,-8.0,-12.2,0.4,73.6,Cloudy
2021-02-13,London,UK,0.0,-3.4,0.2,99,Overcast
2021-02-13,Tokyo,Japan,-4.8,-8.3,3.7,68.2,Cloudy
2021-02-13,Sydney,Australia,27.5,19.1,0.1,80.8,Light Rain
2021-02-13,Cairo,Egypt,6.9,0.4,0.2,70.9,Sunny
2021-02-14,New York,USA,-4.0,-12.9,0.0,66.8,Sunny
2021-02-14,London,UK,3.9,-6.5,0.2,64.9,Drizzle
2021-02-14,Tokyo,Japan,-0.8,-8.7,0.5,56.2,Snow
2021-02-14,Sydney,Australia,29.1,20.2,0.4,66.9,Partly Cloudy
2021-02-14,Cairo,Egypt,10.9,3.7,0.3,59.3,Cloudy
2021-02-15,New York,USA,-6.2,-15.0,8.9,88.4,Snowfall
2021-02-15,London,UK,3.0,-3.2,0.1,59.2,Cloudy
2021-02-15,Tokyo,Japan,1.1,-4.9,37.6,39.2,Snowfall
2021-02-15,Sydney,Australia,22.8,18.6,0.0,20,Sunny
2021-02-15,Cairo,Egypt,10.5,1.7,0.0,81.0,Sunny
2021-02-16,New York,USA,-7.8,-13.2,0.1,59.3,Overcast
2021-02-16,London,UK,2.6,-1.3,1.0,65.5,Partly Cloudy
2021-02-16,Tokyo,Japan,1.9,-8.4,0.0,58.6,Partly Cloudy
2021-02-16,Sydney,Australia,25.8,18.6,0.1,30.4,Light Rain
2021-02-16,Cairo,Egypt,10.6,3.4,0.0,41.6,Light Rain
2021-02-17,New York,USA,-4.5,-16.0,0.3,54.6,Partly Cloudy
2021-02-17,London,UK,2.7,-6.3,0.8,71.1,Drizzle
2021-02-17,Tokyo,Japan,0.2,-8.1,3.0,64.6,Overcast
2021-02-17,Sydney,Australia,28.1,21.0,0.3,43.9,Partly Cloudy
2021-02-17,Cairo,Egypt,10.4,1.2,0.7,54.3,Clear
2021-02-18,New York,USA,-5.9,-14.4,0.8,46.9,Sunny
2021-02-18,London,UK,4.5,-5.1,0.2,68.2,Overcast
2021-02-18,Tokyo,Japan,2.1,-9.1,0.6,62.5,Snow
2021-02-18,Sydney,Australia,27.4,14.8,1.1,63.9,Sunny
2021-02-18,Cairo,Egypt,8.0,-0.2,0.4,24.1,Partly Cloudy
2021-02-19,New York,USA,-3.9,-12.0,1.9,34.1,Sunny
2021-02-19,London,UK,7.2,-5.1,0.1,53.0,Cloudy
2021-02-19,Tokyo,Japan,-0.6,-6.6,0.1,72.1,Partly Cloudy
2021-02-19,Sydney,Australia,28.1,16.0,0.2,48.9,Hazy
2021-02-19,Cairo,Egypt,9.7,1.6,0.0,85.2,Light Rain
2021-02-20,New York,USA,-3.0,-10.0,6.4,88.0,Snowfall
2021-02-20,London,UK,4.0,-2.8,1.2,99,Drizzle
2021-02-20,Tokyo,Japan,2.0,-7.8,0.2,94.1,Partly Cloudy
2021-02-20,Sydney,Australia,28.8,16.5,0.3,37.3,Sunny
2021-02-20,Cairo,Egypt,9.4,1.1,0.0,55.8,Light Rain
2021-02-21,New York,USA,-0.9,-11.4,0.1,86.4,Overcast
2021-02-21,London,UK,5.1,-2.9,0.9,80.5,Cloudy
2021-02-21,Tokyo,Japan,2.0,-6.4,0.2,31.7,Sunny
2021-02-21,Sydney,Australia,24.4,17.1,0.0,73.7,Partly Cloudy
2021-02-21,Cairo,Egypt,10.4,5.9,0.0,49.9,Sunny
2021-02-22,New York,USA,-2.2,-10.3,0.4,63.9,Partly Cloudy
2021-02-22,London,UK,4.8,-3.3,0.2,71.8,Sunny
2021-02-22,Tokyo,Japan,0.8,-7.1,0.7,52.8,Sunny
2021-02-22,Sydney,Australia,28.1,17.0,0.5,44.1,Sunny
2021-02-22,Cairo,Egypt,15.2,2.0,0.0,64.7,Partly Cloudy
2021-02-23,New York,USA,-4.5,-8.0,0.2,59.6,Partly Cloudy
2021-02-23,London,UK,0.5,-5.7,0.1,25.5,Cloudy
2021-02-23,Tokyo,Japan,6.4,-6.5,6.0,75.6,Heavy Rain
2021-02-23,Sydney,Australia,22.4,19.7,0.1,38.7,Clear
2021-02-23,Cairo,Egypt,11.5,1.0,0.0,99,Partly Cloudy
2021-02-24,New York,USA,-0.4,-13.7,0.0,52.5,Snow
2021-02-24,London,UK,5.5,-4.4,0.4,73.8,Sunny
2021-02-24,Tokyo,Japan,-1.2,-8.2,0.3,71.0,Cloudy
2021-02-24,Sydney,Australia,24.1,16.6,0.5,62.6,Partly Cloudy
2021-02-24,Cairo,Egypt,13.0,-1.3,0.1,20,Light Rain
2021-02-25,New York,USA,1.9,-12.1,0.2,39.2,Cloudy
2021-02-25,London,UK,4.0,-1.3,0.0,48.3,Snow
2021-02-25,Tokyo,Japan,4.4,-5.6,2.1,67.4,Cloudy
2021-02-25,Sydney,Australia,27.1,17.6,0.1,75.3,Light Rain
2021-02-25,Cairo,Egypt,9.8,4.0,1.6,91.9,Partly Cloudy
2021-02-26,New York,USA,-3.3,-13.4,1.1,75.1,Sunny
2021-02-26,London,UK,4.7,-1.2,0.2,58.8,Drizzle
2021-02-26,Tokyo,Japan,1.6,-8.4,0.1,53.2,Snow
2021-02-26,Sydney,Australia,26.5,19.8,1.7,39.8,Partly Cloudy
2021-02-26,Cairo,Egypt,11.1,4.8,0.1,53.2,Sunny
2021-02-27,New York,USA,-1.3,-10.7,0.3,52.7,Cloudy
2021-02-27,London,UK,6.2,-3.6,0.0,46.5,Sunny
2021-02-27,Tokyo,Japan,-0.8,-5.1,1.7,79.6,Drizzle
2021-02-27,Sydney,Australia,25.2,18.4,0.4,65.5,Partly Cloudy
2021-02-27,Cairo,Egypt,9.7,5.7,0.0,58.6,Clear
2021-02-28,New York,USA,4.3,-7.9,0.1,55.5,Drizzle
2021-02-28,London,UK,5.3,0.5,1.4,41.6,Partly Cloudy
2021-02-28,Tokyo,Japan,1.1,-2.8,0.0,47.6,Sunny
2021-02-28,Sydney,Australia,27.4,20.8,0.0,62.0,Sunny
2021-02-28,Cairo,Egypt,14.1,3.6,0.3,32.0,Clear
2021-03-01,New York,USA,-2.3,-10.0,3.7,85.5,Drizzle
2021-03-01,London,UK,4.5,-3.6,0.0,69.9,Overcast
2021-03-01,Tokyo,Japan,0.1,-7.9,0.7,65.9,Partly Cloudy
2021-03-01,Sydney,Australia,25.1,17.3,3.4,37.6,Sunny
2021-03-01,Cairo,Egypt,12.0,2.9,0.0,76.5,Light Rain
2021-03-02,New York,USA,-3.0,-8.4,0.0,68.7,Cloudy
2021-03-02,London,UK,4.4,-1.2,0.1,52.7,Cloudy
2021-03-02,Tokyo,Japan,8.8,-7.5,0.1,58.4,Cloudy
2021-03-02,Sydney,Australia,27.1,16.7,0.1,47.4,Partly Cloudy
2021-03-02,Cairo,Egypt,9.2,4.5,0.3,74.5,Cloudy
2021-03-03,New York,USA,1.5,-7.7,3.2,65.4,Snow
2021-03-03,London,UK,6.6,-1.3,1.0,54.1,Snow
2021-03-03,Tokyo,Japan,7.0,-6.2,0.2,58.9,Cloudy
2021-03-03,Sydney,Australia,22.8,18.4,0.0,96.0,Clear
2021-03-03,Cairo,Egypt,11.7,1.7,0.0,82.0,Cloudy
2021-03-04,New York,USA,-3.8,-11.4,0.8,37.8,Overcast
2021-03-04,London,UK,9.0,-2.5,2.3,61.9,Light Rain
2021-03-04,Tokyo,Japan,3.1,-4.7,0.9,69.8,Overcast
2021-03-04,Sydney,Australia,25.0,16.9,0.5,67.4,Light Rain
2021-03-04,Cairo,Egypt,13.8,6.8,0.1,64.7,Clear
2021-03-05,New York,USA,-0.7,-9.3,0.3,50.7,Cloudy
2021-03-05,London,UK,8.3,-4.8,0.1,66.7,Light Rain
2021-03-05,Tokyo,Japan,4.6,-6.0,0.3,75.2,Overcast
2021-03-05,Sydney,Australia,25.3,18.0,0.3,58.0,Partly Cloudy
2021-03-05,Cairo,Egypt,11.8,4.0,0.0,90.1,Partly Cloudy
2021-03-06,New York,USA,-1.3,-8.6,0.1,20.1,Partly Cloudy
2021-03-06,London,UK,7.0,-0.8,0.2,58.4,Snow
2021-03-06,Tokyo,Japan,2.6,-5.2,0.0,88.5,Sunny
2021-03-06,Sydney,Australia,23.3,15.7,0.1,74.8,Light Rain
2021-03-06,Cairo,Egypt,15.5,5.4,0.1,23.6,Partly Cloudy
2021-03-07,New York,USA,-3.0,-9.2,0.5,62.5,Cloudy
2021-03-07,London,UK,4.4,0.2,0.2,94.9,Sunny
2021-03-07,Tokyo,Japan,5.9,-2.8,0.0,56.2,Overcast
2021-03-07,Sydney,Australia,21.1,17.8,0.0,20,Clear
2021-03-07,Cairo,Egypt,13.7,11.5,0.2,66.6,Cloudy
2021-03-08,New York,USA,-1.1,-8.2,0.0,55.2,Snow
2021-03-08,London,UK,5.4,-3.7,1.2,41.5,Cloudy
2021-03-08,Tokyo,Japan,6.7,-5.7,0.1,78.0,Snow
2021-03-08,Sydney,Australia,20.3,18.3,0.0,50.0,Light Rain
2021-03-08,Cairo,Egypt,13.6,7.1,0.7,69.5,Sunny
2021-03-09,New York,USA,1.0,-5.9,0.1,66.8,Overcast
2021-03-09,London,UK,8.2,1.4,0.7,64.1,Partly Cloudy
2021-03-09,Tokyo,Japan,6.1,-5.2,0.1,93.0,Cloudy
2021-03-09,Sydney,Australia,21.7,17.2,0.0,36.8,Partly Cloudy
2021-03-09,Cairo,Egypt,16.4,4.0,0.3,39.0,Clear
2021-03-10,New York,USA,-0.1,-7.7,2.0,79.7,Snow
2021-03-10,London,UK,9.8,-1.5,0.5,71.2,Partly Cloudy
2021-03-10,Tokyo,Japan,5.6,-2.5,0.1,52.6,Snow
2021-03-10,Sydney,Australia,21.8,18.6,0.1,99,Sunny
2021-03-10,Cairo,Egypt,14.6,5.7,0.1,61.8,Cloudy
2021-03-11,New York,USA,3.7,-7.0,0.7,68.9,Snow
2021-03-11,London,UK,10.7,1.0,0.8,29.7,Partly Cloudy
2021-03-11,Tokyo,Japan,9.8,-5.2,0.3,36.1,Sunny
2021-03-11,Sydney,Australia,25.3,14.6,0.5,49.4,Clear
2021-03-11,Cairo,Egypt,18.1,7.3,0.0,39.1,Sunny
2021-03-12,New York,USA,1.6,-8.2,0.4,63.6,Drizzle
2021-03-12,London,UK,8.6,-2.5,0.2,54.3,Cloudy
2021-03-12,Tokyo,Japan,2.0,-3.6,0.0,85.7,Sunny
2021-03-12,Sydney,Australia,23.9,17.1,0.2,54.0,Sunny
2021-03-12,Cairo,Egypt,13.4,7.0,0.0,50.6,Sunny
2021-03-13,New York,USA,0.0,-9.4,0.3,99.0,Overcast
2021-03-13,London,UK,4.8,-0.2,0.9,63.6,Sunny
2021-03-13,Tokyo,Japan,5.3,-1.2,5.6,59.6,Heavy Rain
2021-03-13,Sydney,Australia,26.2,17.0,0.0,78.3,Cloudy
2021-03-13,Cairo,Egypt,16.5,5.5,0.2,44.7,Clear
2021-03-14,New York,USA,4.7,-6.5,0.0,37.1,Snow
2021-03-14,London,UK,10.0,0.2,0.1,46.6,Sunny
2021-03-14,Tokyo,Japan,5.7,-2.3,0.1,69.1,Sunny
2021-03-14,Sydney,Australia,25.6,13.7,0.2,34.1,Partly Cloudy
2021-03-14,Cairo,Egypt,19.6,9.1,0.0,65.1,Clear
2021-03-15,New York,USA,0.4,-4.4,2.0,48.2,Drizzle
2021-03-15,London,UK,8.8,0.2,0.4,62.9,Cloudy
2021-03-15,Tokyo,Japan,2.6,-0.4,0.7,60.3,Partly Cloudy
2021-03-15,Sydney,Australia,19.8,15.5,0.0,66.8,Partly Cloudy
2021-03-15,Cairo,Egypt,18.7,9.2,0.1,42.1,Sunny
2021-03-16,New York,USA,1.1,-6.2,0.0,82.6,Overcast
2021-03-16,London,UK,12.6,-0.8,2.2,33.5,Clear
2021-03-16,Tokyo,Japan,10.0,-2.2,0.1,75.0,Sunny
2021-03-16,Sydney,Australia,23.9,16.1,0.5,75.9,Partly Cloudy
2021-03-16,Cairo,Egypt,17.2,8.2,0.3,61.9,Cloudy
2021-03-17,New York,USA,-1.7,-5.9,0.3,63.3,Snow
2021-03-17,London,UK,7.7,0.4,0.1,66.7,Cloudy
2021-03-17,Tokyo,Japan,10.6,-2.2,0.8,75.3,Light Rain
2021-03-17,Sydney,Australia,21.7,19.3,2.6,65.8,Light Rain
2021-03-17,Cairo,Egypt,16.9,7.9,0.0,69.9,Partly Cloudy
2021-03-18,New York,USA,-4.3,-6.8,1.3,83.6,Snow
2021-03-18,London,UK,10.0,-4.0,19.3,73.0,Heavy Rain
2021-03-18,Tokyo,Japan,3.5,-1.4,1.0,63.0,Snow
2021-03-18,Sydney,Australia,18.8,10.6,1.5,64.3,Partly Cloudy
2021-03-18,Cairo,Egypt,17.3,11.1,0.0,62.7,Partly Cloudy
2021-03-19,New York,USA,-2.3,-10.6,0.3,80.5,Snow
2021-03-19,London,UK,6.6,0.6,0.1,29.5,Cloudy
2021-03-19,Tokyo,Japan,7.9,-2.3,0.1,91.6,Sunny
2021-03-19,Sydney,Australia,25.8,14.4,0.8,64.0,Sunny
2021-03-19,Cairo,Egypt,17.4,10.7,0.0,68.3,Cloudy
2021-03-20,New York,USA,6.1,-5.6,0.2,64.6,Overcast
2021-03-20,London,UK,9.5,1.3,1.1,77.9,Cloudy
2021-03-20,Tokyo,Japan,7.0,3.7,0.4,76.3,Cloudy
2021-03-20,Sydney,Australia,22.9,16.9,0.1,48.6,Clear
2021-03-20,Cairo,Egypt,14.3,10.0,0.0,54.9,Light Rain
2021-03-21,New York,USA,2.3,-2.7,0.1,75.6,Partly Cloudy
2021-03-21,London,UK,10.4,1.1,0.2,56.8,Cloudy
2021-03-21,Tokyo,Japan,7.3,0.6,0.1,66.3,Drizzle
2021-03-21,Sydney,Australia,23.4,15.6,0.2,56.1,Sunny
2021-03-21,Cairo,Egypt,13.3,11.3,0.1,99,Partly Cloudy
2021-03-22,New York,USA,1.8,-7.5,0.0,47.7,Sunny
2021-03-22,London,UK,9.2,3.8,0.0,41.4,Clear
2021-03-22,Tokyo,Japan,5.2,-1.6,0.0,38.3,Sunny
2021-03-22,Sydney,Australia,22.1,16.6,0.4,51.9,Cloudy
2021-03-22,Cairo,Egypt,15.4,11.7,0.1,61.4,Cloudy
2021-03-23,New York,USA,0.4,-3.7,0.0,39.0,Overcast
2021-03-23,London,UK,10.6,1.3,0.1,20,Sunny
2021-03-23,Tokyo,Japan,7.5,-0.7,0.1,72.3,Overcast
2021-03-23,Sydney,Australia,19.2,13.9,0.9,33.8,Light Rain
2021-03-23,Cairo,Egypt,18.1,10.0,0.3,33.9,Clear
2021-03-24,New York,USA,7.1,-2.7,0.0,85.0,Overcast
2021-03-24,London,UK,12.3,-2.1,0.3,50.7,Sunny
2021-03-24,Tokyo,Japan,9.7,-2.8,0.9,83.6,Clear
2021-03-24,Sydney,Australia,25.6,11.1,0.1,20.9,Light Rain
2021-03-24,Cairo,Egypt,14.5,10.1,0.0,35.5,Light Rain
2021-03-25,New York,USA,8.0,-3.7,0.1,78.9,Partly Cloudy
2021-03-25,London,UK,9.1,1.6,0.2,87.4,Clear
2021-03-25,Tokyo,Japan,9.6,-0.3,0.5,99,Partly Cloudy
2021-03-25,Sydney,Australia,19.5,13.5,0.5,65.8,Sunny
2021-03-25,Cairo,Egypt,17.1,12.6,0.0,68.0,Cloudy
2021-03-26,New York,USA,4.7,-5.4,0.1,59.1,Snow
2021-03-26,London,UK,5.6,-2.4,0.0,70.1,Snow
2021-03-26,Tokyo,Japan,10.6,-3.7,12.5,43.9,Heavy Rain
2021-03-26,Sydney,Australia,23.1,10.6,0.1,63.8,Partly Cloudy
2021-03-26,Cairo,Egypt,19.5,11.7,1.0,42.4,Sunny
2021-03-27,New York,USA,6.0,-0.2,0.2,56.4,Snow
2021-03-27,London,UK,11.1,0.5,0.1,75.3,Clear
2021-03-27,Tokyo,Japan,4.7,-1.9,5.7,86.4,Snowfall
2021-03-27,Sydney,Australia,21.9,14.4,0.0,54.2,Clear
2021-03-27,Cairo,Egypt,19.5,6.9,0.0,87.8,Cloudy
2021-03-28,New York,USA,8.7,-4.5,0.1,34.4,Clear
2021-03-28,London,UK,9.3,-0.2,0.3,99,Light Rain
2021-03-28,Tokyo,Japan,8.9,0.3,2.5,46.4,Clear
2021-03-28,Sydney,Australia,18.7,12.1,0.0,59.5,Clear
2021-03-28,Cairo,Egypt,20.9,14.3,0.0,57.3,Sunny
2021-03-29,New York,USA,9.4,-1.3,0.5,52.3,Clear
2021-03-29,London,UK,14.6,1.7,0.3,70.8,Light Rain
2021-03-29,Tokyo,Japan,9.1,3.2,8.1,62.6,Heavy Rain
2021-03-29,Sydney,Australia,23.7,17.3,0.4,81.7,Cloudy
2021-03-29,Cairo,Egypt,18.6,10.4,0.2,41.2,Cloudy
2021-03-30,New York,USA,3.9,-1.4,0.8,75.4,Partly Cloudy
2021-03-30,London,UK,5.3,-1.6,3.4,52.8,Snow
2021-03-30,Tokyo,Japan,6.4,-0.4,0.2,63.1,Drizzle
2021-03-30,Sydney,Australia,23.6,10.5,0.1,69.4,Sunny
2021-03-30,Cairo,Egypt,18.4,10.6,0.0,77.8,Clear
2021-03-31,New York,USA,9.2,-4.0,0.0,73.5,Partly Cloudy
2021-03-31,London,UK,7.5,1.0,1.1,52.5,Cloudy
2021-03-31,Tokyo,Japan,9.6,6.1,3.6,99,Cloudy
2021-03-31,Sydney,Australia,17.0,15.0,0.1,40.3,Light Rain
2021-03-31,Cairo,Egypt,19.9,8.8,0.1,72.6,Clear
2021-04-01,New York,USA,6.4,-2.4,0.5,76.3,Partly Cloudy
2021-04-01,London,UK,10.3,1.8,0.6,27.3,Clear
2021-04-01,Tokyo,Japan,9.3,4.1,1.0,73.5,Clear
2021-04-01,Sydney,Australia,18.2,10.9,0.5,92.2,Sunny
2021-04-01,Cairo,Egypt,17.1,11.6,0.0,57.2,Sunny
2021-04-02,New York,USA,2.1,-3.7,0.9,24.2,Sunny
2021-04-02,London,UK,11.6,4.8,0.2,48.2,Sunny
2021-04-02,Tokyo,Japan,7.4,0.0,0.9,59.1,Drizzle
2021-04-02,Sydney,Australia,21.2,10.8,2.0,68.6,Clear
2021-04-02,Cairo,Egypt,18.6,15.1,0.0,68.2,Clear
2021-04-03,New York,USA,6.1,-2.4,0.0,55.6,Sunny
2021-04-03,London,UK,9.2,0.5,4.5,99,Clear
2021-04-03,Tokyo,Japan,11.5,-1.7,4.5,99,Cloudy
2021-04-03,Sydney,Australia,18.4,13.2,0.0,85.9,Clear
2021-04-03,Cairo,Egypt,22.3,8.2,0.0,50.0,Cloudy
2021-04-04,New York,USA,8.7,-1.7,0.3,63.8,Cloudy
2021-04-04,London,UK,10.3,2.9,3.2,84.0,Cloudy
2021-04-04,Tokyo,Japan,10.1,1.4,0.1,68.9,Sunny
2021-04-04,Sydney,Australia,17.5,12.1,0.5,78.1,Clear
2021-04-04,Cairo,Egypt,21.6,11.0,0.0,43.9,Light Rain
2021-04-05,New York,USA,7.7,1.3,0.3,72.7,Drizzle
2021-04-05,London,UK,15.0,2.7,1.4,53.1,Partly Cloudy
2021-04-05,Tokyo,Japan,14.0,1.8,0.4,65.0,Clear
2021-04-05,Sydney,Australia,17.3,9.5,2.0,65.8,Light Rain
2021-04-05,Cairo,Egypt,21.1,13.1,0.1,57.6,Sunny
2021-04-06,New York,USA,7.6,1.0,0.0,77.7,Partly Cloudy
2021-04-06,London,UK,13.1,3.5,0.7,70.9,Partly Cloudy
2021-04-06,Tokyo,Japan,8.2,0.4,0.1,84.5,Sunny
2021-04-06,Sydney,Australia,18.8,13.8,0.8,31.3,Cloudy
2021-04-06,Cairo,Egypt,26.7,13.0,0.0,71.5,Clear
2021-04-07,New York,USA,7.3,-2.5,0.9,42.9,Partly Cloudy
2021-04-07,London,UK,10.1,7.3,0.2,85.4,Partly Cloudy
2021-04-07,Tokyo,Japan,12.7,2.3,0.1,99,Light Rain
2021-04-07,Sydney,Australia,20.9,15.6,0.1,48.1,Light Rain
2021-04-07,Cairo,Egypt,17.5,10.8,0.1,75.2,Sunny
2021-04-08,New York,USA,8.0,1.9,0.0,71.4,Partly Cloudy
2021-04-08,London,UK,5.3,0.9,0.8,57.0,Partly Cloudy
2021-04-08,Tokyo,Japan,11.0,3.0,0.9,44.6,Light Rain
2021-04-08,Sydney,Australia,19.1,12.6,0.2,99,Cloudy
2021-04-08,Cairo,Egypt,20.7,16.2,0.0,53.2,Partly Cloudy
2021-04-09,New York,USA,4.8,2.1,0.2,74.6,Partly Cloudy
2021-04-09,London,UK,9.5,4.5,30.0,80.9,Heavy Rain
2021-04-09,Tokyo,Japan,8.4,6.4,1.0,78.8,Partly Cloudy
2021-04-09,Sydney,Australia,15.7,8.6,0.0,79.2,Cloudy
2021-04-09,Cairo,Egypt,22.1,13.7,0.0,62.4,Sunny
2021-04-10,New York,USA,8.0,-0.3,0.2,99,Cloudy
2021-04-10,London,UK,14.8,5.7,1.6,78.4,Sunny
2021-04-10,Tokyo,Japan,10.5,4.0,0.1,35.0,Light Rain
2021-04-10,Sydney,Australia,17.2,9.7,2.3,66.9,Light Rain
2021-04-10,Cairo,Egypt,18.7,10.8,0.1,42.6,Partly Cloudy
2021-04-11,New York,USA,4.4,-2.7,3.1,39.1,Partly Cloudy
2021-04-11,London,UK,9.2,3.1,0.1,44.6,Light Rain
2021-04-11,Tokyo,Japan,10.4,2.1,0.9,33.8,Light Rain
2021-04-11,Sydney,Australia,17.8,12.9,0.3,62.1,Clear
2021-04-11,Cairo,Egypt,21.6,12.2,0.1,66.3,Clear
2021-04-12,New York,USA,9.7,-5.4,0.0,52.7,Clear
2021-04-12,London,UK,14.6,4.7,1.4,55.7,Cloudy
2021-04-12,Tokyo,Japan,11.5,9.1,0.0,72.5,Sunny
2021-04-12,Sydney,Australia,14.6,12.6,0.5,59.7,Cloudy
2021-04-12,Cairo,Egypt,22.1,14.2,0.0,38.0,Cloudy
2021-04-13,New York,USA,10.2,-0.1,0.1,71.1,Sunny
2021-04-13,London,UK,8.3,3.1,0.4,62.6,Light Rain
2021-04-13,Tokyo,Japan,9.9,3.8,0.6,58.8,Cloudy
2021-04-13,Sydney,Australia,18.6,7.7,0.9,37.1,Sunny
2021-04-13,Cairo,Egypt,24.2,10.7,0.1,20,Cloudy
2021-04-14,New York,USA,5.1,2.4,0.7,68.0,Partly Cloudy
2021-04-14,London,UK,15.4,1.8,1.7,86.8,Sunny
2021-04-14,Tokyo,Japan,16.4,3.7,0.1,64.6,Partly Cloudy
2021-04-14,Sydney,Australia,17.6,12.0,0.1,62.0,Sunny
2021-04-14,Cairo,Egypt,19.5,15.5,0.1,20,Cloudy
2021-04-15,New York,USA,11.0,1.5,0.0,30.6,Sunny
2021-04-15,London,UK,14.0,5.1,0.3,38.3,Cloudy
2021-04-15,Tokyo,Japan,13.9,5.0,0.7,84.4,Partly Cloudy
2021-04-15,Sydney,Australia,16.5,10.7,2.9,34.4,Partly Cloudy
2021-04-15,Cairo,Egypt,25.8,16.3,0.2,47.4,Clear
2021-04-16,New York,USA,10.1,1.4,0.3,75.3,Cloudy
2021-04-16,London,UK,14.6,7.0,0.1,86.7,Sunny
2021-04-16,Tokyo,Japan,12.5,3.5,0.2,55.4,Clear
2021-04-16,Sydney,Australia,18.0,10.5,0.4,82.5,Cloudy
2021-04-16,Cairo,Egypt,19.8,11.1,0.0,64.5,Cloudy
2021-04-17,New York,USA,6.7,0.7,0.0,37.9,Drizzle
2021-04-17,London,UK,13.2,4.0,1.0,76.5,Clear
2021-04-17,Tokyo,Japan,14.3,7.7,0.5,62.1,Sunny
2021-04-17,Sydney,Australia,18.5,12.6,0.5,78.8,Partly Cloudy
2021-04-17,Cairo,Egypt,21.7,15.8,0.0,23.4,Sunny
2021-04-18,New York,USA,9.1,2.1,0.7,57.6,Partly Cloudy
2021-04-18,London,UK,12.2,3.6,0.6,67.8,Sunny
2021-04-18,Tokyo,Japan,13.0,5.2,0.0,25.9,Clear
2021-04-18,Sydney,Australia,18.3,10.2,0.1,55.1,Cloudy
2021-04-18,Cairo,Egypt,26.1,14.1,0.1,67.5,Partly Cloudy
2021-04-19,New York,USA,7.1,-0.3,0.0,62.7,Sunny
2021-04-19,London,UK,12.9,5.9,28.3,46.7,Heavy Rain
2021-04-19,Tokyo,Japan,14.1,4.3,2.0,35.0,Clear
2021-04-19,Sydney,Australia,21.0,11.3,0.4,84.1,Cloudy
2021-04-19,Cairo,Egypt,22.3,15.1,0.3,30.6,Light Rain
2021-04-20,New York,USA,6.4,-1.0,0.3,99,Sunny
2021-04-20,London,UK,10.9,5.6,1.1,22.3,Partly Cloudy
2021-04-20,Tokyo,Japan,19.5,4.0,0.2,59.7,Partly Cloudy
2021-04-20,Sydney,Australia,18.4,10.3,3.1,49.8,Cloudy
2021-04-20,Cairo,Egypt,21.1,19.0,0.1,47.0,Sunny
2021-04-21,New York,USA,7.6,4.0,0.4,42.9,Cloudy
2021-04-21,London,UK,11.1,5.6,0.2,71.1,Light Rain
2021-04-21,Tokyo,Japan,15.9,7.5,0.4,68.7,Partly Cloudy
2021-04-21,Sydney,Australia,11.7,9.7,0.3,94.4,Partly Cloudy
2021-04-21,Cairo,Egypt,21.0,17.0,0.0,77.8,Light Rain
2021-04-22,New York,USA,8.5,1.3,0.1,91.9,Partly Cloudy
2021-04-22,London,UK,14.5,4.7,1.1,54.1,Cloudy
2021-04-22,Tokyo,Japan,12.6,6.6,0.5,42.8,Partly Cloudy
2021-04-22,Sydney,Australia,16.3,9.5,9.4,64.9,Heavy Rain
2021-04-22,Cairo,Egypt,18.8,16.8,0.5,42.8,Clear
2021-04-23,New York,USA,8.1,2.6,0.2,89.7,Clear
2021-04-23,London,UK,19.9,6.2,1.9,56.5,Light Rain
2021-04-23,Tokyo,Japan,14.5,6.0,0.0,52.8,Clear
2021-04-23,Sydney,Australia,16.9,10.9,0.5,60.7,Clear
2021-04-23,Cairo,Egypt,24.7,13.3,0.0,71.1,Light Rain
2021-04-24,New York,USA,9.2,5.3,0.1,82.9,Light Rain
2021-04-24,London,UK,15.8,2.7,0.0,85.1,Clear
2021-04-24,Tokyo,Japan,16.4,3.0,0.7,88.4,Clear
2021-04-24,Sydney,Australia,16.9,10.4,0.0,55.9,Sunny
2021-04-24,Cairo,Egypt,25.1,17.6,0.0,83.9,Clear
2021-04-25,New York,USA,7.9,3.2,0.2,76.6,Partly Cloudy
2021-04-25,London,UK,11.8,4.6,0.2,32.4,Sunny
2021-04-25,Tokyo,Japan,15.9,5.7,0.0,81.7,Light Rain
2021-04-25,Sydney,Australia,16.2,9.0,0.2,64.8,Cloudy
2021-04-25,Cairo,Egypt,21.3,16.0,0.0,66.2,Cloudy
2021-04-26,New York,USA,15.4,1.8,0.1,76.1,Partly Cloudy
2021-04-26,London,UK,10.3,5.5,0.1,61.2,Sunny
2021-04-26,Tokyo,Japan,12.9,7.1,0.4,62.0,Clear
2021-04-26,Sydney,Australia,13.7,6.3,0.4,37.3,Partly Cloudy
2021-04-26,Cairo,Egypt,25.5,15.9,0.0,20,Partly Cloudy
2021-04-27,New York,USA,11.2,1.8,0.1,91.2,Clear
2021-04-27,London,UK,12.1,9.5,0.2,65.9,Clear
2021-04-27,Tokyo,Japan,18.5,7.5,0.0,58.9,Sunny
2021-04-27,Sydney,Australia,18.4,9.2,0.5,52.8,Partly Cloudy
2021-04-27,Cairo,Egypt,26.4,13.6,0.1,39.1,Light Rain
2021-04-28,New York,USA,10.6,7.8,1.0,72.2,Partly Cloudy
2021-04-28,London,UK,8.5,0.8,1.7,86.9,Clear
2021-04-28,Tokyo,Japan,16.5,3.8,0.1,91.3,Sunny
2021-04-28,Sydney,Australia,17.7,11.3,0.4,46.7,Clear
2021-04-28,Cairo,Egypt,26.1,18.7,0.0,35.2,Light Rain
2021-04-29,New York,USA,8.9,-0.4,0.3,98.6,Cloudy
2021-04-29,London,UK,17.6,4.8,0.2,56.2,Cloudy
2021-04-29,Tokyo,Japan,10.3,7.7,0.1,52.1,Clear
2021-04-29,Sydney,Australia,12.7,10.0,0.1,57.9,Clear
2021-04-29,Cairo,Egypt,24.2,18.4,0.0,76.6,Light Rain
2021-04-30,New York,USA,11.1,-0.4,0.9,58.2,Light Rain
2021-04-30,London,UK,17.0,3.0,0.2,41.8,Clear
2021-04-30,Tokyo,Japan,17.2,6.9,0.2,44.2,Cloudy
2021-04-30,Sydney,Australia,16.6,9.9,0.0,62.2,Sunny
2021-04-30,Cairo,Egypt,24.6,17.6,0.0,46.7,Sunny
2021-05-01,New York,USA,13.1,2.0,0.0,37.7,Clear
2021-05-01,London,UK,16.4,2.3,0.2,56.6,Cloudy
2021-05-01,Tokyo,Japan,18.4,5.9,21.4,69.5,Heavy Rain
2021-05-01,Sydney,Australia,16.5,10.0,0.0,20,Clear
2021-05-01,Cairo,Egypt,27.5,17.5,0.0,36.1,Partly Cloudy
2021-05-02,New York,USA,9.0,6.8,2.1,81.0,Clear
2021-05-02,London,UK,12.5,4.9,0.3,41.2,Partly Cloudy
2021-05-02,Tokyo,Japan,20.5,10.3,0.4,99,Clear
2021-05-02,Sydney,Australia,16.4,10.1,1.1,83.5,Partly Cloudy
2021-05-02,Cairo,Egypt,24.6,16.3,0.0,39.3,Sunny
2021-05-03,New York,USA,13.6,3.7,0.0,61.0,Partly Cloudy
2021-05-03,London,UK,15.5,4.2,29.3,67.0,Heavy Rain
2021-05-03,Tokyo,Japan,17.0,9.7,1.5,56.8,Sunny
2021-05-03,Sydney,Australia,16.3,2.4,0.0,50.2,Clear
2021-05-03,Cairo,Egypt,25.1,18.4,0.0,68.8,Light Rain
2021-05-04,New York,USA,16.8,3.2,0.0,57.3,Cloudy
2021-05-04,London,UK,17.9,2.6,1.8,52.2,Sunny
2021-05-04,Tokyo,Japan,13.8,8.3,0.4,62.9,Clear
2021-05-04,Sydney,Australia,17.8,8.4,2.5,65.4,Sunny
2021-05-04,Cairo,Egypt,24.0,19.2,4.5,57.2,Cloudy
2021-05-05,New York,USA,11.5,2.8,0.5,32.2,Cloudy
2021-05-05,London,UK,11.0,6.2,0.0,30.2,Sunny
2021-05-05,Tokyo,Japan,19.8,8.8,0.0,52.3,Partly Cloudy
2021-05-05,Sydney,Australia,16.2,7.7,4.4,65.2,Light Rain
2021-05-05,Cairo,Egypt,27.5,17.2,0.0,47.4,Cloudy
2021-05-06,New York,USA,14.2,5.6,0.1,67.7,Clear
2021-05-06,London,UK,11.0,6.0,3.5,74.8,Partly Cloudy
2021-05-06,Tokyo,Japan,16.9,8.5,0.0,94.6,Partly Cloudy
2021-05-06,Sydney,Australia,13.1,7.9,1.2,54.4,Partly Cloudy
2021-05-06,Cairo,Egypt,27.4,21.6,0.7,20,Partly Cloudy
2021-05-07,New York,USA,11.9,5.9,0.0,68.0,Sunny
2021-05-07,London,UK,16.5,7.4,0.4,74.9,Cloudy
2021-05-07,Tokyo,Japan,27.8,8.2,5.8,41.1,Heavy Rain
2021-05-07,Sydney,Australia,11.4,8.6,6.5,95.7,Heavy Rain
2021-05-07,Cairo,Egypt,28.1,19.2,0.0,66.5,Sunny
2021-05-08,New York,USA,15.2,6.9,0.2,22.4,Light Rain
2021-05-08,London,UK,15.5,6.3,0.1,63.4,Light Rain
2021-05-08,Tokyo,Japan,20.0,11.9,0.5,54.0,Cloudy
2021-05-08,Sydney,Australia,11.8,5.5,0.5,61.2,Cloudy
2021-05-08,Cairo,Egypt,26.9,17.8,0.7,44.8,Light Rain
2021-05-09,New York,USA,18.0,3.1,0.8,60.5,Partly Cloudy
2021-05-09,London,UK,15.7,7.7,3.5,54.5,Clear
2021-05-09,Tokyo,Japan,13.8,7.7,0.0,53.4,Light Rain
2021-05-09,Sydney,Australia,12.2,6.7,0.2,37.2,Cloudy
2021-05-09,Cairo,Egypt,25.9,19.2,0.0,51.6,Cloudy
2021-05-10,New York,USA,14.4,2.2,0.7,66.5,Sunny
2021-05-10,London,UK,17.0,9.2,2.0,66.0,Sunny
2021-05-10,Tokyo,Japan,13.0,11.0,1.1,99,Cloudy
2021-05-10,Sydney,Australia,17.1,6.0,0.5,24.9,Clear
2021-05-10,Cairo,Egypt,24.9,20.3,0.0,49.2,Cloudy
2021-05-11,New York,USA,16.4,2.0,0.1,59.6,Sunny
2021-05-11,London,UK,15.9,5.0,0.1,54.1,Light Rain
2021-05-11,Tokyo,Japan,18.9,10.7,2.0,31.7,Partly Cloudy
2021-05-11,Sydney,Australia,13.2,4.7,0.0,98.3,Partly Cloudy
2021-05-11,Cairo,Egypt,27.6,21.8,0.0,50.0,Partly Cloudy
2021-05-12,New York,USA,12.4,7.2,0.5,24.6,Sunny
2021-05-12,London,UK,16.8,7.8,0.1,86.0,Sunny
2021-05-12,Tokyo,Japan,18.5,13.4,0.4,59.0,Sunny
2021-05-12,Sydney,Australia,16.7,9.1,0.5,56.9,Sunny
2021-05-12,Cairo,Egypt,28.7,17.7,0.0,67.5,Hazy
2021-05-13,New York,USA,14.7,9.2,2.6,86.3,Light Rain
2021-05-13,London,UK,13.4,6.7,0.8,83.2,Partly Cloudy
2021-05-13,Tokyo,Japan,20.0,10.2,1.8,32.3,Clear
2021-05-13,Sydney,Australia,13.1,1.5,0.1,47.6,Light Rain
2021-05-13,Cairo,Egypt,27.7,19.7,0.0,45.2,Clear
2021-05-14,New York,USA,15.5,6.6,0.0,20.0,Partly Cloudy
2021-05-14,London,UK,13.2,6.8,2.0,42.0,Partly Cloudy
2021-05-14,Tokyo,Japan,18.4,10.6,2.0,41.6,Cloudy
2021-05-14,Sydney,Australia,13.0,8.1,0.2,75.0,Partly Cloudy
2021-05-14,Cairo,Egypt,26.9,18.6,0.1,55.7,Cloudy
2021-05-15,New York,USA,10.7,6.3,0.0,68.5,Light Rain
2021-05-15,London,UK,13.3,9.3,0.1,66.0,Cloudy
2021-05-15,Tokyo,Japan,15.6,8.7,0.0,87.0,Light Rain
2021-05-15,Sydney,Australia,13.9,4.2,0.2,49.1,Cloudy
2021-05-15,Cairo,Egypt,27.8,15.3,0.0,85.9,Clear
2021-05-16,New York,USA,15.8,6.8,0.4,76.9,Clear
2021-05-16,London,UK,14.5,6.2,0.0,71.5,Cloudy
2021-05-16,Tokyo,Japan,23.3,10.5,0.7,59.5,Sunny
2021-05-16,Sydney,Australia,12.9,9.6,0.4,91.6,Clear
2021-05-16,Cairo,Egypt,25.4,21.3,2.0,42.4,Cloudy
2021-05-17,New York,USA,13.2,6.8,0.4,41.2,Clear
2021-05-17,London,UK,19.0,9.6,0.6,34.3,Light Rain
2021-05-17,Tokyo,Japan,18.1,11.3,2.5,77.8,Cloudy
2021-05-17,Sydney,Australia,14.2,8.6,0.0,47.0,Cloudy
2021-05-17,Cairo,Egypt,26.5,21.4,0.1,81.1,Sunny
2021-05-18,New York,USA,9.2,7.199999999999999,0.0,27.3,Clear
2021-05-18,London,UK,15.7,11.0,1.7,81.1,Partly Cloudy
2021-05-18,Tokyo,Japan,20.4,11.6,0.2,50.0,Partly Cloudy
2021-05-18,Sydney,Australia,14.5,3.0,0.0,42.3,Clear
2021-05-18,Cairo,Egypt,28.3,20.3,0.0,75.2,Sunny
2021-05-19,New York,USA,14.1,7.9,0.0,88.9,Light Rain
2021-05-19,London,UK,11.2,9.2,3.9,50.7,Cloudy
2021-05-19,Tokyo,Japan,20.0,7.9,8.9,71.2,Heavy Rain
2021-05-19,Sydney,Australia,7.3,5.3,0.0,31.3,Sunny
2021-05-19,Cairo,Egypt,30.7,19.4,0.0,56.0,Hazy
2021-05-20,New York,USA,13.5,3.3,0.0,56.6,Sunny
2021-05-20,London,UK,12.8,6.9,0.4,46.0,Sunny
2021-05-20,Tokyo,Japan,19.6,9.0,2.5,41.3,Partly Cloudy
2021-05-20,Sydney,Australia,16.0,7.9,0.3,99,Clear
2021-05-20,Cairo,Egypt,28.9,18.7,0.0,48.1,Sunny
2021-05-21,New York,USA,14.2,8.5,0.2,57.1,Light Rain
2021-05-21,London,UK,17.4,5.0,0.1,77.3,Light Rain
2021-05-21,Tokyo,Japan,17.6,15.1,0.0,67.8,Cloudy
2021-05-21,Sydney,Australia,12.6,9.0,0.7,77.4,Cloudy
2021-05-21,Cairo,Egypt,33.3,21.6,0.1,89.5,Partly Cloudy
2021-05-22,New York,USA,19.3,6.2,0.3,31.1,Cloudy
2021-05-22,London,UK,16.5,4.7,1.1,39.3,Partly Cloudy
2021-05-22,Tokyo,Japan,17.5,9.7,0.0,46.8,Sunny
2021-05-22,Sydney,Australia,12.2,5.5,0.0,20.6,Sunny
2021-05-22,Cairo,Egypt,32.1,23.1,0.0,35.6,Sunny
2021-05-23,New York,USA,13.9,9.3,0.5,20,Clear
2021-05-23,London,UK,19.8,9.3,0.9,38.5,Sunny
2021-05-23,Tokyo,Japan,20.3,9.5,0.7,64.1,Cloudy
2021-05-23,Sydney,Australia,11.0,4.6,0.1,99,Cloudy
2021-05-23,Cairo,Egypt,32.4,20.4,0.3,68.3,Partly Cloudy
2021-05-24,New York,USA,12.4,5.9,0.0,65.5,Partly Cloudy
2021-05-24,London,UK,14.9,9.2,0.1,51.5,Clear
2021-05-24,Tokyo,Japan,19.8,11.3,3.6,40.7,Sunny
2021-05-24,Sydney,Australia,15.5,10.1,1.1,66.1,Partly Cloudy
2021-05-24,Cairo,Egypt,28.3,19.1,0.0,31.5,Sunny
2021-05-25,New York,USA,12.7,8.5,0.1,57.5,Light Rain
2021-05-25,London,UK,17.9,6.9,0.1,51.6,Partly Cloudy
2021-05-25,Tokyo,Japan,17.7,9.1,0.2,24.3,Cloudy
2021-05-25,Sydney,Australia,9.0,5.8,1.7,80.0,Partly Cloudy
2021-05-25,Cairo,Egypt,31.0,22.9,0.0,76.1,Partly Cloudy
2021-05-26,New York,USA,13.5,7.7,0.0,20,Clear
2021-05-26,London,UK,16.2,7.6,11.2,47.2,Heavy Rain
2021-05-26,Tokyo,Japan,15.7,11.4,0.1,39.4,Sunny
2021-05-26,Sydney,Australia,19.1,8.8,0.0,68.3,Partly Cloudy
2021-05-26,Cairo,Egypt,30.5,19.0,0.1,74.3,Hazy
2021-05-27,New York,USA,18.7,3.1,0.1,61.8,Clear
2021-05-27,London,UK,14.9,8.8,0.2,29.8,Light Rain
2021-05-27,Tokyo,Japan,20.2,12.6,0.1,71.5,Partly Cloudy
2021-05-27,Sydney,Australia,16.1,4.2,0.0,46.1,Cloudy
2021-05-27,Cairo,Egypt,26.5,21.0,0.8,61.3,Light Rain
2021-05-28,New York,USA,17.7,7.0,0.8,60.6,Cloudy
2021-05-28,London,UK,18.9,7.8,25.1,68.8,Heavy Rain
2021-05-28,Tokyo,Japan,18.8,8.9,2.2,91.7,Clear
2021-05-28,Sydney,Australia,20.4,5.4,0.4,51.0,Light Rain
2021-05-28,Cairo,Egypt,27.4,20.7,0.1,49.4,Clear
2021-05-29,New York,USA,15.6,6.1,0.3,35.3,Partly Cloudy
2021-05-29,London,UK,14.5,8.7,18.0,84.2,Heavy Rain
2021-05-29,Tokyo,Japan,18.7,7.9,0.0,35.2,Sunny
2021-05-29,Sydney,Australia,10.8,5.8,0.3,55.4,Partly Cloudy
2021-05-29,Cairo,Egypt,26.8,19.5,0.1,64.0,Partly Cloudy
2021-05-30,New York,USA,15.1,9.6,0.0,56.3,Light Rain
2021-05-30,London,UK,13.4,9.8,1.6,47.2,Partly Cloudy
2021-05-30,Tokyo,Japan,19.6,11.1,0.7,44.8,Sunny
2021-05-30,Sydney,Australia,16.5,4.7,0.2,47.0,Cloudy
2021-05-30,Cairo,Egypt,30.2,20.1,0.0,44.9,Sunny
2021-05-31,New York,USA,16.6,4.7,0.0,81.1,Partly Cloudy
2021-05-31,London,UK,21.4,10.0,0.1,47.8,Cloudy
2021-05-31,Tokyo,Japan,26.5,11.6,0.1,60.2,Sunny
2021-05-31,Sydney,Australia,11.1,8.3,0.1,81.7,Partly Cloudy
2021-05-31,Cairo,Egypt,28.1,20.4,0.0,83.6,Partly Cloudy
2021-06-01,New York,USA,13.4,9.0,0.6,59.2,Sunny
2021-06-01,London,UK,16.5,7.5,0.7,85.9,Sunny
2021-06-01,Tokyo,Japan,17.7,13.3,1.8,22.8,Sunny
2021-06-01,Sydney,Australia,11.3,5.3,0.7,67.6,Cloudy
2021-06-01,Cairo,Egypt,27.9,20.4,0.5,61.7,Sunny
2021-06-02,New York,USA,17.4,12.3,0.8,81.1,Clear
2021-06-02,London,UK,17.4,11.2,1.7,40.7,Partly Cloudy
2021-06-02,Tokyo,Japan,20.6,15.0,1.2,60.1,Clear
2021-06-02,Sydney,Australia,11.9,8.5,0.0,69.0,Clear
2021-06-02,Cairo,Egypt,30.2,20.1,0.0,54.9,Sunny
2021-06-03,New York,USA,17.6,4.0,0.1,54.5,Partly Cloudy
2021-06-03,London,UK,12.8,9.7,0.4,37.6,Clear
2021-06-03,Tokyo,Japan,21.5,13.0,0.7,55.4,Clear
2021-06-03,Sydney,Australia,17.0,4.1,0.0,31.7,Sunny
2021-06-03,Cairo,Egypt,31.9,21.3,0.0,20,Partly Cloudy
2021-06-04,New York,USA,16.6,12.0,10.5,99,Heavy Rain
2021-06-04,London,UK,18.7,5.7,0.8,48.5,Clear
2021-06-04,Tokyo,Japan,20.3,12.3,0.2,67.0,Cloudy
2021-06-04,Sydney,Australia,14.8,2.3,0.1,46.3,Clear
2021-06-04,Cairo,Egypt,32.6,23.2,0.1,27.5,Sunny
2021-06-05,New York,USA,16.6,8.8,0.5,57.7,Light Rain
2021-06-05,London,UK,16.0,9.7,0.0,75.9,Cloudy
2021-06-05,Tokyo,Japan,20.8,15.3,0.0,43.5,Partly Cloudy
2021-06-05,Sydney,Australia,8.8,6.2,0.0,22.2,Sunny
2021-06-05,Cairo,Egypt,28.2,22.8,0.0,29.2,Sunny
2021-06-06,New York,USA,11.4,5.9,0.3,60.0,Light Rain
2021-06-06,London,UK,17.7,10.7,2.3,55.1,Clear
2021-06-06,Tokyo,Japan,20.0,18.0,5.3,27.9,Heavy Rain
2021-06-06,Sydney,Australia,14.0,3.7,0.4,61.3,Sunny
2021-06-06,Cairo,Egypt,35.9,22.1,0.0,20,Sunny
2021-06-07,New York,USA,18.5,10.4,0.1,81.1,Partly Cloudy
2021-06-07,London,UK,16.3,10.4,2.4,56.8,Sunny
2021-06-07,Tokyo,Japan,19.2,12.6,0.5,95.1,Sunny
2021-06-07,Sydney,Australia,11.4,2.2,0.1,48.6,Light Rain
2021-06-07,Cairo,Egypt,29.8,20.7,0.2,57.0,Sunny
2021-06-08,New York,USA,18.6,8.6,2.2,74.1,Sunny
2021-06-08,London,UK,12.2,8.5,0.0,37.7,Light Rain
2021-06-08,Tokyo,Japan,23.7,12.4,0.3,74.2,Cloudy
2021-06-08,Sydney,Australia,11.8,4.1,0.0,69.6,Cloudy
2021-06-08,Cairo,Egypt,32.4,21.1,0.0,54.6,Sunny
2021-06-09,New York,USA,12.1,10.1,18.5,44.8,Heavy Rain
2021-06-09,London,UK,18.6,8.4,0.1,88.5,Clear
2021-06-09,Tokyo,Japan,27.3,17.7,2.1,51.5,Partly Cloudy
2021-06-09,Sydney,Australia,10.4,5.2,0.8,60.7,Light Rain
2021-06-09,Cairo,Egypt,35.6,21.2,0.0,56.8,Partly Cloudy
2021-06-10,New York,USA,19.4,9.5,0.0,86.4,Cloudy
2021-06-10,London,UK,17.9,7.6,0.1,64.6,Cloudy
2021-06-10,Tokyo,Japan,21.2,14.4,0.9,45.6,Clear
2021-06-10,Sydney,Australia,13.1,3.0,0.2,46.4,Cloudy
2021-06-10,Cairo,Egypt,29.7,22.9,0.0,52.7,Sunny
2021-06-11,New York,USA,19.1,6.8,0.4,55.9,Sunny
2021-06-11,London,UK,22.2,6.4,0.1,30.5,Partly Cloudy
2021-06-11,Tokyo,Japan,17.4,9.6,0.0,80.3,Cloudy
2021-06-11,Sydney,Australia,11.9,1.9,0.1,53.3,Partly Cloudy
2021-06-11,Cairo,Egypt,32.7,21.9,0.5,26.4,Partly Cloudy
2021-06-12,New York,USA,11.3,9.3,2.1,95.4,Light Rain
2021-06-12,London,UK,16.0,9.0,50.1,62.4,Heavy Rain
2021-06-12,Tokyo,Japan,15.1,11.0,5.3,23.5,Heavy Rain
2021-06-12,Sydney,Australia,9.2,2.2,0.3,47.3,Clear
2021-06-12,Cairo,Egypt,28.2,25.4,0.0,80.3,Hazy
2021-06-13,New York,USA,16.2,11.8,0.1,71.2,Cloudy
2021-06-13,London,UK,15.1,7.5,0.1,37.5,Clear
2021-06-13,Tokyo,Japan,22.6,10.4,0.1,58.8,Light Rain
2021-06-13,Sydney,Australia,12.1,3.7,1.3,59.8,Cloudy
2021-06-13,Cairo,Egypt,28.0,22.4,0.0,74.2,Partly Cloudy
2021-06-14,New York,USA,16.9,8.7,0.2,54.5,Clear
2021-06-14,London,UK,16.5,12.1,0.4,66.1,Light Rain
2021-06-14,Tokyo,Japan,17.9,14.1,0.3,50.1,Light Rain
2021-06-14,Sydney,Australia,11.3,1.0,0.1,53.7,Sunny
2021-06-14,Cairo,Egypt,29.2,19.0,0.0,36.8,Partly Cloudy
2021-06-15,New York,USA,14.7,9.8,0.1,61.8,Partly Cloudy
2021-06-15,London,UK,17.9,9.7,0.1,46.3,Partly Cloudy
2021-06-15,Tokyo,Japan,17.6,14.2,0.3,72.8,Clear
2021-06-15,Sydney,Australia,12.3,2.2,0.2,83.2,Sunny
2021-06-15,Cairo,Egypt,29.9,23.9,0.1,42.7,Partly Cloudy
2021-06-16,New York,USA,11.4,7.4,0.0,52.9,Cloudy
2021-06-16,London,UK,19.3,7.5,0.2,38.9,Clear
2021-06-16,Tokyo,Japan,16.5,14.5,0.1,68.8,Sunny
2021-06-16,Sydney,Australia,14.0,4.3,0.2,60.7,Sunny
2021-06-16,Cairo,Egypt,31.5,18.6,0.2,87.0,Sunny
2021-06-17,New York,USA,16.4,10.2,10.0,41.9,Heavy Rain
2021-06-17,London,UK,17.5,11.3,0.2,20,Cloudy
2021-06-17,Tokyo,Japan,26.6,12.7,0.4,70.9,Clear
2021-06-17,Sydney,Australia,8.3,2.6,0.1,56.0,Cloudy
2021-06-17,Cairo,Egypt,31.5,23.6,0.0,20,Sunny
2021-06-18,New York,USA,19.7,8.7,0.1,82.6,Clear
2021-06-18,London,UK,12.5,10.5,0.0,46.2,Cloudy
2021-06-18,Tokyo,Japan,23.8,13.0,0.6,86.4,Sunny
2021-06-18,Sydney,Australia,13.0,4.0,2.2,68.0,Clear
2021-06-18,Cairo,Egypt,30.3,22.4,0.1,65.3,Sunny
2021-06-19,New York,USA,22.0,9.5,0.6,36.8,Partly Cloudy
2021-06-19,London,UK,17.6,11.4,0.1,38.2,Cloudy
2021-06-19,Tokyo,Japan,20.6,13.3,0.4,45.1,Light Rain
2021-06-19,Sydney,Australia,11.8,2.0,0.2,61.8,Cloudy
2021-06-19,Cairo,Egypt,31.4,22.6,0.3,20.1,Hazy
2021-06-20,New York,USA,18.5,12.3,0.3,57.7,Cloudy
2021-06-20,London,UK,14.6,6.9,1.4,77.8,Sunny
2021-06-20,Tokyo,Japan,25.4,12.7,0.4,86.2,Cloudy
2021-06-20,Sydney,Australia,7.1,1.9,5.8,62.0,Heavy Rain
2021-06-20,Cairo,Egypt,26.6,20.6,0.2,37.0,Cloudy
2021-06-21,New York,USA,18.3,11.5,0.1,52.2,Cloudy
2021-06-21,London,UK,16.4,8.6,0.0,26.1,Clear
2021-06-21,Tokyo,Japan,23.1,11.9,3.1,61.2,Clear
2021-06-21,Sydney,Australia,10.3,4.8,0.3,89.7,Cloudy
2021-06-21,Cairo,Egypt,31.5,20.7,0.1,44.8,Sunny
2021-06-22,New York,USA,15.2,9.6,2.6,39.9,Light Rain
2021-06-22,London,UK,15.4,8.6,0.1,44.4,Partly Cloudy
2021-06-22,Tokyo,Japan,19.2,12.2,0.3,52.2,Cloudy
2021-06-22,Sydney,Australia,14.6,2.6,6.5,37.7,Heavy Rain
2021-06-22,Cairo,Egypt,28.4,22.9,0.1,97.4,Sunny
2021-06-23,New York,USA,15.4,7.3,0.8,46.8,Light Rain
2021-06-23,London,UK,13.3,6.4,0.9,55.6,Partly Cloudy
2021-06-23,Tokyo,Japan,17.0,12.9,1.9,57.8,Sunny
2021-06-23,Sydney,Australia,11.1,1.8,0.0,35.6,Sunny
2021-06-23,Cairo,Egypt,33.3,23.2,0.1,67.0,Sunny
2021-06-24,New York,USA,17.1,12.0,0.0,21.4,Cloudy
2021-06-24,London,UK,17.0,9.7,0.2,43.8,Sunny
2021-06-24,Tokyo,Japan,24.4,12.9,0.5,39.1,Light Rain
2021-06-24,Sydney,Australia,11.1,2.9,0.9,69.0,Clear
2021-06-24,Cairo,Egypt,29.1,23.6,0.0,33.3,Sunny
2021-06-25,New York,USA,19.2,9.2,0.2,65.9,Cloudy
2021-06-25,London,UK,18.7,8.6,0.1,82.1,Partly Cloudy
2021-06-25,Tokyo,Japan,23.0,10.0,0.2,95.0,Cloudy
2021-06-25,Sydney,Australia,16.0,3.1,0.0,60.3,Cloudy
2021-06-25,Cairo,Egypt,30.3,24.2,0.0,54.8,Sunny
2021-06-26,New York,USA,17.6,8.6,0.1,67.7,Light Rain
2021-06-26,London,UK,15.9,9.8,0.3,63.3,Sunny
2021-06-26,Tokyo,Japan,19.9,14.1,0.5,62.6,Cloudy
2021-06-26,Sydney,Australia,10.5,6.1,0.0,55.3,Sunny
2021-06-26,Cairo,Egypt,31.5,22.9,0.2,30.0,Partly Cloudy
2021-06-27,New York,USA,21.4,8.9,6.8,96.1,Heavy Rain
2021-06-27,London,UK,14.4,8.2,0.4,88.3,Sunny
2021-06-27,Tokyo,Japan,21.9,14.0,6.8,47.0,Heavy Rain
2021-06-27,Sydney,Australia,13.9,7.5,0.0,67.7,Partly Cloudy
2021-06-27,Cairo,Egypt,32.2,19.8,0.1,39.9,Sunny
2021-06-28,New York,USA,13.8,10.2,0.0,73.1,Light Rain
2021-06-28,London,UK,19.5,9.2,0.0,27.8,Sunny
2021-06-28,Tokyo,Japan,22.0,15.9,0.8,53.1,Partly Cloudy
2021-06-28,Sydney,Australia,14.5,5.3,0.2,23.6,Clear
2021-06-28,Cairo,Egypt,30.1,25.9,0.0,47.2,Sunny
2021-06-29,New York,USA,16.9,6.5,0.1,73.4,Sunny
2021-06-29,London,UK,18.8,7.6,0.0,39.5,Clear
2021-06-29,Tokyo,Japan,20.1,10.6,0.4,46.8,Partly Cloudy
2021-06-29,Sydney,Australia,11.5,8.0,0.4,89.1,Clear
2021-06-29,Cairo,Egypt,31.1,20.8,0.0,50.9,Sunny
2021-06-30,New York,USA,15.9,13.2,0.1,20.9,Partly Cloudy
2021-06-30,London,UK,14.5,6.2,2.7,41.0,Light Rain
2021-06-30,Tokyo,Japan,21.9,11.9,0.2,54.7,Light Rain
2021-06-30,Sydney,Australia,12.9,3.8,0.3,55.6,Partly Cloudy
2021-06-30,Cairo,Egypt,30.6,21.4,0.0,48.0,Sunny
2021-07-01,New York,USA,15.4,6.0,2.0,20,Partly Cloudy
2021-07-01,London,UK,17.9,9.9,0.0,62.8,Partly Cloudy
2021-07-01,Tokyo,Japan,18.0,15.4,0.2,70.5,Partly Cloudy
2021-07-01,Sydney,Australia,17.6,4.0,3.8,56.1,Light Rain
2021-07-01,Cairo,Egypt,32.4,19.2,0.0,94.1,Sunny
2021-07-02,New York,USA,17.0,9.1,0.3,54.5,Clear
2021-07-02,London,UK,16.4,9.1,0.6,41.3,Clear
2021-07-02,Tokyo,Japan,24.1,13.8,0.4,95.8,Partly Cloudy
2021-07-02,Sydney,Australia,11.6,3.5,0.3,57.0,Light Rain
2021-07-02,Cairo,Egypt,29.4,23.9,0.0,68.4,Sunny
2021-07-03,New York,USA,20.0,8.8,0.0,54.5,Clear
2021-07-03,London,UK,16.6,11.6,2.4,49.4,Sunny
2021-07-03,Tokyo,Japan,21.3,6.6,0.3,84.1,Sunny
2021-07-03,Sydney,Australia,10.8,5.2,1.2,84.7,Clear
2021-07-03,Cairo,Egypt,27.6,21.8,0.0,60.3,Clear
2021-07-04,New York,USA,14.8,10.1,0.1,68.6,Light Rain
2021-07-04,London,UK,13.8,10.1,1.7,51.9,Clear
2021-07-04,Tokyo,Japan,19.9,11.2,1.1,68.6,Sunny
2021-07-04,Sydney,Australia,11.8,0.8,0.2,80.2,Sunny
2021-07-04,Cairo,Egypt,31.8,21.2,0.1,20,Partly Cloudy
2021-07-05,New York,USA,18.4,7.2,3.0,61.6,Clear
2021-07-05,London,UK,17.2,8.7,0.7,38.7,Cloudy
2021-07-05,Tokyo,Japan,20.6,15.8,0.1,72.6,Sunny
2021-07-05,Sydney,Australia,12.6,3.6,0.0,84.4,Partly Cloudy
2021-07-05,Cairo,Egypt,25.5,21.7,1.0,93.8,Partly Cloudy
2021-07-06,New York,USA,18.2,10.7,0.5,78.3,Light Rain
2021-07-06,London,UK,12.4,8.4,0.1,30.4,Sunny
2021-07-06,Tokyo,Japan,17.7,11.9,8.4,70.9,Heavy Rain
2021-07-06,Sydney,Australia,11.1,7.2,0.7,60.9,Light Rain
2021-07-06,Cairo,Egypt,30.1,20.5,0.0,84.1,Sunny
2021-07-07,New York,USA,19.0,8.8,0.0,62.1,Light Rain
2021-07-07,London,UK,15.6,8.2,0.0,23.0,Sunny
2021-07-07,Tokyo,Japan,21.2,9.9,0.0,51.2,Clear
2021-07-07,Sydney,Australia,9.9,2.7,0.5,80.8,Clear
2021-07-07,Cairo,Egypt,31.1,22.3,0.0,56.9,Sunny
2021-07-08,New York,USA,16.2,7.1,0.0,42.6,Light Rain
2021-07-08,London,UK,15.1,8.4,0.3,67.0,Clear
2021-07-08,Tokyo,Japan,23.9,13.4,0.1,61.5,Clear
2021-07-08,Sydney,Australia,10.8,3.1,0.2,77.7,Clear
2021-07-08,Cairo,Egypt,30.3,19.2,0.0,42.3,Hazy
2021-07-09,New York,USA,18.4,6.4,0.5,79.7,Sunny
2021-07-09,London,UK,16.2,9.6,1.4,65.3,Cloudy
2021-07-09,Tokyo,Japan,22.4,12.2,0.0,34.0,Clear
2021-07-09,Sydney,Australia,12.0,0.5,0.0,83.2,Sunny
2021-07-09,Cairo,Egypt,28.7,20.9,0.0,69.1,Partly Cloudy
2021-07-10,New York,USA,11.6,9.6,0.3,35.3,Cloudy
2021-07-10,London,UK,20.4,7.3,1.7,57.3,Sunny
2021-07-10,Tokyo,Japan,22.4,10.0,0.1,54.4,Partly Cloudy
2021-07-10,Sydney,Australia,8.3,6.300000000000001,4.9,44.7,Partly Cloudy
2021-07-10,Cairo,Egypt,26.2,20.1,0.1,72.8,Sunny
2021-07-11,New York,USA,14.1,8.5,0.8,65.9,Light Rain
2021-07-11,London,UK,18.5,13.4,0.8,40.5,Partly Cloudy
2021-07-11,Tokyo,Japan,24.6,14.8,0.8,59.4,Partly Cloudy
2021-07-11,Sydney,Australia,13.3,0.5,0.5,99,Cloudy
2021-07-11,Cairo,Egypt,33.5,25.5,2.7,21.6,Sunny
2021-07-12,New York,USA,12.8,5.6,0.4,78.2,Partly Cloudy
2021-07-12,London,UK,15.0,9.4,0.1,71.0,Partly Cloudy
2021-07-12,Tokyo,Japan,18.7,10.0,0.4,71.3,Partly Cloudy
2021-07-12,Sydney,Australia,11.7,1.9,0.2,46.6,Cloudy
2021-07-12,Cairo,Egypt,28.2,22.6,0.5,50.7,Sunny
2021-07-13,New York,USA,13.4,10.2,0.1,21.6,Clear
2021-07-13,London,UK,17.1,10.3,0.1,46.8,Sunny
2021-07-13,Tokyo,Japan,20.8,11.7,0.9,79.6,Sunny
2021-07-13,Sydney,Australia,13.3,6.1,0.3,99,Partly Cloudy
2021-07-13,Cairo,Egypt,29.7,20.9,0.0,51.8,Hazy
2021-07-14,New York,USA,14.5,8.4,0.4,41.7,Clear
2021-07-14,London,UK,13.3,6.8,7.8,72.4,Heavy Rain
2021-07-14,Tokyo,Japan,21.4,12.6,24.3,55.4,Heavy Rain
2021-07-14,Sydney,Australia,14.4,7.4,0.1,48.3,Clear
2021-07-14,Cairo,Egypt,30.3,20.1,0.0,48.5,Partly Cloudy
2021-07-15,New York,USA,14.7,6.8,0.2,79.0,Partly Cloudy
2021-07-15,London,UK,16.0,7.0,1.9,59.1,Clear
2021-07-15,Tokyo,Japan,24.7,12.3,0.0,51.1,Partly Cloudy
2021-07-15,Sydney,Australia,15.8,10.2,0.0,46.5,Cloudy
2021-07-15,Cairo,Egypt,30.7,19.5,0.1,48.5,Hazy
2021-07-16,New York,USA,17.9,6.8,0.0,43.9,Partly Cloudy
2021-07-16,London,UK,11.3,3.4,0.5,66.1,Light Rain
2021-07-16,Tokyo,Japan,21.0,16.3,0.0,20,Partly Cloudy
2021-07-16,Sydney,Australia,13.7,3.6,0.9,91.5,Cloudy
2021-07-16,Cairo,Egypt,27.5,18.1,0.0,88.5,Cloudy
2021-07-17,New York,USA,14.0,6.9,0.2,36.5,Clear
2021-07-17,London,UK,12.6,10.6,0.3,39.1,Partly Cloudy
2021-07-17,Tokyo,Japan,18.5,10.6,0.0,60.1,Partly Cloudy
2021-07-17,Sydney,Australia,13.4,1.6,0.5,69.7,Clear
2021-07-17,Cairo,Egypt,27.5,19.3,0.1,57.1,Sunny
2021-07-18,New York,USA,12.1,3.2,28.3,44.6,Heavy Rain
2021-07-18,London,UK,22.9,5.6,0.4,61.4,Cloudy
2021-07-18,Tokyo,Japan,16.1,12.1,0.8,76.3,Partly Cloudy
2021-07-18,Sydney,Australia,9.5,7.5,0.2,91.4,Cloudy
2021-07-18,Cairo,Egypt,27.6,20.5,0.2,20,Sunny
2021-07-19,New York,USA,15.6,9.0,0.6,52.3,Sunny
2021-07-19,London,UK,18.0,9.1,0.2,89.8,Light Rain
2021-07-19,Tokyo,Japan,19.6,10.5,0.5,21.1,Cloudy
2021-07-19,Sydney,Australia,10.0,5.5,6.1,83.3,Heavy Rain
2021-07-19,Cairo,Egypt,26.2,16.8,0.0,35.0,Cloudy
2021-07-20,New York,USA,13.5,5.3,1.5,62.8,Sunny
2021-07-20,London,UK,16.8,6.5,1.0,80.1,Partly Cloudy
2021-07-20,Tokyo,Japan,19.0,12.2,0.2,50.9,Cloudy
2021-07-20,Sydney,Australia,15.4,6.5,0.0,95.9,Sunny
2021-07-20,Cairo,Egypt,27.4,20.8,0.0,61.6,Cloudy
2021-07-21,New York,USA,17.7,6.1,0.2,70.4,Clear
2021-07-21,London,UK,18.9,4.8,1.2,55.4,Sunny
2021-07-21,Tokyo,Japan,25.7,10.2,0.1,81.6,Clear
2021-07-21,Sydney,Australia,14.1,7.5,0.4,76.7,Cloudy
2021-07-21,Cairo,Egypt,28.2,23.4,0.1,34.3,Hazy
2021-07-22,New York,USA,17.2,6.2,0.0,74.1,Cloudy
2021-07-22,London,UK,14.1,9.5,0.3,65.0,Light Rain
2021-07-22,Tokyo,Japan,20.0,13.4,0.1,45.4,Light Rain
2021-07-22,Sydney,Australia,11.6,5.7,0.1,76.2,Light Rain
2021-07-22,Cairo,Egypt,28.1,22.0,0.4,35.0,Hazy
2021-07-23,New York,USA,14.4,9.7,1.9,82.2,Sunny
2021-07-23,London,UK,12.4,6.9,0.4,39.6,Partly Cloudy
2021-07-23,Tokyo,Japan,16.1,14.100000000000001,1.1,56.6,Cloudy
2021-07-23,Sydney,Australia,15.8,6.5,0.1,72.7,Cloudy
2021-07-23,Cairo,Egypt,32.6,21.2,0.0,20,Partly Cloudy
2021-07-24,New York,USA,12.9,6.2,2.3,82.2,Sunny
2021-07-24,London,UK,14.5,6.7,3.8,30.6,Light Rain
2021-07-24,Tokyo,Japan,17.6,10.7,2.4,70.7,Light Rain
2021-07-24,Sydney,Australia,15.0,3.2,2.1,83.6,Partly Cloudy
2021-07-24,Cairo,Egypt,25.2,21.7,0.6,63.0,Cloudy
2021-07-25,New York,USA,10.6,7.2,0.2,86.4,Clear
2021-07-25,London,UK,18.4,8.2,0.0,35.9,Clear
2021-07-25,Tokyo,Japan,18.2,10.5,0.0,20,Clear
2021-07-25,Sydney,Australia,14.0,6.8,0.7,59.6,Clear
2021-07-25,Cairo,Egypt,27.9,20.9,0.0,25.0,Clear
2021-07-26,New York,USA,16.9,11.9,0.0,43.9,Sunny
2021-07-26,London,UK,11.5,8.4,2.7,73.6,Partly Cloudy
2021-07-26,Tokyo,Japan,18.5,10.8,1.0,77.8,Partly Cloudy
2021-07-26,Sydney,Australia,12.2,2.7,0.8,79.1,Partly Cloudy
2021-07-26,Cairo,Egypt,29.8,17.4,0.7,68.4,Sunny
2021-07-27,New York,USA,17.0,1.7,0.2,79.7,Clear
2021-07-27,London,UK,19.0,6.9,0.3,65.0,Partly Cloudy
2021-07-27,Tokyo,Japan,19.9,9.3,0.5,52.0,Partly Cloudy
2021-07-27,Sydney,Australia,20.7,5.7,0.1,50.3,Cloudy
2021-07-27,Cairo,Egypt,28.5,22.2,0.4,78.9,Partly Cloudy
2021-07-28,New York,USA,16.1,6.2,0.0,86.8,Clear
2021-07-28,London,UK,14.6,10.2,0.3,23.1,Clear
2021-07-28,Tokyo,Japan,20.4,9.7,2.8,64.9,Sunny
2021-07-28,Sydney,Australia,16.0,4.9,0.2,52.1,Sunny
2021-07-28,Cairo,Egypt,27.8,19.5,0.0,37.7,Partly Cloudy
2021-07-29,New York,USA,8.3,3.4,0.2,53.6,Clear
2021-07-29,London,UK,17.0,7.1,0.1,88.5,Sunny
2021-07-29,Tokyo,Japan,18.5,13.2,0.0,78.4,Light Rain
2021-07-29,Sydney,Australia,14.5,7.7,0.6,49.3,Partly Cloudy
2021-07-29,Cairo,Egypt,26.3,19.7,0.0,48.6,Light Rain
2021-07-30,New York,USA,11.8,3.2,0.1,54.2,Cloudy
2021-07-30,London,UK,15.9,6.8,0.3,20,Cloudy
2021-07-30,Tokyo,Japan,21.1,9.5,0.1,77.1,Clear
2021-07-30,Sydney,Australia,14.9,6.2,0.0,84.9,Partly Cloudy
2021-07-30,Cairo,Egypt,28.9,16.8,0.0,70.4,Hazy
2021-07-31,New York,USA,14.3,7.1,0.5,84.0,Light Rain
2021-07-31,London,UK,14.7,7.6,0.0,31.1,Clear
2021-07-31,Tokyo,Japan,17.7,9.7,0.1,28.8,Cloudy
2021-07-31,Sydney,Australia,14.7,3.9,1.3,57.5,Sunny
2021-07-31,Cairo,Egypt,26.4,20.9,0.1,61.3,Light Rain
2021-08-01,New York,USA,9.8,5.8,1.2,73.1,Cloudy
2021-08-01,London,UK,18.8,7.0,0.1,26.5,Partly Cloudy
2021-08-01,Tokyo,Japan,20.0,6.8,0.5,43.9,Cloudy
2021-08-01,Sydney,Australia,10.0,7.3,3.1,20,Sunny
2021-08-01,Cairo,Egypt,21.5,18.5,0.1,73.0,Clear
2021-08-02,New York,USA,10.4,4.8,0.9,68.4,Clear
2021-08-02,London,UK,12.7,10.7,0.9,77.1,Sunny
2021-08-02,Tokyo,Japan,15.4,10.4,4.1,32.5,Sunny
2021-08-02,Sydney,Australia,16.2,5.9,2.8,76.7,Clear
2021-08-02,Cairo,Egypt,31.8,20.1,0.0,38.1,Partly Cloudy
2021-08-03,New York,USA,11.9,5.2,1.1,20.9,Clear
2021-08-03,London,UK,13.9,7.6,2.9,72.8,Sunny
2021-08-03,Tokyo,Japan,14.5,8.2,0.3,41.3,Sunny
2021-08-03,Sydney,Australia,12.2,4.9,10.2,42.4,Heavy Rain
2021-08-03,Cairo,Egypt,26.7,18.3,0.2,29.0,Cloudy
2021-08-04,New York,USA,14.4,5.7,0.2,66.6,Sunny
2021-08-04,London,UK,14.9,5.4,0.0,75.5,Clear
2021-08-04,Tokyo,Japan,19.5,12.6,0.4,63.6,Sunny
2021-08-04,Sydney,Australia,16.4,9.3,0.0,43.9,Partly Cloudy
2021-08-04,Cairo,Egypt,27.2,18.8,0.0,77.2,Sunny
2021-08-05,New York,USA,14.0,4.1,0.9,75.8,Partly Cloudy
2021-08-05,London,UK,14.0,9.4,1.2,72.6,Cloudy
2021-08-05,Tokyo,Japan,17.4,11.7,0.3,85.4,Partly Cloudy
2021-08-05,Sydney,Australia,12.2,7.4,0.1,24.3,Partly Cloudy
2021-08-05,Cairo,Egypt,23.8,16.5,0.3,42.7,Partly Cloudy
2021-08-06,New York,USA,15.0,6.3,1.0,46.7,Partly Cloudy
2021-08-06,London,UK,12.5,6.9,1.1,34.1,Clear
2021-08-06,Tokyo,Japan,11.2,6.7,11.0,59.6,Heavy Rain
2021-08-06,Sydney,Australia,16.4,10.0,0.4,20,Cloudy
2021-08-06,Cairo,Egypt,28.4,21.7,0.1,43.1,Sunny
2021-08-07,New York,USA,10.9,4.0,2.3,87.0,Partly Cloudy
2021-08-07,London,UK,15.9,6.0,0.2,76.3,Partly Cloudy
2021-08-07,Tokyo,Japan,18.6,8.4,0.4,38.3,Light Rain
2021-08-07,Sydney,Australia,19.1,5.2,0.1,65.4,Cloudy
2021-08-07,Cairo,Egypt,29.0,16.3,0.0,44.9,Sunny
2021-08-08,New York,USA,10.6,6.3,0.0,67.3,Sunny
2021-08-08,London,UK,13.1,6.2,7.2,20,Heavy Rain
2021-08-08,Tokyo,Japan,15.0,7.7,0.4,37.2,Clear
2021-08-08,Sydney,Australia,9.7,7.699999999999999,0.7,45.5,Clear
2021-08-08,Cairo,Egypt,25.8,20.0,0.0,39.6,Clear
2021-08-09,New York,USA,12.4,4.9,0.8,61.0,Light Rain
2021-08-09,London,UK,14.6,6.7,1.3,54.2,Light Rain
2021-08-09,Tokyo,Japan,19.8,11.8,1.5,48.8,Light Rain
2021-08-09,Sydney,Australia,13.6,7.3,0.2,33.5,Partly Cloudy
2021-08-09,Cairo,Egypt,29.0,17.6,0.1,52.7,Sunny
2021-08-10,New York,USA,16.6,5.2,2.4,74.1,Clear
2021-08-10,London,UK,9.2,5.8,0.9,71.5,Partly Cloudy
2021-08-10,Tokyo,Japan,15.5,8.2,0.2,63.5,Cloudy
2021-08-10,Sydney,Australia,14.7,9.8,2.5,54.0,Sunny
2021-08-10,Cairo,Egypt,25.4,19.7,0.2,77.0,Cloudy
2021-08-11,New York,USA,10.9,-0.4,0.1,64.4,Clear
2021-08-11,London,UK,15.8,6.3,0.2,28.8,Clear
2021-08-11,Tokyo,Japan,19.2,6.9,0.3,99,Light Rain
2021-08-11,Sydney,Australia,14.2,9.8,0.1,61.4,Light Rain
2021-08-11,Cairo,Egypt,22.1,20.1,0.0,62.7,Cloudy
2021-08-12,New York,USA,9.6,0.7,0.9,42.4,Light Rain
2021-08-12,London,UK,17.2,5.4,0.2,63.4,Cloudy
2021-08-12,Tokyo,Japan,14.6,8.5,0.5,50.8,Sunny
2021-08-12,Sydney,Australia,16.3,12.2,1.7,72.4,Sunny
2021-08-12,Cairo,Egypt,22.2,14.7,0.0,99,Cloudy
2021-08-13,New York,USA,11.6,3.4,0.0,73.3,Sunny
2021-08-13,London,UK,10.8,7.0,0.4,68.7,Clear
2021-08-13,Tokyo,Japan,20.3,9.2,0.1,35.5,Clear
2021-08-13,Sydney,Australia,17.7,8.2,0.1,41.8,Cloudy
2021-08-13,Cairo,Egypt,25.0,17.4,0.0,37.9,Cloudy
2021-08-14,New York,USA,10.1,3.0,0.0,45.7,Sunny
2021-08-14,London,UK,12.7,6.5,0.5,33.0,Cloudy
2021-08-14,Tokyo,Japan,18.0,8.2,2.7,63.1,Cloudy
2021-08-14,Sydney,Australia,18.6,12.5,9.0,58.6,Heavy Rain
2021-08-14,Cairo,Egypt,24.5,18.9,0.0,70.6,Sunny
2021-08-15,New York,USA,13.1,3.1,0.7,50.7,Sunny
2021-08-15,London,UK,14.2,6.3,0.2,59.9,Cloudy
2021-08-15,Tokyo,Japan,16.5,2.9,0.3,62.0,Partly Cloudy
2021-08-15,Sydney,Australia,15.1,7.8,4.1,97.1,Clear
2021-08-15,Cairo,Egypt,26.4,16.2,0.1,63.7,Sunny
2021-08-16,New York,USA,8.2,5.8,0.4,57.9,Light Rain
2021-08-16,London,UK,16.2,5.4,1.0,45.2,Cloudy
2021-08-16,Tokyo,Japan,16.7,5.5,0.2,56.6,Cloudy
2021-08-16,Sydney,Australia,19.5,11.1,1.4,79.4,Partly Cloudy
2021-08-16,Cairo,Egypt,26.5,14.9,0.8,89.1,Sunny
2021-08-17,New York,USA,13.3,4.4,0.0,72.0,Clear
2021-08-17,London,UK,12.2,9.0,3.0,67.5,Light Rain
2021-08-17,Tokyo,Japan,17.2,9.4,0.2,24.6,Sunny
2021-08-17,Sydney,Australia,16.5,9.1,0.5,76.7,Clear
2021-08-17,Cairo,Egypt,21.6,14.9,0.2,20,Clear
2021-08-18,New York,USA,8.6,0.9,0.1,58.8,Light Rain
2021-08-18,London,UK,14.8,3.1,0.1,62.6,Sunny
2021-08-18,Tokyo,Japan,18.2,4.1,0.1,33.1,Partly Cloudy
2021-08-18,Sydney,Australia,19.2,7.1,0.9,61.0,Sunny
2021-08-18,Cairo,Egypt,25.9,17.1,0.2,40.8,Partly Cloudy
2021-08-19,New York,USA,7.5,2.6,0.6,47.3,Partly Cloudy
2021-08-19,London,UK,11.3,3.1,0.7,56.0,Light Rain
2021-08-19,Tokyo,Japan,15.4,9.1,0.4,68.2,Sunny
2021-08-19,Sydney,Australia,12.4,9.8,0.0,60.0,Clear
2021-08-19,Cairo,Egypt,23.2,16.9,0.0,42.3,Clear
2021-08-20,New York,USA,13.7,-1.5,0.0,89.9,Light Rain
2021-08-20,London,UK,10.7,4.1,0.0,84.0,Sunny
2021-08-20,Tokyo,Japan,15.6,10.3,0.6,76.9,Clear
2021-08-20,Sydney,Australia,13.2,9.0,0.0,89.2,Cloudy
2021-08-20,Cairo,Egypt,22.3,16.5,0.0,32.2,Clear
2021-08-21,New York,USA,12.5,3.9,0.6,79.8,Cloudy
2021-08-21,London,UK,13.3,5.3,0.2,99,Sunny
2021-08-21,Tokyo,Japan,17.3,7.7,0.1,66.7,Partly Cloudy
2021-08-21,Sydney,Australia,17.7,10.1,0.4,81.1,Cloudy
2021-08-21,Cairo,Egypt,23.0,12.7,0.0,80.8,Clear
2021-08-22,New York,USA,7.0,0.2,0.4,78.2,Overcast
2021-08-22,London,UK,13.7,3.6,1.2,90.2,Partly Cloudy
2021-08-22,Tokyo,Japan,15.5,6.9,0.4,48.0,Clear
2021-08-22,Sydney,Australia,20.3,11.2,1.2,52.6,Clear
2021-08-22,Cairo,Egypt,22.1,15.2,0.1,46.4,Sunny
2021-08-23,New York,USA,5.8,-0.5,0.4,74.2,Snow
2021-08-23,London,UK,10.1,4.5,0.5,80.4,Sunny
2021-08-23,Tokyo,Japan,11.8,4.7,7.5,74.7,Heavy Rain
2021-08-23,Sydney,Australia,16.6,11.9,0.2,56.6,Cloudy
2021-08-23,Cairo,Egypt,20.5,13.6,0.0,31.8,Cloudy
2021-08-24,New York,USA,6.7,1.6,0.2,58.6,Partly Cloudy
2021-08-24,London,UK,11.0,6.4,1.0,80.5,Sunny
2021-08-24,Tokyo,Japan,9.6,5.5,1.2,55.0,Partly Cloudy
2021-08-24,Sydney,Australia,19.8,10.0,0.2,45.5,Light Rain
2021-08-24,Cairo,Egypt,22.5,13.4,0.0,88.1,Light Rain
2021-08-25,New York,USA,11.4,3.7,0.0,59.5,Clear
2021-08-25,London,UK,12.7,6.5,0.3,62.2,Clear
2021-08-25,Tokyo,Japan,13.9,3.6,2.0,79.6,Clear
2021-08-25,Sydney,Australia,15.3,10.7,1.1,50.8,Light Rain
2021-08-25,Cairo,Egypt,23.9,15.5,0.0,68.1,Light Rain
2021-08-26,New York,USA,8.5,0.7,0.6,39.1,Cloudy
2021-08-26,London,UK,13.2,-0.6,0.7,54.8,Clear
2021-08-26,Tokyo,Japan,13.5,5.0,0.8,79.3,Cloudy
2021-08-26,Sydney,Australia,20.5,7.3,0.0,52.2,Sunny
2021-08-26,Cairo,Egypt,21.7,10.9,0.0,99,Sunny
2021-08-27,New York,USA,9.6,-1.7,0.5,73.8,Sunny
2021-08-27,London,UK,12.6,4.9,0.2,93.4,Partly Cloudy
2021-08-27,Tokyo,Japan,12.7,4.8,0.2,83.8,Cloudy
2021-08-27,Sydney,Australia,18.5,10.1,1.5,29.7,Clear
2021-08-27,Cairo,Egypt,15.5,12.1,0.0,37.1,Light Rain
2021-08-28,New York,USA,7.7,4.4,0.1,31.9,Cloudy
2021-08-28,London,UK,11.1,5.8,1.9,64.9,Sunny
2021-08-28,Tokyo,Japan,15.9,6.3,0.1,60.7,Cloudy
2021-08-28,Sydney,Australia,18.8,9.0,0.1,49.5,Light Rain
2021-08-28,Cairo,Egypt,22.2,12.6,0.0,38.4,Clear
2021-08-29,New York,USA,8.6,-1.1,0.6,84.2,Light Rain
2021-08-29,London,UK,15.3,3.8,0.3,58.7,Sunny
2021-08-29,Tokyo,Japan,9.1,3.3,0.3,52.7,Light Rain
2021-08-29,Sydney,Australia,22.4,11.4,8.0,63.0,Heavy Rain
2021-08-29,Cairo,Egypt,22.2,13.8,0.0,60.7,Partly Cloudy
2021-08-30,New York,USA,4.9,2.3,0.2,66.0,Overcast
2021-08-30,London,UK,9.0,7.0,0.1,72.5,Clear
2021-08-30,Tokyo,Japan,9.3,2.0,0.0,56.1,Clear
2021-08-30,Sydney,Australia,17.8,10.0,0.4,45.3,Light Rain
2021-08-30,Cairo,Egypt,16.3,12.1,0.1,83.6,Sunny
2021-08-31,New York,USA,7.8,-2.7,0.4,90.8,Sunny
2021-08-31,London,UK,11.3,1.7,0.6,58.0,Clear
2021-08-31,Tokyo,Japan,12.2,3.4,0.1,86.5,Partly Cloudy
2021-08-31,Sydney,Australia,17.4,12.1,1.2,41.0,Light Rain
2021-08-31,Cairo,Egypt,19.0,12.3,0.1,53.1,Clear
2021-09-01,New York,USA,5.2,-0.2,0.1,65.8,Overcast
2021-09-01,London,UK,9.9,4.9,0.0,54.3,Clear
2021-09-01,Tokyo,Japan,9.2,6.9,0.5,95.7,Cloudy
2021-09-01,Sydney,Australia,20.9,8.5,0.8,52.5,Light Rain
2021-09-01,Cairo,Egypt,22.5,19.3,0.0,53.1,Clear
2021-09-02,New York,USA,11.2,-0.9,0.4,69.2,Sunny
2021-09-02,London,UK,10.6,6.0,1.5,89.3,Sunny
2021-09-02,Tokyo,Japan,10.3,1.0,0.0,80.7,Light Rain
2021-09-02,Sydney,Australia,19.2,9.4,0.2,69.7,Light Rain
2021-09-02,Cairo,Egypt,20.7,13.4,0.8,25.7,Cloudy
2021-09-03,New York,USA,8.9,2.5,0.2,61.4,Clear
2021-09-03,London,UK,9.0,3.7,0.1,41.1,Clear
2021-09-03,Tokyo,Japan,10.7,2.7,0.0,30.3,Partly Cloudy
2021-09-03,Sydney,Australia,23.5,11.9,0.1,64.7,Clear
2021-09-03,Cairo,Egypt,17.6,14.3,0.1,72.6,Partly Cloudy
2021-09-04,New York,USA,7.4,-1.7,0.5,92.3,Cloudy
2021-09-04,London,UK,14.1,6.2,0.0,92.7,Clear
2021-09-04,Tokyo,Japan,5.5,2.1,0.1,29.5,Partly Cloudy
2021-09-04,Sydney,Australia,18.8,10.2,0.3,43.5,Light Rain
2021-09-04,Cairo,Egypt,24.0,12.1,0.0,68.4,Light Rain
2021-09-05,New York,USA,6.6,0.3,0.9,75.0,Partly Cloudy
2021-09-05,London,UK,10.6,5.4,0.1,78.1,Sunny
2021-09-05,Tokyo,Japan,7.5,3.5,0.5,92.0,Snow
2021-09-05,Sydney,Australia,19.6,11.0,0.1,59.7,Clear
2021-09-05,Cairo,Egypt,20.6,15.6,0.0,80.0,Sunny
2021-09-06,New York,USA,4.5,-2.3,7.2,98.6,Snowfall
2021-09-06,London,UK,13.7,1.5,0.2,65.9,Sunny
2021-09-06,Tokyo,Japan,12.5,2.5,0.9,60.4,Sunny
2021-09-06,Sydney,Australia,14.5,12.3,0.5,46.4,Sunny
2021-09-06,Cairo,Egypt,23.3,12.6,5.3,77.9,Heavy Rain
2021-09-07,New York,USA,4.0,-4.5,0.1,49.1,Cloudy
2021-09-07,London,UK,10.6,0.9,0.9,20,Cloudy
2021-09-07,Tokyo,Japan,14.1,3.8,0.1,57.9,Partly Cloudy
2021-09-07,Sydney,Australia,21.4,14.9,0.9,36.3,Cloudy
2021-09-07,Cairo,Egypt,19.6,10.3,1.1,20,Light Rain
2021-09-08,New York,USA,6.6,-5.1,0.3,86.2,Drizzle
2021-09-08,London,UK,10.7,0.6,0.5,69.0,Clear
2021-09-08,Tokyo,Japan,6.3,2.0,0.0,42.3,Drizzle
2021-09-08,Sydney,Australia,20.8,15.0,0.4,46.3,Cloudy
2021-09-08,Cairo,Egypt,14.6,10.8,0.1,41.3,Light Rain
2021-09-09,New York,USA,4.6,0.3,1.1,54.8,Drizzle
2021-09-09,London,UK,13.7,2.0,7.4,60.8,Heavy Rain
2021-09-09,Tokyo,Japan,10.5,4.4,0.6,37.9,Cloudy
2021-09-09,Sydney,Australia,15.0,10.8,0.1,69.0,Cloudy
2021-09-09,Cairo,Egypt,17.3,10.3,0.0,32.3,Sunny
2021-09-10,New York,USA,5.0,-1.9,0.0,54.9,Drizzle
2021-09-10,London,UK,7.0,4.8,0.0,65.7,Overcast
2021-09-10,Tokyo,Japan,7.6,-0.4,0.5,82.5,Partly Cloudy
2021-09-10,Sydney,Australia,22.9,13.3,0.4,53.5,Clear
2021-09-10,Cairo,Egypt,20.9,9.3,0.0,52.5,Light Rain
2021-09-11,New York,USA,7.2,-3.4,0.1,65.2,Sunny
2021-09-11,London,UK,11.4,-0.3,0.1,59.2,Partly Cloudy
2021-09-11,Tokyo,Japan,10.0,-1.3,0.2,83.5,Sunny
2021-09-11,Sydney,Australia,22.0,15.8,0.1,36.5,Cloudy
2021-09-11,Cairo,Egypt,19.4,12.2,0.1,44.8,Cloudy
2021-09-12,New York,USA,2.9,-1.9,1.0,68.3,Sunny
2021-09-12,London,UK,10.0,2.4,0.1,71.4,Partly Cloudy
2021-09-12,Tokyo,Japan,3.8,-0.4,0.9,66.6,Drizzle
2021-09-12,Sydney,Australia,17.8,9.0,0.1,52.4,Light Rain
2021-09-12,Cairo,Egypt,14.7,8.9,0.0,46.6,Partly Cloudy
2021-09-13,New York,USA,2.1,-6.6,0.0,52.9,Snow
2021-09-13,London,UK,8.1,0.5,0.1,63.7,Clear
2021-09-13,Tokyo,Japan,7.2,3.7,0.1,65.8,Partly Cloudy
2021-09-13,Sydney,Australia,25.3,14.9,0.1,79.8,Sunny
2021-09-13,Cairo,Egypt,17.8,13.7,0.0,39.2,Light Rain
2021-09-14,New York,USA,4.4,-5.2,0.0,73.9,Cloudy
2021-09-14,London,UK,9.8,-1.8,1.4,83.4,Partly Cloudy
2021-09-14,Tokyo,Japan,9.3,0.5,1.3,70.0,Sunny
2021-09-14,Sydney,Australia,21.0,12.6,1.0,86.0,Clear
2021-09-14,Cairo,Egypt,16.5,9.7,0.0,48.5,Sunny
2021-09-15,New York,USA,5.4,-3.0,0.1,71.4,Overcast
2021-09-15,London,UK,12.0,-1.2,2.1,99,Clear
2021-09-15,Tokyo,Japan,10.7,2.5,0.2,64.3,Clear
2021-09-15,Sydney,Australia,21.2,14.2,0.2,41.4,Clear
2021-09-15,Cairo,Egypt,13.4,11.1,0.1,76.3,Clear
2021-09-16,New York,USA,3.2,-6.2,1.1,47.3,Partly Cloudy
2021-09-16,London,UK,3.5,0.0,14.6,77.9,Snowfall
2021-09-16,Tokyo,Japan,10.2,-2.7,2.0,42.0,Cloudy
2021-09-16,Sydney,Australia,21.6,15.0,0.1,49.0,Clear
2021-09-16,Cairo,Egypt,22.9,10.1,0.0,90.1,Light Rain
2021-09-17,New York,USA,-0.4,-6.8,0.2,69.6,Snow
2021-09-17,London,UK,8.2,1.6,1.5,75.8,Light Rain
2021-09-17,Tokyo,Japan,13.0,-2.7,0.4,78.3,Sunny
2021-09-17,Sydney,Australia,16.6,14.600000000000001,0.0,60.3,Clear
2021-09-17,Cairo,Egypt,18.1,11.5,0.3,52.1,Light Rain
2021-09-18,New York,USA,5.4,-0.9,0.1,52.3,Cloudy
2021-09-18,London,UK,10.4,2.9,3.5,76.5,Cloudy
2021-09-18,Tokyo,Japan,6.1,0.2,0.3,58.1,Cloudy
2021-09-18,Sydney,Australia,19.1,15.7,0.1,84.3,Partly Cloudy
2021-09-18,Cairo,Egypt,14.3,9.1,0.1,39.9,Clear
2021-09-19,New York,USA,1.7,-5.3,0.7,69.8,Overcast
2021-09-19,London,UK,3.2,0.5,0.3,55.6,Snow
2021-09-19,Tokyo,Japan,3.8,-0.3,1.0,87.9,Sunny
2021-09-19,Sydney,Australia,22.4,11.8,0.1,25.4,Partly Cloudy
2021-09-19,Cairo,Egypt,17.1,11.8,0.0,76.6,Partly Cloudy
2021-09-20,New York,USA,10.2,-4.3,0.6,70.7,Partly Cloudy
2021-09-20,London,UK,5.6,1.5,0.0,60.5,Partly Cloudy
2021-09-20,Tokyo,Japan,9.6,-0.5,0.3,38.4,Partly Cloudy
2021-09-20,Sydney,Australia,29.2,12.1,0.0,36.2,Hazy
2021-09-20,Cairo,Egypt,17.0,5.8,0.0,34.6,Partly Cloudy
2021-09-21,New York,USA,2.2,-3.6,0.0,61.4,Snow
2021-09-21,London,UK,9.4,1.0,0.0,76.3,Partly Cloudy
2021-09-21,Tokyo,Japan,6.6,-3.2,0.1,77.2,Drizzle
2021-09-21,Sydney,Australia,20.8,12.5,0.1,55.8,Clear
2021-09-21,Cairo,Egypt,20.6,9.4,0.0,43.2,Sunny
2021-09-22,New York,USA,5.1,-4.7,0.1,71.6,Cloudy
2021-09-22,London,UK,7.5,1.4,1.7,64.2,Sunny
2021-09-22,Tokyo,Japan,6.8,-5.6,0.3,86.6,Snow
2021-09-22,Sydney,Australia,22.8,13.7,0.1,59.4,Partly Cloudy
2021-09-22,Cairo,Egypt,14.5,11.4,0.0,44.4,Clear
2021-09-23,New York,USA,-2.7,-4.7,0.2,86.7,Snow
2021-09-23,London,UK,5.6,-1.3,0.1,76.9,Partly Cloudy
2021-09-23,Tokyo,Japan,7.4,1.4,0.3,50.6,Sunny
2021-09-23,Sydney,Australia,22.9,13.3,0.1,42.7,Sunny
2021-09-23,Cairo,Egypt,15.7,9.2,0.1,36.7,Clear
2021-09-24,New York,USA,1.4,-2.3,0.1,98.7,Drizzle
2021-09-24,London,UK,8.4,-4.1,0.3,65.7,Light Rain
2021-09-24,Tokyo,Japan,7.1,-3.9,0.0,46.3,Drizzle
2021-09-24,Sydney,Australia,23.2,17.6,2.0,20,Partly Cloudy
2021-09-24,Cairo,Egypt,16.0,3.8,0.1,69.5,Clear
2021-09-25,New York,USA,5.7,-7.0,0.1,98.0,Partly Cloudy
2021-09-25,London,UK,6.9,1.8,1.1,63.7,Overcast
2021-09-25,Tokyo,Japan,5.9,-6.3,0.2,61.5,Snow
2021-09-25,Sydney,Australia,24.5,13.3,0.1,42.6,Light Rain
2021-09-25,Cairo,Egypt,17.0,6.0,0.0,96.6,Partly Cloudy
2021-09-26,New York,USA,0.3,-5.5,0.1,74.2,Sunny
2021-09-26,London,UK,12.3,-0.8,0.1,90.4,Sunny
2021-09-26,Tokyo,Japan,6.5,-2.4,0.4,50.5,Sunny
2021-09-26,Sydney,Australia,19.1,14.8,0.7,20,Clear
2021-09-26,Cairo,Egypt,9.5,7.5,0.1,62.0,Partly Cloudy
2021-09-27,New York,USA,2.0,-8.1,0.0,32.0,Overcast
2021-09-27,London,UK,7.3,1.5,0.0,48.7,Drizzle
2021-09-27,Tokyo,Japan,4.8,-1.8,0.1,73.5,Overcast
2021-09-27,Sydney,Australia,22.8,15.4,0.6,96.9,Clear
2021-09-27,Cairo,Egypt,15.3,8.1,0.0,20,Cloudy
2021-09-28,New York,USA,3.6,-8.9,0.7,72.5,Overcast
2021-09-28,London,UK,8.8,-2.7,0.2,49.7,Sunny
2021-09-28,Tokyo,Japan,1.9,-1.6,0.0,76.9,Drizzle
2021-09-28,Sydney,Australia,24.0,14.7,0.2,52.6,Light Rain
2021-09-28,Cairo,Egypt,17.7,8.9,0.0,76.2,Light Rain
2021-09-29,New York,USA,1.6,-6.8,0.9,62.8,Sunny
2021-09-29,London,UK,9.8,-1.9,3.8,26.0,Partly Cloudy
2021-09-29,Tokyo,Japan,0.6,-1.4,0.1,21.4,Cloudy
2021-09-29,Sydney,Australia,20.6,16.0,5.8,60.9,Heavy Rain
2021-09-29,Cairo,Egypt,18.2,5.9,0.5,34.7,Cloudy
2021-09-30,New York,USA,2.9,-11.6,0.2,54.4,Drizzle
2021-09-30,London,UK,6.9,-3.7,0.1,27.9,Cloudy
2021-09-30,Tokyo,Japan,2.3,-0.6,5.6,51.0,Snowfall
2021-09-30,Sydney,Australia,28.4,16.7,0.1,43.1,Sunny
2021-09-30,Cairo,Egypt,11.2,6.0,0.0,20,Cloudy
2021-10-01,New York,USA,3.2,-8.1,0.0,71.1,Partly Cloudy
2021-10-01,London,UK,7.6,-1.3,0.8,62.7,Overcast
2021-10-01,Tokyo,Japan,4.7,-5.6,0.3,47.2,Partly Cloudy
2021-10-01,Sydney,Australia,26.6,16.3,0.1,46.8,Sunny
2021-10-01,Cairo,Egypt,13.5,4.9,0.1,47.3,Sunny
2021-10-02,New York,USA,0.2,-7.4,0.1,81.0,Drizzle
2021-10-02,London,UK,7.2,-3.7,0.2,67.2,Drizzle
2021-10-02,Tokyo,Japan,3.2,-3.3,0.0,20,Overcast
2021-10-02,Sydney,Australia,24.0,15.4,0.9,63.7,Sunny
2021-10-02,Cairo,Egypt,7.4,5.4,0.0,85.1,Drizzle
2021-10-03,New York,USA,-1.8,-7.3,3.6,52.9,Sunny
2021-10-03,London,UK,10.5,-3.8,0.1,50.7,Sunny
2021-10-03,Tokyo,Japan,5.0,-4.9,2.0,81.1,Drizzle
2021-10-03,Sydney,Australia,28.6,18.2,0.3,44.4,Sunny
2021-10-03,Cairo,Egypt,15.8,5.1,0.0,79.4,Sunny
2021-10-04,New York,USA,0.9,-9.8,0.9,79.8,Partly Cloudy
2021-10-04,London,UK,11.4,0.4,0.3,49.9,Cloudy
2021-10-04,Tokyo,Japan,2.2,-5.0,0.2,62.7,Snow
2021-10-04,Sydney,Australia,21.1,15.1,1.5,85.2,Sunny
2021-10-04,Cairo,Egypt,12.4,4.3,0.7,74.6,Light Rain
2021-10-05,New York,USA,-2.5,-7.2,0.0,82.7,Cloudy
2021-10-05,London,UK,2.0,-0.2,0.2,64.0,Partly Cloudy
2021-10-05,Tokyo,Japan,5.7,-4.6,0.6,42.8,Partly Cloudy
2021-10-05,Sydney,Australia,24.1,22.1,0.2,76.1,Clear
2021-10-05,Cairo,Egypt,11.7,1.9,0.4,35.9,Partly Cloudy
2021-10-06,New York,USA,0.8,-9.0,0.0,32.8,Snow
2021-10-06,London,UK,6.2,-3.5,0.1,77.1,Drizzle
2021-10-06,Tokyo,Japan,5.7,-6.3,0.8,24.9,Overcast
2021-10-06,Sydney,Australia,24.1,19.3,0.6,38.3,Partly Cloudy
2021-10-06,Cairo,Egypt,13.2,4.7,0.0,51.9,Sunny
2021-10-07,New York,USA,1.6,-5.5,0.1,60.9,Sunny
2021-10-07,London,UK,4.7,-1.9,0.0,48.2,Cloudy
2021-10-07,Tokyo,Japan,0.5,-2.0,0.2,68.2,Overcast
2021-10-07,Sydney,Australia,24.8,15.6,0.2,70.6,Partly Cloudy
2021-10-07,Cairo,Egypt,13.2,6.1,0.0,70.6,Sunny
2021-10-08,New York,USA,-0.9,-7.0,0.0,52.6,Snow
2021-10-08,London,UK,4.8,-2.7,0.4,87.8,Drizzle
2021-10-08,Tokyo,Japan,5.7,-6.7,0.5,50.5,Overcast
2021-10-08,Sydney,Australia,28.3,15.8,0.3,35.2,Sunny
2021-10-08,Cairo,Egypt,13.1,6.6,0.0,90.7,Light Rain
2021-10-09,New York,USA,6.0,-11.4,0.2,60.5,Sunny
2021-10-09,London,UK,4.4,-1.5,0.6,71.6,Partly Cloudy
2021-10-09,Tokyo,Japan,2.3,-8.2,0.0,91.6,Partly Cloudy
2021-10-09,Sydney,Australia,23.1,19.3,3.2,67.1,Light Rain
2021-10-09,Cairo,Egypt,15.2,6.0,0.0,77.0,Sunny
2021-10-10,New York,USA,1.6,-10.1,0.0,58.3,Cloudy
2021-10-10,London,UK,7.2,-3.7,1.6,40.5,Drizzle
2021-10-10,Tokyo,Japan,1.0,-7.1,0.5,79.2,Drizzle
2021-10-10,Sydney,Australia,28.0,17.7,0.3,82.6,Cloudy
2021-10-10,Cairo,Egypt,15.1,5.1,0.0,50.3,Cloudy
2021-10-11,New York,USA,-2.1,-9.2,0.2,57.2,Drizzle
2021-10-11,London,UK,5.7,-3.1,0.1,78.0,Cloudy
2021-10-11,Tokyo,Japan,1.4,-4.6,5.3,62.2,Snowfall
2021-10-11,Sydney,Australia,22.4,18.3,0.1,44.1,Cloudy
2021-10-11,Cairo,Egypt,14.9,4.5,0.0,76.9,Cloudy
2021-10-12,New York,USA,-4.5,-12.8,0.3,88.5,Sunny
2021-10-12,London,UK,5.1,-1.4,0.0,99,Partly Cloudy
2021-10-12,Tokyo,Japan,2.1,-6.5,0.0,74.3,Partly Cloudy
2021-10-12,Sydney,Australia,25.7,20.4,0.2,65.7,Partly Cloudy
2021-10-12,Cairo,Egypt,12.1,5.8,0.1,56.6,Sunny
2021-10-13,New York,USA,-2.4,-11.8,1.3,55.4,Cloudy
2021-10-13,London,UK,5.1,-1.4,0.7,78.8,Partly Cloudy
2021-10-13,Tokyo,Japan,4.8,-5.7,0.1,99,Drizzle
2021-10-13,Sydney,Australia,26.5,14.5,0.5,33.5,Partly Cloudy
2021-10-13,Cairo,Egypt,8.9,2.6,0.0,92.3,Clear
2021-10-14,New York,USA,1.0,-10.7,0.0,50.6,Cloudy
2021-10-14,London,UK,5.0,-1.8,0.5,71.3,Partly Cloudy
2021-10-14,Tokyo,Japan,-2.9,-10.2,0.4,89.7,Drizzle
2021-10-14,Sydney,Australia,29.5,15.8,1.9,41.0,Sunny
2021-10-14,Cairo,Egypt,13.4,4.4,0.0,70.5,Clear
2021-10-15,New York,USA,-9.7,-11.7,2.4,67.6,Cloudy
2021-10-15,London,UK,-0.1,-4.4,0.2,70.1,Partly Cloudy
2021-10-15,Tokyo,Japan,0.3,-8.9,0.3,40.6,Drizzle
2021-10-15,Sydney,Australia,28.1,19.7,0.0,20.8,Sunny
2021-10-15,Cairo,Egypt,13.1,4.1,0.1,77.5,Partly Cloudy
2021-10-16,New York,USA,-6.4,-13.1,0.3,89.5,Cloudy
2021-10-16,London,UK,3.0,0.3,0.1,64.1,Partly Cloudy
2021-10-16,Tokyo,Japan,-1.9,-7.0,0.8,66.9,Cloudy
2021-10-16,Sydney,Australia,29.1,19.3,0.1,61.1,Sunny
2021-10-16,Cairo,Egypt,13.8,0.3,0.1,57.8,Clear
2021-10-17,New York,USA,-5.0,-15.6,0.0,52.9,Cloudy
2021-10-17,London,UK,5.9,-3.4,0.1,92.3,Snow
2021-10-17,Tokyo,Japan,-0.9,-6.5,0.4,75.8,Cloudy
2021-10-17,Sydney,Australia,28.6,18.2,0.0,71.2,Hazy
2021-10-17,Cairo,Egypt,12.6,6.4,0.0,71.6,Partly Cloudy
2021-10-18,New York,USA,-7.5,-13.2,0.5,98.5,Drizzle
2021-10-18,London,UK,6.4,-7.0,4.7,47.0,Snow
2021-10-18,Tokyo,Japan,-3.9,-9.0,0.0,99,Drizzle
2021-10-18,Sydney,Australia,28.8,19.3,0.1,73.1,Sunny
2021-10-18,Cairo,Egypt,9.2,0.4,0.3,55.0,Sunny
2021-10-19,New York,USA,-3.2,-10.2,0.4,23.7,Cloudy
2021-10-19,London,UK,7.4,-2.2,0.0,68.9,Snow
2021-10-19,Tokyo,Japan,2.4,-8.5,0.2,71.5,Partly Cloudy
2021-10-19,Sydney,Australia,28.8,20.6,0.9,69.1,Hazy
2021-10-19,Cairo,Egypt,9.7,1.8,0.1,58.4,Partly Cloudy
2021-10-20,New York,USA,-2.8,-10.7,5.9,77.1,Snowfall
2021-10-20,London,UK,-0.0,-4.0,0.2,82.7,Drizzle
2021-10-20,Tokyo,Japan,-2.5,-8.8,7.5,59.3,Snowfall
2021-10-20,Sydney,Australia,30.7,18.8,0.1,59.3,Sunny
2021-10-20,Cairo,Egypt,11.1,5.0,0.0,47.8,Light Rain
2021-10-21,New York,USA,-3.0,-10.0,0.0,47.3,Sunny
2021-10-21,London,UK,-0.2,-3.5,0.0,74.9,Partly Cloudy
2021-10-21,Tokyo,Japan,-1.4,-9.1,0.0,73.2,Partly Cloudy
2021-10-21,Sydney,Australia,26.9,20.1,3.1,54.6,Light Rain
2021-10-21,Cairo,Egypt,10.9,1.2,0.0,83.4,Cloudy
2021-10-22,New York,USA,-5.8,-15.5,0.0,40.1,Sunny
2021-10-22,London,UK,3.2,-2.2,0.0,65.6,Cloudy
2021-10-22,Tokyo,Japan,-0.9,-11.5,0.8,36.5,Snow
2021-10-22,Sydney,Australia,27.6,20.4,0.0,52.3,Clear
2021-10-22,Cairo,Egypt,8.2,2.8,0.5,58.9,Clear
2021-10-23,New York,USA,-3.8,-12.9,0.1,72.8,Cloudy
2021-10-23,London,UK,5.4,-7.3,4.7,80.5,Sunny
2021-10-23,Tokyo,Japan,-0.7,-8.8,1.3,89.1,Partly Cloudy
2021-10-23,Sydney,Australia,27.7,21.3,0.1,57.6,Sunny
2021-10-23,Cairo,Egypt,9.7,-3.1,0.1,50.2,Light Rain
2021-10-24,New York,USA,-4.3,-15.0,0.1,55.1,Sunny
2021-10-24,London,UK,3.3,-3.0,0.4,49.6,Partly Cloudy
2021-10-24,Tokyo,Japan,2.6,-9.9,0.3,79.8,Drizzle
2021-10-24,Sydney,Australia,27.5,20.5,0.3,38.1,Sunny
2021-10-24,Cairo,Egypt,12.5,0.3,0.0,81.6,Clear
2021-10-25,New York,USA,-5.2,-13.3,0.6,52.6,Sunny
2021-10-25,London,UK,2.4,-3.8,0.4,87.3,Snow
2021-10-25,Tokyo,Japan,0.5,-8.8,0.1,99,Overcast
2021-10-25,Sydney,Australia,28.2,20.4,0.1,21.7,Hazy
2021-10-25,Cairo,Egypt,10.1,-1.5,0.1,42.0,Light Rain
2021-10-26,New York,USA,-7.8,-15.9,0.1,66.0,Sunny
2021-10-26,London,UK,8.2,-3.3,0.1,83.9,Sunny
2021-10-26,Tokyo,Japan,0.2,-10.7,0.2,58.6,Partly Cloudy
2021-10-26,Sydney,Australia,27.6,18.5,0.2,51.3,Partly Cloudy
2021-10-26,Cairo,Egypt,8.8,3.1,0.5,75.5,Sunny
2021-10-27,New York,USA,-4.1,-8.8,1.5,70.8,Snow
2021-10-27,London,UK,5.4,-2.6,16.1,99,Heavy Rain
2021-10-27,Tokyo,Japan,-5.8,-12.0,0.0,68.6,Overcast
2021-10-27,Sydney,Australia,25.7,21.2,0.0,71.9,Clear
2021-10-27,Cairo,Egypt,11.6,0.1,0.0,45.2,Sunny
2021-10-28,New York,USA,-6.1,-13.2,1.6,78.0,Partly Cloudy
2021-10-28,London,UK,2.9,-3.5,0.1,70.6,Snow
2021-10-28,Tokyo,Japan,1.1,-9.6,0.6,75.2,Partly Cloudy
2021-10-28,Sydney,Australia,23.8,19.2,0.1,58.7,Partly Cloudy
2021-10-28,Cairo,Egypt,6.3,2.9,0.0,26.5,Overcast
2021-10-29,New York,USA,-2.6,-13.8,0.1,38.9,Partly Cloudy
2021-10-29,London,UK,3.9,-1.8,0.5,62.4,Snow
2021-10-29,Tokyo,Japan,-4.0,-12.5,1.6,75.8,Overcast
2021-10-29,Sydney,Australia,26.4,21.5,0.1,40.9,Sunny
2021-10-29,Cairo,Egypt,7.6,1.0,0.0,50.0,Sunny
2021-10-30,New York,USA,-3.7,-16.2,0.7,99,Partly Cloudy
2021-10-30,London,UK,0.1,-9.4,0.7,54.0,Snow
2021-10-30,Tokyo,Japan,-2.6,-11.3,0.1,78.0,Cloudy
2021-10-30,Sydney,Australia,27.8,22.2,0.1,52.9,Partly Cloudy
2021-10-30,Cairo,Egypt,11.1,1.0,0.1,77.9,Light Rain
2021-10-31,New York,USA,-3.8,-12.6,0.1,69.3,Overcast
2021-10-31,London,UK,-1.9,-3.9,0.4,95.5,Snow
2021-10-31,Tokyo,Japan,-6.4,-8.9,0.1,78.0,Cloudy
2021-10-31,Sydney,Australia,32.1,18.1,0.0,62.8,Sunny
2021-10-31,Cairo,Egypt,9.9,-0.4,0.1,67.9,Partly Cloudy
2021-11-01,New York,USA,-4.8,-13.7,0.0,79.1,Drizzle
2021-11-01,London,UK,1.4,-5.7,8.5,87.4,Snowfall
2021-11-01,Tokyo,Japan,-2.5,-14.6,0.4,60.9,Overcast
2021-11-01,Sydney,Australia,31.6,21.6,0.1,64.8,Hazy
2021-11-01,Cairo,Egypt,4.8,-0.6,0.0,87.0,Drizzle
2021-11-02,New York,USA,-3.8,-12.6,0.1,83.5,Drizzle
2021-11-02,London,UK,4.6,-5.5,0.2,85.7,Drizzle
2021-11-02,Tokyo,Japan,-0.4,-12.1,0.7,77.0,Snow
2021-11-02,Sydney,Australia,27.1,20.0,0.2,38.1,Light Rain
2021-11-02,Cairo,Egypt,5.3,-2.2,0.0,35.5,Drizzle
2021-11-03,New York,USA,-7.8,-15.8,0.0,93.3,Drizzle
2021-11-03,London,UK,1.4,-5.9,0.1,73.1,Partly Cloudy
2021-11-03,Tokyo,Japan,-5.2,-14.8,0.1,56.9,Partly Cloudy
2021-11-03,Sydney,Australia,32.1,20.6,0.1,34.4,Hazy
2021-11-03,Cairo,Egypt,10.3,-1.0,0.0,79.5,Cloudy
2021-11-04,New York,USA,-5.6,-16.3,0.0,76.6,Snow
2021-11-04,London,UK,1.7,-7.1,0.0,86.5,Sunny
2021-11-04,Tokyo,Japan,0.9,-13.4,0.0,76.0,Sunny
2021-11-04,Sydney,Australia,30.1,20.3,0.0,40.5,Hazy
2021-11-04,Cairo,Egypt,10.0,1.4,0.1,95.8,Cloudy
2021-11-05,New York,USA,-5.1,-13.2,0.2,99,Sunny
2021-11-05,London,UK,-0.9,-4.6,0.2,75.6,Partly Cloudy
2021-11-05,Tokyo,Japan,-4.9,-13.2,0.4,73.1,Partly Cloudy
2021-11-05,Sydney,Australia,26.7,21.9,0.5,73.0,Light Rain
2021-11-05,Cairo,Egypt,5.5,-0.7,0.0,90.6,Sunny
2021-11-06,New York,USA,-6.7,-16.2,1.6,63.8,Drizzle
2021-11-06,London,UK,-0.4,-5.7,0.1,45.5,Overcast
2021-11-06,Tokyo,Japan,-1.7,-11.4,0.8,93.3,Cloudy
2021-11-06,Sydney,Australia,35.2,20.5,4.1,79.0,Partly Cloudy
2021-11-06,Cairo,Egypt,8.9,1.9,0.3,62.0,Clear
2021-11-07,New York,USA,-7.0,-14.9,0.1,99,Drizzle
2021-11-07,London,UK,2.4,-8.1,0.0,68.1,Snow
2021-11-07,Tokyo,Japan,-4.2,-9.9,0.9,72.5,Snow
2021-11-07,Sydney,Australia,30.2,17.1,1.9,65.3,Sunny
2021-11-07,Cairo,Egypt,6.7,-1.1,0.1,61.3,Cloudy
2021-11-08,New York,USA,-10.9,-16.4,21.6,53.0,Snowfall
2021-11-08,London,UK,2.5,-7.2,0.1,82.2,Overcast
2021-11-08,Tokyo,Japan,-4.3,-12.5,1.6,54.6,Snow
2021-11-08,Sydney,Australia,30.2,20.8,0.0,35.4,Hazy
2021-11-08,Cairo,Egypt,6.9,-2.4,0.1,52.9,Overcast
2021-11-09,New York,USA,-5.0,-12.6,0.2,73.4,Partly Cloudy
2021-11-09,London,UK,0.2,-3.9,0.4,58.9,Cloudy
2021-11-09,Tokyo,Japan,-2.7,-13.0,0.1,63.5,Partly Cloudy
2021-11-09,Sydney,Australia,31.4,23.3,0.1,74.4,Sunny
2021-11-09,Cairo,Egypt,5.4,-1.7,0.0,36.4,Overcast
2021-11-10,New York,USA,-9.9,-16.5,0.3,68.6,Partly Cloudy
2021-11-10,London,UK,-3.5,-5.5,0.1,83.4,Cloudy
2021-11-10,Tokyo,Japan,-3.1,-6.2,0.0,72.1,Drizzle
2021-11-10,Sydney,Australia,28.5,20.6,8.5,66.0,Heavy Rain
2021-11-10,Cairo,Egypt,4.6,-4.4,0.0,27.2,Cloudy
2021-11-11,New York,USA,-11.2,-15.0,0.1,79.0,Cloudy
2021-11-11,London,UK,0.1,-7.4,9.4,51.5,Snowfall
2021-11-11,Tokyo,Japan,-2.8,-14.3,6.0,99,Snowfall
2021-11-11,Sydney,Australia,32.0,19.1,0.0,25.5,Sunny
2021-11-11,Cairo,Egypt,4.9,-1.8,0.0,66.9,Cloudy
2021-11-12,New York,USA,-9.5,-14.9,0.1,71.9,Partly Cloudy
2021-11-12,London,UK,1.9,-6.0,0.0,99,Drizzle
2021-11-12,Tokyo,Japan,-3.5,-13.3,19.3,84.3,Snowfall
2021-11-12,Sydney,Australia,31.8,17.7,0.3,71.7,Hazy
2021-11-12,Cairo,Egypt,11.2,-1.2,0.0,49.7,Partly Cloudy
2021-11-13,New York,USA,-3.4,-14.1,1.6,55.4,Sunny
2021-11-13,London,UK,3.9,-7.4,0.2,62.5,Sunny
2021-11-13,Tokyo,Japan,-5.3,-12.2,0.2,56.5,Partly Cloudy
2021-11-13,Sydney,Australia,33.2,21.9,4.3,38.5,Hazy
2021-11-13,Cairo,Egypt,3.9,-3.8,0.1,50.5,Cloudy
2021-11-14,New York,USA,-12.6,-16.6,1.1,71.4,Drizzle
2021-11-14,London,UK,1.1,-7.3,1.2,60.6,Overcast
2021-11-14,Tokyo,Japan,-5.2,-11.8,1.2,72.1,Cloudy
2021-11-14,Sydney,Australia,28.8,22.3,0.5,99,Sunny
2021-11-14,Cairo,Egypt,3.9,1.4,0.7,90.7,Sunny
2021-11-15,New York,USA,-8.9,-12.5,0.7,89.7,Sunny
2021-11-15,London,UK,2.4,-8.6,0.2,62.6,Partly Cloudy
2021-11-15,Tokyo,Japan,-6.8,-11.2,0.8,68.5,Overcast
2021-11-15,Sydney,Australia,32.4,17.0,0.0,33.0,Sunny
2021-11-15,Cairo,Egypt,2.3,-3.9,0.1,94.0,Partly Cloudy
2021-11-16,New York,USA,-9.1,-15.6,7.5,44.7,Snowfall
2021-11-16,London,UK,1.2,-8.5,0.1,87.7,Cloudy
2021-11-16,Tokyo,Japan,-4.1,-13.9,0.2,82.3,Partly Cloudy
2021-11-16,Sydney,Australia,29.5,18.3,0.1,66.6,Sunny
2021-11-16,Cairo,Egypt,4.1,-0.0,0.1,95.4,Cloudy
2021-11-17,New York,USA,-8.5,-17.3,0.2,80.9,Sunny
2021-11-17,London,UK,0.3,-9.4,0.8,75.8,Cloudy
2021-11-17,Tokyo,Japan,-4.5,-14.2,0.0,74.5,Drizzle
2021-11-17,Sydney,Australia,31.3,21.2,0.1,69.1,Sunny
2021-11-17,Cairo,Egypt,7.7,-4.7,0.0,57.9,Sunny
2021-11-18,New York,USA,-12.9,-16.1,1.2,52.9,Overcast
2021-11-18,London,UK,0.3,-4.8,0.2,64.7,Overcast
2021-11-18,Tokyo,Japan,-7.4,-14.6,0.5,92.5,Cloudy
2021-11-18,Sydney,Australia,32.0,22.9,0.7,71.1,Partly Cloudy
2021-11-18,Cairo,Egypt,5.9,-2.8,0.0,69.4,Partly Cloudy
2021-11-19,New York,USA,-2.5,-18.7,0.1,89.9,Sunny
2021-11-19,London,UK,2.1,-4.4,0.8,84.8,Drizzle
2021-11-19,Tokyo,Japan,-6.8,-12.6,0.1,29.8,Cloudy
2021-11-19,Sydney,Australia,31.5,21.0,0.1,47.9,Sunny
2021-11-19,Cairo,Egypt,6.7,-2.4,0.0,47.9,Overcast
2021-11-20,New York,USA,-10.6,-17.1,0.5,91.3,Cloudy
2021-11-20,London,UK,1.7,-6.9,0.0,99,Sunny
2021-11-20,Tokyo,Japan,-4.5,-13.1,1.2,77.8,Sunny
2021-11-20,Sydney,Australia,29.6,21.2,0.1,20,Partly Cloudy
2021-11-20,Cairo,Egypt,3.5,-2.0,0.0,90.4,Cloudy
2021-11-21,New York,USA,-7.8,-15.6,0.7,57.1,Overcast
2021-11-21,London,UK,3.1,-7.4,0.6,94.7,Drizzle
2021-11-21,Tokyo,Japan,-4.4,-15.6,0.6,66.4,Sunny
2021-11-21,Sydney,Australia,25.8,19.8,0.7,58.3,Sunny
2021-11-21,Cairo,Egypt,5.6,-1.9,0.0,82.8,Partly Cloudy
2021-11-22,New York,USA,-9.0,-20.1,0.1,77.5,Partly Cloudy
2021-11-22,London,UK,0.3,-7.4,0.1,61.7,Cloudy
2021-11-22,Tokyo,Japan,-3.1,-16.0,0.7,46.4,Sunny
2021-11-22,Sydney,Australia,29.3,21.2,0.1,70.8,Partly Cloudy
2021-11-22,Cairo,Egypt,4.8,-4.0,0.2,52.6,Snow
2021-11-23,New York,USA,-9.1,-19.1,0.0,68.4,Overcast
2021-11-23,London,UK,2.4,-9.4,13.9,59.9,Snowfall
2021-11-23,Tokyo,Japan,-2.4,-11.0,0.2,38.9,Drizzle
2021-11-23,Sydney,Australia,31.7,20.7,0.2,23.0,Sunny
2021-11-23,Cairo,Egypt,5.8,-3.2,0.0,99,Snow
2021-11-24,New York,USA,-9.1,-17.2,0.1,52.5,Sunny
2021-11-24,London,UK,-0.1,-8.8,2.0,88.1,Drizzle
2021-11-24,Tokyo,Japan,-8.8,-14.7,1.1,72.2,Sunny
2021-11-24,Sydney,Australia,30.7,25.0,0.1,20,Partly Cloudy
2021-11-24,Cairo,Egypt,4.0,-2.9,0.6,82.9,Drizzle
2021-11-25,New York,USA,-14.2,-20.0,0.0,83.8,Cloudy
2021-11-25,London,UK,-0.0,-6.0,0.2,95.5,Drizzle
2021-11-25,Tokyo,Japan,-2.8,-11.7,0.2,59.8,Partly Cloudy
2021-11-25,Sydney,Australia,32.3,22.8,1.9,54.4,Sunny
2021-11-25,Cairo,Egypt,6.3,-2.1,0.4,20,Overcast
2021-11-26,New York,USA,-8.4,-18.0,0.4,87.1,Sunny
2021-11-26,London,UK,-1.6,-7.8,0.0,74.2,Overcast
2021-11-26,Tokyo,Japan,-5.6,-11.4,0.7,62.8,Cloudy
2021-11-26,Sydney,Australia,32.7,23.2,0.0,43.4,Sunny
2021-11-26,Cairo,Egypt,2.9,-4.9,0.0,43.7,Snow
2021-11-27,New York,USA,-9.8,-17.5,1.4,91.4,Sunny
2021-11-27,London,UK,0.9,-2.9,0.0,37.3,Partly Cloudy
2021-11-27,Tokyo,Japan,-11.8,-13.8,1.4,55.1,Snow
2021-11-27,Sydney,Australia,28.5,24.3,0.4,54.7,Sunny
2021-11-27,Cairo,Egypt,5.6,-6.3,0.0,55.3,Snow
2021-11-28,New York,USA,-8.0,-18.8,0.0,87.6,Sunny
2021-11-28,London,UK,3.4,-1.4,0.3,40.5,Cloudy
2021-11-28,Tokyo,Japan,-2.4,-11.8,0.0,32.0,Cloudy
2021-11-28,Sydney,Australia,33.0,26.6,0.1,54.3,Sunny
2021-11-28,Cairo,Egypt,4.9,-3.3,0.4,66.3,Overcast
2021-11-29,New York,USA,-9.3,-17.7,0.6,54.4,Cloudy
2021-11-29,London,UK,-2.0,-8.5,1.2,65.6,Overcast
2021-11-29,Tokyo,Japan,-4.9,-11.7,0.1,43.4,Partly Cloudy
2021-11-29,Sydney,Australia,35.0,26.0,0.2,63.4,Partly Cloudy
2021-11-29,Cairo,Egypt,-0.7,-3.4,0.2,69.8,Partly Cloudy
2021-11-30,New York,USA,-8.0,-20.9,0.5,87.5,Cloudy
2021-11-30,London,UK,1.5,-6.0,0.4,73.7,Cloudy
2021-11-30,Tokyo,Japan,-10.0,-12.0,0.1,83.6,Partly Cloudy
2021-11-30,Sydney,Australia,33.3,24.6,1.5,22.6,Hazy
2021-11-30,Cairo,Egypt,4.9,-3.8,0.0,58.6,Sunny
2021-12-01,New York,USA,-10.4,-18.2,0.2,56.2,Sunny
2021-12-01,London,UK,2.8,-7.7,0.7,68.6,Snow
2021-12-01,Tokyo,Japan,-7.2,-11.4,0.4,86.6,Cloudy
2021-12-01,Sydney,Australia,33.7,22.6,0.1,33.0,Sunny
2021-12-01,Cairo,Egypt,1.1,-4.2,0.0,50.0,Overcast
2021-12-02,New York,USA,-9.5,-16.3,0.0,57.4,Partly Cloudy
2021-12-02,London,UK,3.6,-10.4,0.7,44.2,Sunny
2021-12-02,Tokyo,Japan,-5.3,-17.4,0.0,99,Overcast
2021-12-02,Sydney,Australia,35.3,18.1,0.0,36.2,Sunny
2021-12-02,Cairo,Egypt,3.0,-1.5,0.0,52.7,Snow
2021-12-03,New York,USA,-10.4,-16.2,0.4,89.1,Overcast
2021-12-03,London,UK,6.1,-6.7,1.2,91.6,Overcast
2021-12-03,Tokyo,Japan,-6.2,-18.2,0.0,84.6,Partly Cloudy
2021-12-03,Sydney,Australia,35.2,22.6,0.0,27.6,Partly Cloudy
2021-12-03,Cairo,Egypt,3.8,-5.9,0.0,20,Partly Cloudy
2021-12-04,New York,USA,-12.6,-19.6,0.9,68.0,Snow
2021-12-04,London,UK,1.5,-8.6,1.6,57.5,Sunny
2021-12-04,Tokyo,Japan,-7.0,-13.6,0.6,99,Overcast
2021-12-04,Sydney,Australia,33.0,24.5,0.2,56.0,Sunny
2021-12-04,Cairo,Egypt,3.8,-4.4,0.0,90.1,Snow
2021-12-05,New York,USA,-9.9,-18.7,0.2,78.2,Drizzle
2021-12-05,London,UK,-2.6,-8.1,0.4,39.7,Drizzle
2021-12-05,Tokyo,Japan,-10.8,-15.1,0.2,75.0,Snow
2021-12-05,Sydney,Australia,32.2,24.8,1.5,91.7,Sunny
2021-12-05,Cairo,Egypt,0.1,-3.8,0.0,69.1,Overcast
2021-12-06,New York,USA,-14.0,-19.0,0.2,64.1,Drizzle
2021-12-06,London,UK,0.2,-8.8,0.0,51.7,Cloudy
2021-12-06,Tokyo,Japan,-9.0,-15.5,0.1,69.1,Cloudy
2021-12-06,Sydney,Australia,31.6,25.6,1.0,45.8,Hazy
2021-12-06,Cairo,Egypt,3.0,-4.1,0.4,23.5,Partly Cloudy
2021-12-07,New York,USA,-15.1,-17.1,0.6,99,Sunny
2021-12-07,London,UK,-3.5,-5.9,4.7,41.3,Partly Cloudy
2021-12-07,Tokyo,Japan,-5.8,-15.5,0.1,88.7,Snow
2021-12-07,Sydney,Australia,33.2,23.5,0.1,62.3,Sunny
2021-12-07,Cairo,Egypt,5.7,-5.2,0.0,44.3,Sunny
2021-12-08,New York,USA,-10.3,-20.5,0.1,67.0,Drizzle
2021-12-08,London,UK,-1.7,-7.6,0.1,58.6,Sunny
2021-12-08,Tokyo,Japan,-6.6,-15.2,0.4,92.5,Sunny
2021-12-08,Sydney,Australia,35.2,27.0,0.0,30.9,Sunny
2021-12-08,Cairo,Egypt,2.7,-2.8,0.1,75.3,Sunny
2021-12-09,New York,USA,-12.6,-21.7,4.7,65.0,Drizzle
2021-12-09,London,UK,-1.6,-6.3,8.8,43.2,Snowfall
2021-12-09,Tokyo,Japan,-5.0,-12.5,0.2,99,Snow
2021-12-09,Sydney,Australia,27.1,24.7,0.2,50.8,Cloudy
2021-12-09,Cairo,Egypt,5.0,-1.9,0.3,54.2,Drizzle
2021-12-10,New York,USA,-6.9,-20.5,0.0,50.5,Overcast
2021-12-10,London,UK,-1.0,-4.9,4.5,43.2,Cloudy
2021-12-10,Tokyo,Japan,-9.0,-18.0,0.2,31.2,Drizzle
2021-12-10,Sydney,Australia,30.0,19.7,0.1,30.9,Sunny
2021-12-10,Cairo,Egypt,4.9,-1.8,0.0,99,Overcast
2021-12-11,New York,USA,-10.9,-20.4,0.1,99,Overcast
2021-12-11,London,UK,1.0,-10.3,0.1,68.2,Cloudy
2021-12-11,Tokyo,Japan,-12.4,-14.4,0.1,74.5,Cloudy
2021-12-11,Sydney,Australia,34.0,21.5,0.0,40.8,Partly Cloudy
2021-12-11,Cairo,Egypt,3.8,-6.5,0.0,56.2,Partly Cloudy
2021-12-12,New York,USA,-12.3,-21.4,2.8,81.5,Cloudy
2021-12-12,London,UK,2.7,-4.6,0.2,52.1,Overcast
2021-12-12,Tokyo,Japan,-7.5,-15.1,1.0,78.4,Partly Cloudy
2021-12-12,Sydney,Australia,28.9,24.6,0.5,20,Sunny
2021-12-12,Cairo,Egypt,2.3,-5.0,0.0,39.0,Drizzle
2021-12-13,New York,USA,-12.2,-16.5,0.3,71.1,Cloudy
2021-12-13,London,UK,-2.6,-7.9,0.3,20,Drizzle
2021-12-13,Tokyo,Japan,-2.2,-17.0,0.0,65.9,Partly Cloudy
2021-12-13,Sydney,Australia,30.6,22.1,0.0,55.8,Sunny
2021-12-13,Cairo,Egypt,-1.9,-5.2,0.0,54.6,Sunny
2021-12-14,New York,USA,-13.3,-22.6,0.1,61.2,Partly Cloudy
2021-12-14,London,UK,2.4,-8.6,0.1,72.9,Cloudy
2021-12-14,Tokyo,Japan,-10.2,-16.9,0.8,70.9,Overcast
2021-12-14,Sydney,Australia,31.3,24.2,0.0,43.1,Sunny
2021-12-14,Cairo,Egypt,3.8,-5.4,0.1,87.5,Snow
2021-12-15,New York,USA,-10.4,-19.4,0.3,96.7,Drizzle
2021-12-15,London,UK,-4.1,-7.8,0.1,77.8,Partly Cloudy
2021-12-15,Tokyo,Japan,-7.4,-12.9,0.3,50.7,Partly Cloudy
2021-12-15,Sydney,Australia,31.5,24.3,0.1,45.9,Partly Cloudy
2021-12-15,Cairo,Egypt,5.8,-4.2,0.1,83.2,Overcast
2021-12-16,New York,USA,-12.2,-19.2,0.0,91.6,Snow
2021-12-16,London,UK,1.0,-9.1,0.6,87.2,Partly Cloudy
2021-12-16,Tokyo,Japan,-10.0,-19.1,0.0,77.1,Partly Cloudy
2021-12-16,Sydney,Australia,31.1,21.4,0.3,29.8,Hazy
2021-12-16,Cairo,Egypt,4.4,-3.6,0.1,53.3,Overcast
2021-12-17,New York,USA,-11.1,-22.5,2.2,54.3,Overcast
2021-12-17,London,UK,0.7,-9.5,0.3,56.9,Overcast
2021-12-17,Tokyo,Japan,-6.2,-16.0,0.1,62.6,Cloudy
2021-12-17,Sydney,Australia,28.4,21.6,0.4,29.0,Partly Cloudy
2021-12-17,Cairo,Egypt,4.3,-7.2,0.5,84.3,Overcast
2021-12-18,New York,USA,-11.3,-18.8,0.0,87.3,Partly Cloudy
2021-12-18,London,UK,1.0,-7.8,0.1,57.6,Drizzle
2021-12-18,Tokyo,Japan,-6.3,-17.6,0.0,61.6,Snow
2021-12-18,Sydney,Australia,34.3,22.0,0.6,41.1,Sunny
2021-12-18,Cairo,Egypt,3.2,-4.1,0.0,72.6,Partly Cloudy
2021-12-19,New York,USA,-12.1,-16.9,0.0,85.5,Drizzle
2021-12-19,London,UK,1.7,-8.7,0.8,54.4,Snow
2021-12-19,Tokyo,Japan,-7.1,-17.1,0.2,52.6,Cloudy
2021-12-19,Sydney,Australia,31.1,22.0,0.3,48.1,Sunny
2021-12-19,Cairo,Egypt,1.7,-4.1,0.1,51.0,Cloudy
2021-12-20,New York,USA,-12.5,-17.1,3.4,73.8,Drizzle
2021-12-20,London,UK,-1.4,-8.5,0.0,61.5,Sunny
2021-12-20,Tokyo,Japan,-4.7,-17.2,0.9,51.8,Partly Cloudy
2021-12-20,Sydney,Australia,34.0,24.0,0.0,66.6,Sunny
2021-12-20,Cairo,Egypt,3.6,-2.2,0.0,68.1,Cloudy
2021-12-21,New York,USA,-12.7,-18.6,0.0,56.6,Sunny
2021-12-21,London,UK,-2.7,-7.1,0.1,72.7,Overcast
2021-12-21,Tokyo,Japan,-7.6,-13.2,0.1,65.0,Cloudy
2021-12-21,Sydney,Australia,28.9,26.9,0.7,45.6,Sunny
2021-12-21,Cairo,Egypt,6.0,-4.8,0.0,43.7,Sunny
2021-12-22,New York,USA,-10.4,-17.9,4.5,63.7,Cloudy
2021-12-22,London,UK,-2.1,-7.8,0.5,51.9,Drizzle
2021-12-22,Tokyo,Japan,-6.9,-18.2,0.6,54.7,Cloudy
2021-12-22,Sydney,Australia,32.5,19.4,3.1,46.5,Hazy
2021-12-22,Cairo,Egypt,1.7,-4.8,0.0,49.3,Snow
2021-12-23,New York,USA,-10.9,-17.7,0.9,82.9,Sunny
2021-12-23,London,UK,-1.8,-7.0,0.0,60.6,Overcast
2021-12-23,Tokyo,Japan,-10.1,-12.9,0.4,58.3,Cloudy
2021-12-23,Sydney,Australia,27.0,25.0,0.7,62.2,Clear
2021-12-23,Cairo,Egypt,5.9,-5.1,0.0,80.4,Overcast
2021-12-24,New York,USA,-8.0,-19.2,0.0,89.2,Snow
2021-12-24,London,UK,-2.6,-4.7,0.1,68.4,Partly Cloudy
2021-12-24,Tokyo,Japan,-4.0,-15.5,0.7,66.7,Cloudy
2021-12-24,Sydney,Australia,33.9,24.1,2.3,31.2,Sunny
2021-12-24,Cairo,Egypt,5.7,-1.7,0.0,43.8,Snow
2021-12-25,New York,USA,-13.1,-19.2,0.2,68.5,Drizzle
2021-12-25,London,UK,-1.4,-7.6,0.1,63.7,Partly Cloudy
2021-12-25,Tokyo,Japan,-8.9,-15.7,4.0,57.7,Sunny
2021-12-25,Sydney,Australia,33.9,24.5,0.3,28.3,Sunny
2021-12-25,Cairo,Egypt,8.0,-2.4,0.5,23.3,Cloudy
2021-12-26,New York,USA,-15.0,-17.4,0.0,86.6,Drizzle
2021-12-26,London,UK,0.6,-7.6,0.6,88.8,Cloudy
2021-12-26,Tokyo,Japan,-10.2,-17.7,0.1,84.0,Cloudy
2021-12-26,Sydney,Australia,33.1,24.4,0.1,39.0,Hazy
2021-12-26,Cairo,Egypt,5.5,-0.2,0.1,59.0,Drizzle
2021-12-27,New York,USA,-7.8,-17.7,0.7,74.0,Drizzle
2021-12-27,London,UK,0.3,-11.3,0.2,51.2,Snow
2021-12-27,Tokyo,Japan,-12.9,-14.9,0.0,74.2,Sunny
2021-12-27,Sydney,Australia,32.0,27.1,0.2,52.4,Sunny
2021-12-27,Cairo,Egypt,3.3,-6.3,0.0,81.9,Sunny
2021-12-28,New York,USA,-9.4,-17.3,0.0,56.5,Sunny
2021-12-28,London,UK,1.2,-8.5,1.8,92.1,Overcast
2021-12-28,Tokyo,Japan,-7.7,-16.5,0.8,92.4,Overcast
2021-12-28,Sydney,Australia,30.1,23.4,0.1,27.9,Partly Cloudy
2021-12-28,Cairo,Egypt,6.5,-4.7,0.0,58.0,Sunny
2021-12-29,New York,USA,-8.6,-17.6,1.1,99,Drizzle
2021-12-29,London,UK,4.8,-9.1,0.4,90.7,Partly Cloudy
2021-12-29,Tokyo,Japan,-9.3,-17.6,0.2,49.3,Cloudy
2021-12-29,Sydney,Australia,30.0,24.2,0.2,57.7,Partly Cloudy
2021-12-29,Cairo,Egypt,5.0,0.3,0.0,42.0,Partly Cloudy
2021-12-30,New York,USA,-13.8,-19.9,0.1,99,Drizzle
2021-12-30,London,UK,-0.3,-10.1,0.2,88.2,Cloudy
2021-12-30,Tokyo,Japan,-5.6,-11.6,0.0,47.2,Partly Cloudy
2021-12-30,Sydney,Australia,30.9,24.8,0.0,55.8,Hazy
2021-12-30,Cairo,Egypt,3.2,-4.0,0.0,45.5,Snow
2021-12-31,New York,USA,-10.1,-17.0,1.0,67.8,Overcast
2021-12-31,London,UK,1.3,-8.3,0.7,65.6,Partly Cloudy
2021-12-31,Tokyo,Japan,-6.7,-16.0,0.1,93.3,Partly Cloudy
2021-12-31,Sydney,Australia,31.3,24.5,0.6,59.6,Hazy
2021-12-31,Cairo,Egypt,5.5,-3.6,0.1,47.8,Snow
2022-01-01,New York,USA,-6.0,-19.5,0.7,69.2,Partly Cloudy
2022-01-01,London,UK,-3.0,-5.5,0.1,32.3,Snow
2022-01-01,Tokyo,Japan,-5.9,-14.8,0.1,58.6,Sunny
2022-01-01,Sydney,Australia,31.9,23.5,0.0,69.6,Sunny
2022-01-01,Cairo,Egypt,2.4,-2.9,0.3,62.3,Sunny
2022-01-02,New York,USA,-9.4,-15.6,2.0,98.8,Drizzle
2022-01-02,London,UK,-1.4,-3.9,0.3,77.3,Cloudy
2022-01-02,Tokyo,Japan,-9.6,-12.3,3.5,73.2,Snow
2022-01-02,Sydney,Australia,39.0,19.8,0.2,36.7,Sunny
2022-01-02,Cairo,Egypt,7.3,-6.0,0.2,86.9,Cloudy
2022-01-03,New York,USA,-11.5,-18.8,0.1,68.6,Cloudy
2022-01-03,London,UK,5.2,-7.7,0.1,65.5,Snow
2022-01-03,Tokyo,Japan,-2.8,-18.0,14.0,56.4,Snowfall
2022-01-03,Sydney,Australia,31.0,23.1,0.2,70.9,Partly Cloudy
2022-01-03,Cairo,Egypt,3.4,-6.1,0.0,28.3,Partly Cloudy
2022-01-04,New York,USA,-13.9,-17.6,2.0,42.7,Sunny
2022-01-04,London,UK,2.1,-6.5,0.2,91.5,Snow
2022-01-04,Tokyo,Japan,-7.4,-13.3,6.9,50.0,Snowfall
2022-01-04,Sydney,Australia,35.5,22.1,0.2,50.2,Sunny
2022-01-04,Cairo,Egypt,1.7,-5.2,0.1,55.7,Drizzle
2022-01-05,New York,USA,-6.4,-21.0,3.5,80.9,Drizzle
2022-01-05,London,UK,3.5,-7.9,0.0,29.2,Cloudy
2022-01-05,Tokyo,Japan,-3.1,-13.4,0.0,95.2,Snow
2022-01-05,Sydney,Australia,32.2,25.3,0.2,63.0,Hazy
2022-01-05,Cairo,Egypt,1.8,-2.3,0.2,86.6,Snow
2022-01-06,New York,USA,-6.1,-17.9,0.1,87.6,Partly Cloudy
2022-01-06,London,UK,-0.3,-7.5,0.4,86.0,Snow
2022-01-06,Tokyo,Japan,-3.1,-16.9,0.1,46.8,Partly Cloudy
2022-01-06,Sydney,Australia,31.0,21.0,0.3,53.1,Hazy
2022-01-06,Cairo,Egypt,3.0,-3.1,0.0,29.0,Cloudy
2022-01-07,New York,USA,-11.6,-16.9,2.5,39.9,Partly Cloudy
2022-01-07,London,UK,2.2,-7.6,1.1,63.0,Snow
2022-01-07,Tokyo,Japan,-5.3,-14.9,0.5,53.3,Partly Cloudy
2022-01-07,Sydney,Australia,33.0,27.1,0.8,43.2,Sunny
2022-01-07,Cairo,Egypt,5.1,-4.4,0.0,87.4,Overcast
2022-01-08,New York,USA,-10.5,-18.9,0.2,77.7,Snow
2022-01-08,London,UK,1.2,-8.2,0.1,40.5,Cloudy
2022-01-08,Tokyo,Japan,-7.4,-14.4,0.4,96.1,Drizzle
2022-01-08,Sydney,Australia,31.3,20.2,0.0,51.8,Sunny
2022-01-08,Cairo,Egypt,2.8,-5.1,0.1,30.2,Partly Cloudy
2022-01-09,New York,USA,-6.3,-18.3,0.3,66.6,Drizzle
2022-01-09,London,UK,2.1,-7.8,1.0,86.2,Drizzle
2022-01-09,Tokyo,Japan,-5.8,-18.1,1.2,44.1,Partly Cloudy
2022-01-09,Sydney,Australia,32.3,22.4,0.3,20,Partly Cloudy
2022-01-09,Cairo,Egypt,4.2,-5.5,0.0,63.2,Drizzle
2022-01-10,New York,USA,-11.9,-16.2,0.1,85.7,Drizzle
2022-01-10,London,UK,-2.9,-4.9,0.2,37.9,Drizzle
2022-01-10,Tokyo,Japan,-7.9,-16.9,0.0,50.4,Sunny
2022-01-10,Sydney,Australia,29.9,25.2,0.5,38.9,Sunny
2022-01-10,Cairo,Egypt,7.1,1.7,0.1,36.5,Overcast
2022-01-11,New York,USA,-8.9,-16.0,0.3,47.5,Snow
2022-01-11,London,UK,0.9,-6.0,0.5,80.9,Snow
2022-01-11,Tokyo,Japan,-7.0,-16.3,0.2,80.6,Snow
2022-01-11,Sydney,Australia,29.2,27.2,0.1,35.2,Sunny
2022-01-11,Cairo,Egypt,5.3,1.8,0.0,96.0,Drizzle
2022-01-12,New York,USA,-17.7,-19.7,0.2,68.0,Partly Cloudy
2022-01-12,London,UK,0.6,-4.0,0.3,51.2,Overcast
2022-01-12,Tokyo,Japan,-6.8,-12.9,2.5,72.9,Overcast
2022-01-12,Sydney,Australia,32.9,24.8,0.2,73.7,Sunny
2022-01-12,Cairo,Egypt,0.8,-6.4,0.1,76.0,Cloudy
2022-01-13,New York,USA,-9.0,-23.4,0.1,93.2,Snow
2022-01-13,London,UK,1.3,-7.8,0.0,30.6,Snow
2022-01-13,Tokyo,Japan,-5.9,-12.9,0.3,50.6,Drizzle
2022-01-13,Sydney,Australia,29.3,27.3,0.0,87.2,Sunny
2022-01-13,Cairo,Egypt,3.4,-4.7,0.0,56.2,Sunny
2022-01-14,New York,USA,-7.9,-15.4,0.3,93.3,Drizzle
2022-01-14,London,UK,2.7,-6.1,0.9,75.8,Snow
2022-01-14,Tokyo,Japan,-4.9,-12.5,0.2,51.6,Cloudy
2022-01-14,Sydney,Australia,28.7,23.8,2.2,55.5,Sunny
2022-01-14,Cairo,Egypt,0.4,-1.9,0.0,72.0,Partly Cloudy
2022-01-15,New York,USA,-11.3,-16.0,0.1,88.7,Snow
2022-01-15,London,UK,-2.3,-8.3,0.6,61.8,Partly Cloudy
2022-01-15,Tokyo,Japan,-5.5,-14.4,1.4,97.1,Snow
2022-01-15,Sydney,Australia,30.0,24.8,5.5,33.2,Heavy Rain
2022-01-15,Cairo,Egypt,7.1,-4.6,0.2,83.9,Snow
2022-01-16,New York,USA,-10.5,-20.0,0.7,77.8,Snow
2022-01-16,London,UK,2.3,-3.6,0.2,79.3,Partly Cloudy
2022-01-16,Tokyo,Japan,-7.1,-12.6,0.1,29.8,Snow
2022-01-16,Sydney,Australia,29.1,22.6,0.1,34.3,Sunny
2022-01-16,Cairo,Egypt,-1.9,-3.9,0.1,78.1,Cloudy
2022-01-17,New York,USA,-13.4,-17.4,2.4,75.3,Overcast
2022-01-17,London,UK,5.8,-3.7,0.2,36.9,Overcast
2022-01-17,Tokyo,Japan,-7.1,-15.6,0.0,99,Snow
2022-01-17,Sydney,Australia,30.2,24.8,0.0,23.9,Partly Cloudy
2022-01-17,Cairo,Egypt,3.6,-0.7,0.0,79.1,Overcast
2022-01-18,New York,USA,-10.0,-18.8,0.1,89.4,Overcast
2022-01-18,London,UK,1.3,-9.9,0.1,74.4,Overcast
2022-01-18,Tokyo,Japan,-6.6,-12.4,4.1,71.8,Drizzle
2022-01-18,Sydney,Australia,33.6,19.6,0.0,53.4,Sunny
2022-01-18,Cairo,Egypt,8.8,-5.8,0.0,77.5,Cloudy
2022-01-19,New York,USA,-5.4,-11.4,0.4,80.8,Partly Cloudy
2022-01-19,London,UK,-1.3,-8.3,0.4,97.8,Sunny
2022-01-19,Tokyo,Japan,-1.5,-11.8,0.1,59.3,Cloudy
2022-01-19,Sydney,Australia,32.1,22.0,0.0,66.4,Partly Cloudy
2022-01-19,Cairo,Egypt,5.4,-0.6,0.1,55.9,Drizzle
2022-01-20,New York,USA,-7.0,-15.1,0.2,52.2,Snow
2022-01-20,London,UK,5.2,-9.3,0.0,62.8,Sunny
2022-01-20,Tokyo,Japan,-7.9,-16.2,0.5,65.0,Drizzle
2022-01-20,Sydney,Australia,29.5,22.7,0.1,64.3,Hazy
2022-01-20,Cairo,Egypt,7.6,-2.7,0.0,70.1,Snow
2022-01-21,New York,USA,-11.6,-17.2,0.0,99,Partly Cloudy
2022-01-21,London,UK,0.8,-5.4,0.7,37.6,Sunny
2022-01-21,Tokyo,Japan,-4.3,-12.8,0.1,71.7,Snow
2022-01-21,Sydney,Australia,25.2,19.5,0.1,86.5,Clear
2022-01-21,Cairo,Egypt,7.9,0.5,0.0,82.1,Snow
2022-01-22,New York,USA,-7.4,-15.9,1.8,42.6,Overcast
2022-01-22,London,UK,-2.6,-7.4,0.3,70.1,Cloudy
2022-01-22,Tokyo,Japan,-3.0,-9.1,0.2,95.7,Drizzle
2022-01-22,Sydney,Australia,31.8,20.9,0.7,56.5,Sunny
2022-01-22,Cairo,Egypt,4.6,0.5,0.1,85.6,Partly Cloudy
2022-01-23,New York,USA,-6.1,-18.0,0.1,76.5,Snow
2022-01-23,London,UK,-0.9,-6.6,0.0,99,Sunny
2022-01-23,Tokyo,Japan,-5.3,-14.1,0.1,57.5,Overcast
2022-01-23,Sydney,Australia,30.3,18.6,0.1,73.1,Partly Cloudy
2022-01-23,Cairo,Egypt,6.2,-6.5,0.1,53.8,Cloudy
2022-01-24,New York,USA,-4.1,-18.8,0.0,75.8,Cloudy
2022-01-24,London,UK,1.5,-4.1,7.5,99,Snowfall
2022-01-24,Tokyo,Japan,-5.0,-13.2,0.2,69.3,Overcast
2022-01-24,Sydney,Australia,32.0,20.9,1.1,56.5,Partly Cloudy
2022-01-24,Cairo,Egypt,5.4,-0.8,0.0,97.5,Overcast
2022-01-25,New York,USA,-8.0,-15.3,0.1,99,Cloudy
2022-01-25,London,UK,-0.0,-6.4,0.0,61.4,Overcast
2022-01-25,Tokyo,Japan,-8.1,-12.4,0.0,52.6,Cloudy
2022-01-25,Sydney,Australia,29.2,21.6,0.2,65.9,Sunny
2022-01-25,Cairo,Egypt,6.6,-0.1,0.1,58.5,Snow
2022-01-26,New York,USA,-10.1,-18.1,0.0,81.9,Cloudy
2022-01-26,London,UK,0.9,-7.2,0.5,46.0,Overcast
2022-01-26,Tokyo,Japan,-5.1,-11.3,0.0,60.0,Cloudy
2022-01-26,Sydney,Australia,29.8,22.9,0.0,59.2,Hazy
2022-01-26,Cairo,Egypt,8.5,-3.1,0.1,65.4,Partly Cloudy
2022-01-27,New York,USA,-9.8,-19.2,1.3,84.1,Snow
2022-01-27,London,UK,0.9,-8.2,0.2,70.4,Partly Cloudy
2022-01-27,Tokyo,Japan,-4.0,-11.5,0.5,99,Cloudy
2022-01-27,Sydney,Australia,28.1,22.5,0.1,20,Hazy
2022-01-27,Cairo,Egypt,7.9,-1.2,0.0,34.6,Sunny
2022-01-28,New York,USA,-13.1,-15.1,0.2,49.5,Sunny
2022-01-28,London,UK,-1.1,-7.1,0.0,62.2,Sunny
2022-01-28,Tokyo,Japan,-0.4,-13.1,0.0,99,Partly Cloudy
2022-01-28,Sydney,Australia,26.4,21.4,0.2,55.7,Sunny
2022-01-28,Cairo,Egypt,1.9,-0.10000000000000009,0.3,44.4,Overcast
2022-01-29,New York,USA,-7.8,-17.6,0.4,85.0,Partly Cloudy
2022-01-29,London,UK,1.1,-6.9,0.1,99,Snow
2022-01-29,Tokyo,Japan,-2.1,-10.9,0.2,57.4,Sunny
2022-01-29,Sydney,Australia,30.2,28.2,0.1,44.9,Sunny
2022-01-29,Cairo,Egypt,8.3,2.0,0.3,46.9,Sunny
2022-01-30,New York,USA,-3.6,-15.6,0.3,82.5,Snow
2022-01-30,London,UK,3.6,-5.3,0.0,64.1,Cloudy
2022-01-30,Tokyo,Japan,-2.1,-11.0,0.2,44.8,Drizzle
2022-01-30,Sydney,Australia,33.0,18.5,0.2,37.0,Sunny
2022-01-30,Cairo,Egypt,9.8,0.9,0.0,93.8,Light Rain
2022-01-31,New York,USA,-11.7,-13.9,0.2,45.4,Drizzle
2022-01-31,London,UK,1.4,-3.8,1.3,28.8,Cloudy
2022-01-31,Tokyo,Japan,-7.6,-14.4,0.2,73.5,Snow
2022-01-31,Sydney,Australia,29.4,18.8,0.0,49.3,Sunny
2022-01-31,Cairo,Egypt,5.6,-4.0,0.0,51.4,Drizzle
2022-02-01,New York,USA,-10.1,-17.6,0.8,83.0,Drizzle
2022-02-01,London,UK,5.3,-5.1,0.0,60.8,Cloudy
2022-02-01,Tokyo,Japan,-1.2,-15.3,1.7,99,Cloudy
2022-02-01,Sydney,Australia,27.0,18.9,1.7,60.9,Partly Cloudy
2022-02-01,Cairo,Egypt,8.1,0.0,0.0,59.5,Light Rain
2022-02-02,New York,USA,-9.2,-14.3,0.2,71.7,Overcast
2022-02-02,London,UK,0.7,-3.9,0.6,88.6,Sunny
2022-02-02,Tokyo,Japan,-0.4,-12.5,0.0,80.8,Snow
2022-02-02,Sydney,Australia,29.0,20.7,2.6,62.7,Sunny
2022-02-02,Cairo,Egypt,10.0,-0.9,0.0,69.8,Light Rain
2022-02-03,New York,USA,-9.5,-16.7,0.4,56.4,Sunny
2022-02-03,London,UK,2.5,-3.9,0.5,54.6,Drizzle
2022-02-03,Tokyo,Japan,-4.3,-12.7,0.0,62.7,Snow
2022-02-03,Sydney,Australia,27.6,22.3,6.3,33.3,Heavy Rain
2022-02-03,Cairo,Egypt,5.6,-2.5,0.0,39.7,Sunny
2022-02-04,New York,USA,-9.2,-16.0,5.2,75.2,Snowfall
2022-02-04,London,UK,3.4,-4.9,0.4,53.7,Partly Cloudy
2022-02-04,Tokyo,Japan,0.3,-12.0,0.5,22.8,Overcast
2022-02-04,Sydney,Australia,29.8,22.8,0.1,40.5,Sunny
2022-02-04,Cairo,Egypt,8.4,4.0,0.1,75.4,Light Rain
2022-02-05,New York,USA,-3.5,-13.8,0.1,49.1,Snow
2022-02-05,London,UK,3.9,-4.5,2.9,65.1,Sunny
2022-02-05,Tokyo,Japan,-5.3,-9.8,0.1,63.4,Sunny
2022-02-05,Sydney,Australia,29.0,23.2,0.0,36.5,Sunny
2022-02-05,Cairo,Egypt,10.7,0.1,0.0,67.1,Partly Cloudy
2022-02-06,New York,USA,-6.7,-15.3,0.0,87.5,Overcast
2022-02-06,London,UK,2.7,-3.3,0.3,65.4,Sunny
2022-02-06,Tokyo,Japan,-2.2,-10.8,0.0,43.7,Cloudy
2022-02-06,Sydney,Australia,28.8,23.3,0.0,28.2,Partly Cloudy
2022-02-06,Cairo,Egypt,8.0,0.8,0.0,99,Partly Cloudy
2022-02-07,New York,USA,-8.0,-17.5,0.1,67.8,Snow
2022-02-07,London,UK,2.2,-6.7,1.3,73.2,Overcast
2022-02-07,Tokyo,Japan,-1.0,-13.1,0.0,72.2,Cloudy
2022-02-07,Sydney,Australia,32.2,21.9,0.1,63.0,Sunny
2022-02-07,Cairo,Egypt,5.3,-7.1,0.2,65.8,Snow
2022-02-08,New York,USA,-9.1,-11.1,6.4,66.9,Snowfall
2022-02-08,London,UK,6.1,-3.9,0.1,83.9,Drizzle
2022-02-08,Tokyo,Japan,1.8,-10.8,0.0,70.4,Partly Cloudy
2022-02-08,Sydney,Australia,29.7,19.8,0.1,66.4,Partly Cloudy
2022-02-08,Cairo,Egypt,6.0,0.8,0.0,97.1,Overcast
2022-02-09,New York,USA,-1.7,-16.2,2.4,75.3,Snow
2022-02-09,London,UK,4.7,-4.7,0.1,99,Overcast
2022-02-09,Tokyo,Japan,-2.3,-7.5,0.6,99,Overcast
2022-02-09,Sydney,Australia,27.4,22.8,0.1,50.1,Sunny
2022-02-09,Cairo,Egypt,6.3,1.3,0.0,82.6,Cloudy
2022-02-10,New York,USA,-8.4,-15.4,0.6,54.9,Sunny
2022-02-10,London,UK,1.6,-3.6,0.3,42.0,Drizzle
2022-02-10,Tokyo,Japan,-3.6,-9.8,0.5,45.0,Drizzle
2022-02-10,Sydney,Australia,28.9,21.5,0.7,49.0,Partly Cloudy
2022-02-10,Cairo,Egypt,9.8,0.2,0.0,90.3,Partly Cloudy
2022-02-11,New York,USA,-8.5,-14.1,0.0,72.6,Overcast
2022-02-11,London,UK,-0.8,-3.3,0.4,78.1,Sunny
2022-02-11,Tokyo,Japan,4.4,-13.6,0.0,24.6,Partly Cloudy
2022-02-11,Sydney,Australia,26.7,21.5,0.3,43.6,Light Rain
2022-02-11,Cairo,Egypt,13.8,2.9,0.0,95.4,Sunny
2022-02-12,New York,USA,-6.5,-14.4,4.5,58.4,Snow
2022-02-12,London,UK,-1.8,-5.1,0.7,75.9,Partly Cloudy
2022-02-12,Tokyo,Japan,-7.6,-9.6,0.9,96.6,Partly Cloudy
2022-02-12,Sydney,Australia,25.7,21.4,0.2,20,Light Rain
2022-02-12,Cairo,Egypt,7.1,0.7,0.1,63.1,Sunny
2022-02-13,New York,USA,-7.9,-15.5,1.7,97.6,Drizzle
2022-02-13,London,UK,3.8,-8.1,0.2,49.3,Cloudy
2022-02-13,Tokyo,Japan,-1.6,-8.7,0.2,61.9,Sunny
2022-02-13,Sydney,Australia,25.0,17.9,0.0,43.2,Cloudy
2022-02-13,Cairo,Egypt,9.1,2.1,0.1,44.3,Cloudy
2022-02-14,New York,USA,-4.3,-12.5,0.0,68.6,Partly Cloudy
2022-02-14,London,UK,2.2,-5.1,1.1,71.3,Snow
2022-02-14,Tokyo,Japan,-0.9,-5.3,0.6,36.9,Sunny
2022-02-14,Sydney,Australia,27.2,18.7,0.0,57.2,Light Rain
2022-02-14,Cairo,Egypt,12.4,3.9,0.1,73.1,Light Rain
2022-02-15,New York,USA,-3.8,-13.6,0.0,85.3,Partly Cloudy
2022-02-15,London,UK,7.0,-2.7,1.3,66.2,Cloudy
2022-02-15,Tokyo,Japan,1.0,-10.8,0.0,54.0,Snow
2022-02-15,Sydney,Australia,22.5,18.6,0.0,45.0,Partly Cloudy
2022-02-15,Cairo,Egypt,11.4,-0.4,0.3,80.1,Partly Cloudy
2022-02-16,New York,USA,-3.1,-13.5,4.0,56.0,Sunny
2022-02-16,London,UK,1.9,-3.6,0.0,62.1,Drizzle
2022-02-16,Tokyo,Japan,-1.0,-14.3,1.2,60.6,Sunny
2022-02-16,Sydney,Australia,32.9,19.5,0.0,47.2,Sunny
2022-02-16,Cairo,Egypt,7.8,3.5,0.0,54.2,Partly Cloudy
2022-02-17,New York,USA,-6.2,-14.8,0.1,55.0,Sunny
2022-02-17,London,UK,11.8,-3.3,0.4,47.0,Clear
2022-02-17,Tokyo,Japan,3.9,-12.5,1.8,99,Drizzle
2022-02-17,Sydney,Australia,24.0,16.0,0.0,33.3,Light Rain
2022-02-17,Cairo,Egypt,8.6,-0.6,0.0,65.8,Cloudy
2022-02-18,New York,USA,-4.8,-9.4,1.8,75.1,Drizzle
2022-02-18,London,UK,-0.1,-2.1,0.2,57.7,Overcast
2022-02-18,Tokyo,Japan,2.4,-7.3,0.0,74.5,Snow
2022-02-18,Sydney,Australia,23.8,16.2,0.0,44.6,Light Rain
2022-02-18,Cairo,Egypt,9.7,0.1,0.0,47.9,Sunny
2022-02-19,New York,USA,-4.3,-10.7,0.4,59.1,Overcast
2022-02-19,London,UK,6.3,-4.8,3.1,83.0,Snow
2022-02-19,Tokyo,Japan,0.4,-4.7,0.0,67.5,Snow
2022-02-19,Sydney,Australia,28.5,19.8,0.3,76.1,Sunny
2022-02-19,Cairo,Egypt,13.1,3.8,0.0,20,Light Rain
2022-02-20,New York,USA,-2.7,-14.0,1.3,70.4,Cloudy
2022-02-20,London,UK,5.3,-8.7,0.9,94.5,Partly Cloudy
2022-02-20,Tokyo,Japan,-1.4,-9.7,0.1,56.5,Drizzle
2022-02-20,Sydney,Australia,25.1,16.4,0.2,68.2,Partly Cloudy
2022-02-20,Cairo,Egypt,9.6,2.1,0.0,77.7,Cloudy
2022-02-21,New York,USA,-1.9,-10.4,0.2,50.5,Overcast
2022-02-21,London,UK,5.5,-8.8,0.2,76.5,Drizzle
2022-02-21,Tokyo,Japan,-2.9,-8.3,0.1,46.6,Partly Cloudy
2022-02-21,Sydney,Australia,26.4,20.8,0.6,37.0,Light Rain
2022-02-21,Cairo,Egypt,14.9,1.2,1.2,48.6,Clear
2022-02-22,New York,USA,-0.7,-13.4,1.3,84.4,Drizzle
2022-02-22,London,UK,1.7,-1.4,4.2,66.2,Cloudy
2022-02-22,Tokyo,Japan,4.5,-6.2,5.0,58.3,Overcast
2022-02-22,Sydney,Australia,27.9,17.3,0.0,84.3,Clear
2022-02-22,Cairo,Egypt,9.9,2.7,0.0,72.2,Clear
2022-02-23,New York,USA,-5.8,-7.8,0.2,59.6,Cloudy
2022-02-23,London,UK,6.0,-3.6,0.0,65.5,Sunny
2022-02-23,Tokyo,Japan,1.1,-5.0,0.1,99,Drizzle
2022-02-23,Sydney,Australia,29.7,21.9,0.0,56.0,Sunny
2022-02-23,Cairo,Egypt,11.0,7.4,0.3,54.8,Cloudy
2022-02-24,New York,USA,-3.6,-7.0,1.5,99,Cloudy
2022-02-24,London,UK,10.8,-2.5,0.1,31.1,Partly Cloudy
2022-02-24,Tokyo,Japan,1.8,-11.7,0.2,42.0,Drizzle
2022-02-24,Sydney,Australia,22.7,16.0,2.8,55.5,Partly Cloudy
2022-02-24,Cairo,Egypt,7.9,3.1,0.1,83.9,Overcast
2022-02-25,New York,USA,2.4,-12.3,0.4,65.9,Cloudy
2022-02-25,London,UK,10.7,-2.7,0.1,63.3,Sunny
2022-02-25,Tokyo,Japan,3.8,-6.9,0.9,91.4,Partly Cloudy
2022-02-25,Sydney,Australia,23.2,18.8,0.6,95.1,Clear
2022-02-25,Cairo,Egypt,13.5,5.3,0.0,63.1,Cloudy
2022-02-26,New York,USA,-1.8,-9.6,0.0,99,Snow
2022-02-26,London,UK,2.4,-1.7,0.1,99,Overcast
2022-02-26,Tokyo,Japan,0.8,-3.1,0.1,58.2,Cloudy
2022-02-26,Sydney,Australia,27.1,18.9,0.3,29.2,Cloudy
2022-02-26,Cairo,Egypt,15.4,4.8,0.1,63.5,Cloudy
2022-02-27,New York,USA,1.9,-11.2,0.6,68.2,Drizzle
2022-02-27,London,UK,4.9,-3.4,0.3,94.3,Snow
2022-02-27,Tokyo,Japan,3.3,-7.9,0.0,47.9,Snow
2022-02-27,Sydney,Australia,29.9,17.0,0.1,26.6,Sunny
2022-02-27,Cairo,Egypt,15.0,4.8,0.1,84.7,Sunny
2022-02-28,New York,USA,-5.1,-12.9,0.3,69.0,Sunny
2022-02-28,London,UK,5.8,-0.8,0.9,83.3,Drizzle
2022-02-28,Tokyo,Japan,5.9,-6.1,2.7,61.4,Sunny
2022-02-28,Sydney,Australia,26.6,18.8,0.1,49.4,Clear
2022-02-28,Cairo,Egypt,12.6,2.8,0.0,72.9,Partly Cloudy
2022-03-01,New York,USA,-0.8,-8.9,3.1,56.6,Snow
2022-03-01,London,UK,4.3,-5.9,0.1,77.5,Overcast
2022-03-01,Tokyo,Japan,-1.0,-6.7,0.0,86.0,Overcast
2022-03-01,Sydney,Australia,27.5,18.7,0.0,46.1,Partly Cloudy
2022-03-01,Cairo,Egypt,13.9,4.3,0.0,82.2,Clear
2022-03-02,New York,USA,-1.6,-9.6,0.1,76.8,Overcast
2022-03-02,London,UK,2.3,-0.1,0.4,80.6,Snow
2022-03-02,Tokyo,Japan,3.6,-7.0,0.0,85.0,Sunny
2022-03-02,Sydney,Australia,22.1,12.6,29.4,52.1,Heavy Rain
2022-03-02,Cairo,Egypt,12.4,5.5,0.0,44.6,Partly Cloudy
2022-03-03,New York,USA,-1.7,-8.9,0.0,69.0,Cloudy
2022-03-03,London,UK,8.4,-0.1,0.5,51.6,Clear
2022-03-03,Tokyo,Japan,1.3,-8.5,0.8,57.6,Partly Cloudy
2022-03-03,Sydney,Australia,23.7,19.4,0.1,60.2,Sunny
2022-03-03,Cairo,Egypt,13.8,3.3,0.1,53.2,Light Rain
2022-03-04,New York,USA,-0.7,-5.3,0.2,99,Partly Cloudy
2022-03-04,London,UK,3.7,-4.2,0.6,62.1,Overcast
2022-03-04,Tokyo,Japan,-1.1,-6.3,0.2,70.4,Snow
2022-03-04,Sydney,Australia,23.8,14.4,0.3,50.7,Light Rain
2022-03-04,Cairo,Egypt,14.5,6.3,0.0,71.5,Light Rain
2022-03-05,New York,USA,-1.4,-5.1,0.7,69.0,Cloudy
2022-03-05,London,UK,2.1,-2.6,5.5,31.2,Snowfall
2022-03-05,Tokyo,Japan,5.3,-7.0,0.1,70.9,Cloudy
2022-03-05,Sydney,Australia,27.2,17.8,0.0,39.2,Clear
2022-03-05,Cairo,Egypt,16.0,6.7,0.0,99,Cloudy
2022-03-06,New York,USA,1.6,-8.7,0.9,95.6,Drizzle
2022-03-06,London,UK,5.4,-3.2,0.0,63.4,Overcast
2022-03-06,Tokyo,Japan,2.0,-7.3,0.5,90.8,Sunny
2022-03-06,Sydney,Australia,25.2,14.3,0.7,69.5,Partly Cloudy
2022-03-06,Cairo,Egypt,14.5,4.2,0.0,49.0,Light Rain
2022-03-07,New York,USA,-1.1,-11.5,0.1,69.3,Drizzle
2022-03-07,London,UK,13.1,2.1,0.1,54.2,Cloudy
2022-03-07,Tokyo,Japan,3.7,-6.0,0.0,58.2,Partly Cloudy
2022-03-07,Sydney,Australia,27.7,16.6,1.2,50.6,Sunny
2022-03-07,Cairo,Egypt,13.6,3.1,0.0,70.7,Clear
2022-03-08,New York,USA,-0.5,-6.9,0.2,99,Sunny
2022-03-08,London,UK,7.5,0.9,0.0,67.8,Drizzle
2022-03-08,Tokyo,Japan,3.4,-4.0,0.5,81.5,Snow
2022-03-08,Sydney,Australia,20.9,17.5,0.4,86.8,Clear
2022-03-08,Cairo,Egypt,16.2,4.8,0.0,77.9,Cloudy
2022-03-09,New York,USA,3.5,-4.7,1.9,98.0,Snow
2022-03-09,London,UK,9.0,-1.3,0.5,20,Partly Cloudy
2022-03-09,Tokyo,Japan,3.4,-3.9,0.1,49.9,Cloudy
2022-03-09,Sydney,Australia,28.6,15.1,0.1,63.8,Sunny
2022-03-09,Cairo,Egypt,13.5,6.3,0.0,50.2,Cloudy
2022-03-10,New York,USA,-1.4,-7.1,4.8,62.3,Sunny
2022-03-10,London,UK,2.7,-1.9,0.5,47.4,Drizzle
2022-03-10,Tokyo,Japan,6.6,-5.0,0.0,73.2,Partly Cloudy
2022-03-10,Sydney,Australia,24.0,13.5,0.0,36.6,Clear
2022-03-10,Cairo,Egypt,18.3,7.8,0.1,26.3,Cloudy
2022-03-11,New York,USA,-0.9,-9.2,0.0,77.9,Overcast
2022-03-11,London,UK,5.4,2.0,0.4,64.2,Partly Cloudy
2022-03-11,Tokyo,Japan,3.0,-1.5,0.2,99,Cloudy
2022-03-11,Sydney,Australia,22.0,12.9,0.0,28.3,Sunny
2022-03-11,Cairo,Egypt,12.4,10.4,0.0,68.7,Light Rain
2022-03-12,New York,USA,0.9,-3.4,1.4,79.0,Snow
2022-03-12,London,UK,7.3,-1.9,0.0,69.9,Cloudy
2022-03-12,Tokyo,Japan,6.8,-4.2,0.6,85.9,Snow
2022-03-12,Sydney,Australia,27.4,13.4,0.1,52.9,Light Rain
2022-03-12,Cairo,Egypt,14.9,5.5,0.0,61.9,Light Rain
2022-03-13,New York,USA,-2.7,-9.9,0.0,95.2,Overcast
2022-03-13,London,UK,10.8,1.8,0.5,83.4,Partly Cloudy
2022-03-13,Tokyo,Japan,5.2,-2.3,0.1,75.6,Partly Cloudy
2022-03-13,Sydney,Australia,24.8,13.4,0.3,87.5,Light Rain
2022-03-13,Cairo,Egypt,13.6,8.9,0.0,51.6,Cloudy
2022-03-14,New York,USA,-0.1,-7.2,7.9,63.2,Snowfall
2022-03-14,London,UK,6.3,1.0,0.8,70.8,Sunny
2022-03-14,Tokyo,Japan,6.4,-5.2,0.2,75.3,Snow
2022-03-14,Sydney,Australia,24.4,18.5,0.0,48.6,Sunny
2022-03-14,Cairo,Egypt,13.9,8.1,0.0,84.3,Sunny
2022-03-15,New York,USA,1.8,-7.7,0.1,99,Drizzle
2022-03-15,London,UK,10.6,-1.3,1.8,61.0,Partly Cloudy
2022-03-15,Tokyo,Japan,6.6,-4.1,3.5,74.0,Sunny
2022-03-15,Sydney,Australia,25.8,12.7,0.1,47.0,Clear
2022-03-15,Cairo,Egypt,15.7,9.2,0.0,48.7,Light Rain
2022-03-16,New York,USA,4.1,-5.4,0.6,20,Cloudy
2022-03-16,London,UK,6.3,2.3,0.1,66.1,Drizzle
2022-03-16,Tokyo,Japan,7.1,-1.7,0.4,88.6,Cloudy
2022-03-16,Sydney,Australia,21.2,12.7,1.8,28.8,Partly Cloudy
2022-03-16,Cairo,Egypt,18.2,8.3,0.0,57.8,Cloudy
2022-03-17,New York,USA,2.0,-7.8,0.3,62.0,Overcast
2022-03-17,London,UK,10.3,0.3,0.1,70.7,Sunny
2022-03-17,Tokyo,Japan,8.7,-6.5,0.9,83.3,Cloudy
2022-03-17,Sydney,Australia,25.1,16.5,0.1,41.0,Cloudy
2022-03-17,Cairo,Egypt,17.7,9.6,0.2,78.4,Partly Cloudy
2022-03-18,New York,USA,-0.7,-4.0,1.8,42.4,Partly Cloudy
2022-03-18,London,UK,5.0,1.4,0.5,82.6,Partly Cloudy
2022-03-18,Tokyo,Japan,3.6,0.2,4.0,99,Cloudy
2022-03-18,Sydney,Australia,23.0,12.8,0.2,78.8,Clear
2022-03-18,Cairo,Egypt,14.7,9.2,0.0,60.1,Light Rain
2022-03-19,New York,USA,3.3,-4.6,0.1,42.3,Overcast
2022-03-19,London,UK,8.7,0.6,8.8,58.8,Heavy Rain
2022-03-19,Tokyo,Japan,8.5,-1.0,0.3,86.4,Clear
2022-03-19,Sydney,Australia,19.6,15.0,0.3,70.8,Sunny
2022-03-19,Cairo,Egypt,16.4,7.5,0.0,95.1,Cloudy
2022-03-20,New York,USA,2.5,-4.0,0.3,36.6,Partly Cloudy
2022-03-20,London,UK,7.7,3.0,0.0,92.8,Partly Cloudy
2022-03-20,Tokyo,Japan,3.5,-4.9,1.2,39.0,Snow
2022-03-20,Sydney,Australia,22.4,12.6,3.5,32.4,Cloudy
2022-03-20,Cairo,Egypt,18.7,7.2,0.0,46.9,Light Rain
2022-03-21,New York,USA,7.1,-7.7,0.2,56.3,Cloudy
2022-03-21,London,UK,8.8,0.7,1.7,48.9,Light Rain
2022-03-21,Tokyo,Japan,5.4,-3.3,0.0,56.6,Snow
2022-03-21,Sydney,Australia,22.2,13.2,0.3,75.0,Clear
2022-03-21,Cairo,Egypt,17.9,13.0,0.4,95.8,Light Rain
2022-03-22,New York,USA,7.2,-6.9,0.1,80.9,Snow
2022-03-22,London,UK,9.1,-1.5,2.1,58.1,Partly Cloudy
2022-03-22,Tokyo,Japan,11.7,-1.6,0.1,38.6,Clear
2022-03-22,Sydney,Australia,21.6,14.7,0.2,61.6,Clear
2022-03-22,Cairo,Egypt,20.6,9.9,0.2,38.7,Clear
2022-03-23,New York,USA,2.3,-0.5,0.0,23.0,Snow
2022-03-23,London,UK,9.6,-0.1,0.0,57.1,Clear
2022-03-23,Tokyo,Japan,11.7,-1.4,0.2,44.7,Clear
2022-03-23,Sydney,Australia,21.8,12.2,0.8,64.2,Light Rain
2022-03-23,Cairo,Egypt,13.1,9.8,0.1,42.2,Light Rain
2022-03-24,New York,USA,4.6,-7.1,0.1,42.1,Sunny
2022-03-24,London,UK,6.0,-1.3,0.0,76.6,Sunny
2022-03-24,Tokyo,Japan,2.1,-2.6,0.8,82.7,Cloudy
2022-03-24,Sydney,Australia,19.9,12.3,0.0,50.6,Cloudy
2022-03-24,Cairo,Egypt,15.0,7.0,0.0,40.0,Sunny
2022-03-25,New York,USA,7.9,-4.6,0.0,99,Snow
2022-03-25,London,UK,5.7,3.7,0.1,83.1,Partly Cloudy
2022-03-25,Tokyo,Japan,6.3,0.1,1.8,64.2,Snow
2022-03-25,Sydney,Australia,20.4,10.7,1.4,48.3,Cloudy
2022-03-25,Cairo,Egypt,18.2,10.3,0.1,45.0,Sunny
2022-03-26,New York,USA,1.4,-1.8,1.0,62.7,Cloudy
2022-03-26,London,UK,11.0,-3.1,0.3,70.5,Partly Cloudy
2022-03-26,Tokyo,Japan,7.7,-0.7,0.4,65.7,Snow
2022-03-26,Sydney,Australia,17.9,12.7,0.1,81.5,Light Rain
2022-03-26,Cairo,Egypt,20.5,8.8,0.8,55.3,Light Rain
2022-03-27,New York,USA,7.2,-4.6,2.1,97.7,Snow
2022-03-27,London,UK,11.1,-1.0,1.2,64.9,Clear
2022-03-27,Tokyo,Japan,12.4,-0.3,0.1,99,Partly Cloudy
2022-03-27,Sydney,Australia,24.3,10.4,0.7,62.3,Cloudy
2022-03-27,Cairo,Egypt,18.8,10.6,0.1,79.4,Cloudy
2022-03-28,New York,USA,6.0,-3.7,0.2,64.3,Cloudy
2022-03-28,London,UK,9.0,1.1,0.4,51.2,Partly Cloudy
2022-03-28,Tokyo,Japan,10.3,0.7,0.0,68.6,Clear
2022-03-28,Sydney,Australia,21.8,14.3,0.1,37.4,Sunny
2022-03-28,Cairo,Egypt,20.2,7.8,0.0,89.2,Partly Cloudy
2022-03-29,New York,USA,3.3,-1.2,0.1,88.7,Overcast
2022-03-29,London,UK,11.9,-0.7,0.3,80.8,Cloudy
2022-03-29,Tokyo,Japan,11.9,4.0,2.3,89.6,Cloudy
2022-03-29,Sydney,Australia,18.0,12.1,0.5,90.0,Light Rain
2022-03-29,Cairo,Egypt,13.8,10.7,0.1,33.7,Sunny
2022-03-30,New York,USA,3.5,1.2,0.0,56.7,Drizzle
2022-03-30,London,UK,14.6,1.9,1.8,49.7,Partly Cloudy
2022-03-30,Tokyo,Japan,9.9,-1.1,2.7,77.6,Light Rain
2022-03-30,Sydney,Australia,26.3,13.7,2.0,66.9,Light Rain
2022-03-30,Cairo,Egypt,16.5,11.6,0.1,78.1,Clear
2022-03-31,New York,USA,6.4,-2.8,0.3,36.3,Drizzle
2022-03-31,London,UK,8.2,1.0,1.0,53.5,Partly Cloudy
2022-03-31,Tokyo,Japan,10.3,-1.0,0.1,64.5,Partly Cloudy
2022-03-31,Sydney,Australia,17.3,12.4,0.1,71.2,Light Rain
2022-03-31,Cairo,Egypt,17.7,11.2,0.0,20,Partly Cloudy
2022-04-01,New York,USA,10.3,0.3,1.1,64.6,Cloudy
2022-04-01,London,UK,8.3,-1.3,0.6,42.7,Cloudy
2022-04-01,Tokyo,Japan,11.5,0.6,0.5,43.7,Partly Cloudy
2022-04-01,Sydney,Australia,19.2,11.1,0.0,43.8,Cloudy
2022-04-01,Cairo,Egypt,22.3,11.6,0.1,20,Cloudy
2022-04-02,New York,USA,6.6,-3.8,0.2,30.5,Partly Cloudy
2022-04-02,London,UK,7.2,1.5,0.4,34.6,Sunny
2022-04-02,Tokyo,Japan,8.5,2.6,2.4,44.5,Sunny
2022-04-02,Sydney,Australia,17.7,10.5,0.0,40.4,Clear
2022-04-02,Cairo,Egypt,20.4,10.1,0.1,54.6,Clear
2022-04-03,New York,USA,1.6,-1.4,0.0,79.8,Sunny
2022-04-03,London,UK,8.3,5.7,0.4,80.1,Cloudy
2022-04-03,Tokyo,Japan,7.3,-1.9,0.0,85.8,Snow
2022-04-03,Sydney,Australia,19.2,10.0,0.0,80.7,Sunny
2022-04-03,Cairo,Egypt,20.3,10.3,0.0,76.0,Sunny
2022-04-04,New York,USA,1.8,-1.7,0.2,90.6,Partly Cloudy
2022-04-04,London,UK,12.1,3.2,0.0,51.9,Clear
2022-04-04,Tokyo,Japan,7.5,3.7,2.2,65.2,Cloudy
2022-04-04,Sydney,Australia,23.2,8.6,1.0,54.1,Light Rain
2022-04-04,Cairo,Egypt,20.4,11.6,0.0,79.9,Partly Cloudy
2022-04-05,New York,USA,8.1,1.4,0.1,87.0,Partly Cloudy
2022-04-05,London,UK,10.0,2.0,19.6,52.8,Heavy Rain
2022-04-05,Tokyo,Japan,9.8,5.5,0.1,50.5,Partly Cloudy
2022-04-05,Sydney,Australia,19.8,12.7,0.4,54.7,Cloudy
2022-04-05,Cairo,Egypt,20.4,10.7,3.4,37.4,Cloudy
2022-04-06,New York,USA,8.9,-2.0,0.1,54.6,Sunny
2022-04-06,London,UK,11.1,2.1,0.9,70.0,Partly Cloudy
2022-04-06,Tokyo,Japan,12.1,5.9,0.6,70.4,Light Rain
2022-04-06,Sydney,Australia,21.4,12.4,2.5,58.1,Partly Cloudy
2022-04-06,Cairo,Egypt,23.0,15.1,0.1,56.1,Cloudy
2022-04-07,New York,USA,8.8,-5.1,1.3,44.3,Sunny
2022-04-07,London,UK,12.8,1.2,2.5,80.8,Light Rain
2022-04-07,Tokyo,Japan,7.6,5.6,0.1,89.6,Sunny
2022-04-07,Sydney,Australia,16.7,12.6,12.2,39.4,Heavy Rain
2022-04-07,Cairo,Egypt,23.8,15.2,0.4,49.3,Light Rain
2022-04-08,New York,USA,12.8,-2.7,0.2,54.9,Clear
2022-04-08,London,UK,6.7,4.4,0.5,61.8,Snow
2022-04-08,Tokyo,Japan,9.7,3.1,1.7,43.8,Sunny
2022-04-08,Sydney,Australia,23.0,12.8,0.1,64.0,Partly Cloudy
2022-04-08,Cairo,Egypt,19.6,13.4,0.0,81.8,Light Rain
2022-04-09,New York,USA,8.8,-0.2,0.9,51.4,Clear
2022-04-09,London,UK,10.2,4.7,1.4,33.6,Partly Cloudy
2022-04-09,Tokyo,Japan,8.9,6.9,0.1,25.0,Sunny
2022-04-09,Sydney,Australia,17.3,10.8,1.1,73.5,Partly Cloudy
2022-04-09,Cairo,Egypt,20.3,17.7,0.2,20,Cloudy
2022-04-10,New York,USA,9.9,1.7,0.4,76.3,Light Rain
2022-04-10,London,UK,10.7,7.0,2.0,43.0,Sunny
2022-04-10,Tokyo,Japan,8.7,3.3,2.6,90.5,Clear
2022-04-10,Sydney,Australia,18.2,10.6,0.2,49.8,Cloudy
2022-04-10,Cairo,Egypt,24.7,13.6,0.0,51.8,Light Rain
2022-04-11,New York,USA,6.3,-0.3,0.1,79.1,Snow
2022-04-11,London,UK,11.4,5.7,0.6,70.9,Partly Cloudy
2022-04-11,Tokyo,Japan,10.0,3.2,0.1,54.1,Cloudy
2022-04-11,Sydney,Australia,19.3,12.8,0.0,57.9,Partly Cloudy
2022-04-11,Cairo,Egypt,24.6,12.8,0.1,71.3,Partly Cloudy
2022-04-12,New York,USA,6.7,1.2,0.0,75.0,Sunny
2022-04-12,London,UK,9.8,7.2,0.1,63.3,Partly Cloudy
2022-04-12,Tokyo,Japan,10.9,6.9,0.0,56.1,Clear
2022-04-12,Sydney,Australia,17.8,14.1,1.2,45.6,Cloudy
2022-04-12,Cairo,Egypt,23.7,14.8,0.0,26.1,Clear
2022-04-13,New York,USA,8.8,-1.4,0.1,63.1,Partly Cloudy
2022-04-13,London,UK,10.4,1.4,0.3,86.1,Partly Cloudy
2022-04-13,Tokyo,Japan,17.1,7.7,1.0,98.9,Cloudy
2022-04-13,Sydney,Australia,18.4,11.6,0.0,39.0,Clear
2022-04-13,Cairo,Egypt,27.3,14.7,0.0,81.7,Cloudy
2022-04-14,New York,USA,5.6,-2.0,0.0,81.3,Partly Cloudy
2022-04-14,London,UK,12.1,3.2,1.1,49.1,Clear
2022-04-14,Tokyo,Japan,13.3,4.3,0.1,40.0,Partly Cloudy
2022-04-14,Sydney,Australia,15.1,9.0,0.1,52.6,Partly Cloudy
2022-04-14,Cairo,Egypt,25.2,11.2,0.0,82.2,Clear
2022-04-15,New York,USA,9.6,2.0,0.7,83.6,Partly Cloudy
2022-04-15,London,UK,12.4,4.3,1.2,67.3,Cloudy
2022-04-15,Tokyo,Japan,11.1,4.7,0.1,74.8,Cloudy
2022-04-15,Sydney,Australia,19.4,8.8,0.0,60.0,Partly Cloudy
2022-04-15,Cairo,Egypt,25.3,17.9,0.0,52.7,Sunny
2022-04-16,New York,USA,8.5,4.3,0.0,62.8,Cloudy
2022-04-16,London,UK,8.4,0.9,20.8,58.8,Heavy Rain
2022-04-16,Tokyo,Japan,12.4,5.7,2.1,79.9,Cloudy
2022-04-16,Sydney,Australia,14.8,7.5,0.3,77.7,Clear
2022-04-16,Cairo,Egypt,22.9,15.8,0.0,44.4,Cloudy
2022-04-17,New York,USA,11.0,5.5,0.0,53.6,Sunny
2022-04-17,London,UK,13.3,3.4,3.7,49.5,Sunny
2022-04-17,Tokyo,Japan,15.6,7.8,0.1,46.4,Sunny
2022-04-17,Sydney,Australia,23.4,6.4,1.2,65.0,Partly Cloudy
2022-04-17,Cairo,Egypt,24.4,11.5,0.1,48.0,Sunny
2022-04-18,New York,USA,9.3,1.2,0.0,85.0,Partly Cloudy
2022-04-18,London,UK,12.0,0.1,0.7,77.9,Sunny
2022-04-18,Tokyo,Japan,17.1,6.4,0.7,61.0,Cloudy
2022-04-18,Sydney,Australia,16.5,9.1,0.0,62.1,Partly Cloudy
2022-04-18,Cairo,Egypt,19.6,15.8,0.0,24.6,Clear
2022-04-19,New York,USA,8.5,2.1,0.1,47.0,Light Rain
2022-04-19,London,UK,12.6,0.2,1.5,65.9,Clear
2022-04-19,Tokyo,Japan,13.8,3.8,4.4,26.5,Partly Cloudy
2022-04-19,Sydney,Australia,18.5,8.8,0.3,73.8,Cloudy
2022-04-19,Cairo,Egypt,26.8,18.0,0.0,61.4,Partly Cloudy
2022-04-20,New York,USA,9.9,3.3,0.2,83.9,Partly Cloudy
2022-04-20,London,UK,10.5,5.8,1.9,34.4,Clear
2022-04-20,Tokyo,Japan,20.7,6.5,0.8,68.1,Cloudy
2022-04-20,Sydney,Australia,14.2,11.2,0.0,20,Cloudy
2022-04-20,Cairo,Egypt,23.7,13.3,0.0,44.2,Sunny
2022-04-21,New York,USA,9.7,2.5,0.0,37.6,Cloudy
2022-04-21,London,UK,12.3,3.5,0.2,56.2,Sunny
2022-04-21,Tokyo,Japan,16.2,3.7,0.2,58.9,Sunny
2022-04-21,Sydney,Australia,17.4,8.3,0.1,20,Sunny
2022-04-21,Cairo,Egypt,19.8,16.8,0.1,52.2,Light Rain
2022-04-22,New York,USA,5.8,2.7,0.1,86.9,Drizzle
2022-04-22,London,UK,11.7,4.5,0.1,38.4,Clear
2022-04-22,Tokyo,Japan,12.4,7.7,0.9,85.4,Sunny
2022-04-22,Sydney,Australia,16.8,6.7,0.0,67.2,Clear
2022-04-22,Cairo,Egypt,20.3,18.0,0.0,31.2,Cloudy
2022-04-23,New York,USA,14.0,3.1,0.2,43.4,Cloudy
2022-04-23,London,UK,13.2,3.5,0.1,36.0,Partly Cloudy
2022-04-23,Tokyo,Japan,15.4,6.1,0.1,70.5,Light Rain
2022-04-23,Sydney,Australia,15.2,10.0,0.1,34.8,Light Rain
2022-04-23,Cairo,Egypt,26.5,15.5,0.2,44.3,Sunny
2022-04-24,New York,USA,6.6,0.9,0.2,41.6,Cloudy
2022-04-24,London,UK,11.6,5.5,21.1,48.1,Heavy Rain
2022-04-24,Tokyo,Japan,14.4,3.5,0.6,34.5,Sunny
2022-04-24,Sydney,Australia,13.0,8.9,0.2,82.1,Partly Cloudy
2022-04-24,Cairo,Egypt,24.1,16.5,0.0,36.2,Clear
2022-04-25,New York,USA,10.6,6.2,0.2,74.9,Clear
2022-04-25,London,UK,10.8,5.5,0.0,73.6,Sunny
2022-04-25,Tokyo,Japan,15.1,8.8,0.1,46.3,Partly Cloudy
2022-04-25,Sydney,Australia,15.8,9.2,0.1,71.3,Cloudy
2022-04-25,Cairo,Egypt,29.5,16.6,0.6,33.2,Sunny
2022-04-26,New York,USA,13.4,2.3,0.0,20,Light Rain
2022-04-26,London,UK,11.1,4.0,0.2,93.2,Light Rain
2022-04-26,Tokyo,Japan,14.8,5.5,0.6,92.0,Cloudy
2022-04-26,Sydney,Australia,14.3,10.0,0.2,60.4,Sunny
2022-04-26,Cairo,Egypt,26.9,18.4,0.0,67.4,Sunny
2022-04-27,New York,USA,11.4,2.9,0.0,82.8,Sunny
2022-04-27,London,UK,14.2,3.4,0.3,55.9,Clear
2022-04-27,Tokyo,Japan,12.1,5.5,0.6,52.8,Cloudy
2022-04-27,Sydney,Australia,20.1,8.2,31.6,67.3,Heavy Rain
2022-04-27,Cairo,Egypt,23.7,18.0,0.0,53.9,Light Rain
2022-04-28,New York,USA,7.9,3.4,1.1,67.2,Sunny
2022-04-28,London,UK,13.7,4.9,0.9,83.8,Partly Cloudy
2022-04-28,Tokyo,Japan,17.3,5.1,0.8,75.0,Partly Cloudy
2022-04-28,Sydney,Australia,18.1,7.3,1.4,80.5,Cloudy
2022-04-28,Cairo,Egypt,25.4,15.3,0.0,47.8,Partly Cloudy
2022-04-29,New York,USA,8.4,4.1,0.1,99,Clear
2022-04-29,London,UK,15.6,5.1,0.2,49.0,Cloudy
2022-04-29,Tokyo,Japan,18.1,10.7,0.0,30.2,Sunny
2022-04-29,Sydney,Australia,13.9,9.7,0.4,64.5,Light Rain
2022-04-29,Cairo,Egypt,26.3,18.5,0.0,54.0,Clear
2022-04-30,New York,USA,13.8,3.9,1.6,64.7,Light Rain
2022-04-30,London,UK,13.7,5.3,0.0,73.3,Partly Cloudy
2022-04-30,Tokyo,Japan,16.3,6.5,0.1,44.4,Sunny
2022-04-30,Sydney,Australia,11.7,5.6,1.3,86.8,Clear
2022-04-30,Cairo,Egypt,22.3,18.4,0.2,54.2,Light Rain
2022-05-01,New York,USA,9.5,3.7,0.1,55.0,Partly Cloudy
2022-05-01,London,UK,12.7,7.6,0.1,51.4,Cloudy
2022-05-01,Tokyo,Japan,15.7,6.5,0.5,48.2,Cloudy
2022-05-01,Sydney,Australia,18.3,6.7,0.7,24.2,Partly Cloudy
2022-05-01,Cairo,Egypt,26.5,20.1,0.3,64.4,Cloudy
2022-05-02,New York,USA,11.5,5.8,0.1,73.1,Partly Cloudy
2022-05-02,London,UK,14.3,9.9,0.0,55.0,Sunny
2022-05-02,Tokyo,Japan,14.4,11.3,0.4,41.7,Sunny
2022-05-02,Sydney,Australia,18.8,9.6,0.1,47.6,Sunny
2022-05-02,Cairo,Egypt,25.6,18.2,1.0,68.9,Sunny
2022-05-03,New York,USA,17.9,4.7,0.1,72.7,Light Rain
2022-05-03,London,UK,13.4,4.2,0.0,73.1,Partly Cloudy
2022-05-03,Tokyo,Japan,18.5,8.0,0.2,72.1,Clear
2022-05-03,Sydney,Australia,10.8,5.8,0.0,26.6,Cloudy
2022-05-03,Cairo,Egypt,22.1,18.1,0.0,67.7,Sunny
2022-05-04,New York,USA,13.8,8.2,0.3,51.8,Cloudy
2022-05-04,London,UK,14.1,4.8,0.5,83.6,Sunny
2022-05-04,Tokyo,Japan,19.5,6.6,0.7,86.6,Light Rain
2022-05-04,Sydney,Australia,15.2,8.5,0.0,61.4,Clear
2022-05-04,Cairo,Egypt,25.7,14.5,0.0,21.8,Cloudy
2022-05-05,New York,USA,12.4,3.3,0.1,74.5,Light Rain
2022-05-05,London,UK,16.1,7.2,5.7,20,Heavy Rain
2022-05-05,Tokyo,Japan,14.0,12.0,0.0,38.4,Partly Cloudy
2022-05-05,Sydney,Australia,14.2,8.3,0.0,61.1,Partly Cloudy
2022-05-05,Cairo,Egypt,26.8,15.7,0.0,66.1,Partly Cloudy
2022-05-06,New York,USA,14.3,6.3,0.0,55.2,Sunny
2022-05-06,London,UK,11.7,3.5,0.1,82.7,Sunny
2022-05-06,Tokyo,Japan,14.5,6.5,0.0,89.5,Cloudy
2022-05-06,Sydney,Australia,11.3,3.7,0.1,53.5,Sunny
2022-05-06,Cairo,Egypt,23.5,20.1,0.0,76.5,Light Rain
2022-05-07,New York,USA,14.3,1.9,0.0,81.5,Clear
2022-05-07,London,UK,7.5,5.5,0.1,71.0,Cloudy
2022-05-07,Tokyo,Japan,16.9,10.4,0.1,61.6,Light Rain
2022-05-07,Sydney,Australia,12.5,6.1,0.0,62.9,Partly Cloudy
2022-05-07,Cairo,Egypt,24.6,16.3,0.4,71.2,Light Rain
2022-05-08,New York,USA,13.7,4.8,0.0,99,Cloudy
2022-05-08,London,UK,15.5,2.9,0.4,62.9,Partly Cloudy
2022-05-08,Tokyo,Japan,19.1,12.4,4.9,56.3,Cloudy
2022-05-08,Sydney,Australia,11.2,5.1,0.1,65.8,Light Rain
2022-05-08,Cairo,Egypt,25.4,15.3,0.0,86.9,Sunny
2022-05-09,New York,USA,16.9,3.5,2.4,64.9,Sunny
2022-05-09,London,UK,16.9,4.6,3.6,50.9,Cloudy
2022-05-09,Tokyo,Japan,19.2,11.3,0.1,82.6,Cloudy
2022-05-09,Sydney,Australia,16.3,7.0,0.3,52.6,Sunny
2022-05-09,Cairo,Egypt,29.8,17.6,0.0,54.9,Sunny
2022-05-10,New York,USA,13.5,3.4,26.5,74.9,Heavy Rain
2022-05-10,London,UK,10.9,5.8,0.0,82.1,Clear
2022-05-10,Tokyo,Japan,19.7,10.8,0.4,73.1,Sunny
2022-05-10,Sydney,Australia,18.3,4.2,0.7,32.1,Partly Cloudy
2022-05-10,Cairo,Egypt,30.2,18.4,0.2,20,Partly Cloudy
2022-05-11,New York,USA,15.2,6.1,0.1,37.0,Light Rain
2022-05-11,London,UK,16.6,8.5,0.3,58.5,Sunny
2022-05-11,Tokyo,Japan,18.6,9.0,7.2,31.7,Heavy Rain
2022-05-11,Sydney,Australia,14.5,7.5,0.1,52.6,Cloudy
2022-05-11,Cairo,Egypt,28.1,17.9,0.0,42.2,Sunny
2022-05-12,New York,USA,15.6,6.3,0.1,25.4,Sunny
2022-05-12,London,UK,18.1,9.8,0.1,55.4,Cloudy
2022-05-12,Tokyo,Japan,16.1,12.5,0.1,88.9,Sunny
2022-05-12,Sydney,Australia,16.8,6.9,4.5,65.5,Sunny
2022-05-12,Cairo,Egypt,24.0,19.3,0.1,79.4,Light Rain
2022-05-13,New York,USA,14.7,4.2,0.3,36.9,Clear
2022-05-13,London,UK,17.5,5.1,0.6,57.7,Sunny
2022-05-13,Tokyo,Japan,14.4,12.4,0.1,40.0,Cloudy
2022-05-13,Sydney,Australia,11.6,7.1,0.7,46.4,Clear
2022-05-13,Cairo,Egypt,30.2,18.2,0.0,49.1,Sunny
2022-05-14,New York,USA,12.7,6.6,0.1,64.3,Light Rain
2022-05-14,London,UK,12.1,8.7,0.0,98.9,Partly Cloudy
2022-05-14,Tokyo,Japan,22.4,9.9,1.8,20,Clear
2022-05-14,Sydney,Australia,11.3,4.9,0.1,56.6,Partly Cloudy
2022-05-14,Cairo,Egypt,28.6,18.2,0.4,43.0,Hazy
2022-05-15,New York,USA,16.2,6.9,0.0,91.8,Sunny
2022-05-15,London,UK,14.8,6.9,2.7,29.0,Partly Cloudy
2022-05-15,Tokyo,Japan,19.1,10.4,0.1,71.8,Light Rain
2022-05-15,Sydney,Australia,15.6,-0.3,0.1,62.0,Light Rain
2022-05-15,Cairo,Egypt,29.3,19.7,1.3,23.8,Hazy
2022-05-16,New York,USA,16.2,3.9,0.2,99,Partly Cloudy
2022-05-16,London,UK,15.7,6.7,4.8,57.3,Light Rain
2022-05-16,Tokyo,Japan,21.4,8.0,0.0,64.6,Cloudy
2022-05-16,Sydney,Australia,15.0,3.5,0.5,83.4,Sunny
2022-05-16,Cairo,Egypt,26.8,16.1,0.0,46.0,Light Rain
2022-05-17,New York,USA,16.3,7.8,1.1,70.8,Clear
2022-05-17,London,UK,13.3,7.6,0.1,46.6,Clear
2022-05-17,Tokyo,Japan,17.0,15.0,0.1,40.1,Partly Cloudy
2022-05-17,Sydney,Australia,14.4,5.3,0.0,62.8,Cloudy
2022-05-17,Cairo,Egypt,25.2,19.8,0.1,72.8,Clear
2022-05-18,New York,USA,16.5,8.0,0.9,70.0,Sunny
2022-05-18,London,UK,15.3,7.0,1.0,52.9,Sunny
2022-05-18,Tokyo,Japan,18.0,11.6,3.0,84.7,Cloudy
2022-05-18,Sydney,Australia,16.1,4.6,0.1,89.3,Cloudy
2022-05-18,Cairo,Egypt,29.0,23.7,0.0,71.6,Sunny
2022-05-19,New York,USA,9.1,7.1,0.1,44.9,Light Rain
2022-05-19,London,UK,16.1,6.9,0.2,49.7,Clear
2022-05-19,Tokyo,Japan,28.6,11.5,0.5,35.6,Partly Cloudy
2022-05-19,Sydney,Australia,12.1,6.3,2.6,67.7,Partly Cloudy
2022-05-19,Cairo,Egypt,31.2,22.0,0.0,55.4,Sunny
2022-05-20,New York,USA,14.1,8.9,0.4,67.2,Light Rain
2022-05-20,London,UK,19.1,10.1,24.6,46.6,Heavy Rain
2022-05-20,Tokyo,Japan,21.4,10.4,0.1,33.3,Light Rain
2022-05-20,Sydney,Australia,15.1,7.0,2.4,66.6,Cloudy
2022-05-20,Cairo,Egypt,28.0,19.0,0.0,42.1,Sunny
2022-05-21,New York,USA,12.2,9.7,0.1,83.3,Sunny
2022-05-21,London,UK,17.7,9.2,0.9,64.1,Partly Cloudy
2022-05-21,Tokyo,Japan,19.8,12.3,0.1,20,Clear
2022-05-21,Sydney,Australia,16.1,3.7,0.0,38.7,Sunny
2022-05-21,Cairo,Egypt,28.4,17.9,0.1,68.6,Sunny
2022-05-22,New York,USA,14.0,6.5,0.2,50.9,Cloudy
2022-05-22,London,UK,15.3,8.9,0.7,97.3,Light Rain
2022-05-22,Tokyo,Japan,21.7,8.4,0.0,88.7,Sunny
2022-05-22,Sydney,Australia,12.8,5.0,0.1,82.3,Light Rain
2022-05-22,Cairo,Egypt,26.5,21.0,1.2,60.7,Cloudy
2022-05-23,New York,USA,19.7,10.1,2.5,50.5,Light Rain
2022-05-23,London,UK,16.3,11.1,0.1,64.1,Sunny
2022-05-23,Tokyo,Japan,20.5,9.8,8.2,41.1,Heavy Rain
2022-05-23,Sydney,Australia,11.4,3.2,0.2,36.4,Partly Cloudy
2022-05-23,Cairo,Egypt,25.2,22.0,0.7,59.0,Cloudy
2022-05-24,New York,USA,15.4,5.7,0.7,72.1,Clear
2022-05-24,London,UK,14.7,10.4,0.0,58.2,Cloudy
2022-05-24,Tokyo,Japan,21.9,9.4,0.0,65.7,Sunny
2022-05-24,Sydney,Australia,14.3,5.7,0.0,88.0,Partly Cloudy
2022-05-24,Cairo,Egypt,26.5,19.4,0.0,67.1,Partly Cloudy
2022-05-25,New York,USA,15.8,4.4,0.0,84.5,Partly Cloudy
2022-05-25,London,UK,13.9,8.6,0.0,79.0,Light Rain
2022-05-25,Tokyo,Japan,22.3,10.2,0.4,77.5,Light Rain
2022-05-25,Sydney,Australia,14.1,3.7,0.4,43.2,Sunny
2022-05-25,Cairo,Egypt,27.5,21.7,0.0,55.3,Clear
2022-05-26,New York,USA,20.0,8.2,1.9,53.8,Partly Cloudy
2022-05-26,London,UK,15.8,10.4,0.1,83.0,Cloudy
2022-05-26,Tokyo,Japan,20.5,8.0,2.2,53.8,Clear
2022-05-26,Sydney,Australia,11.1,1.7,0.7,89.2,Cloudy
2022-05-26,Cairo,Egypt,32.9,21.9,0.0,72.1,Partly Cloudy
2022-05-27,New York,USA,16.6,11.2,0.2,67.6,Cloudy
2022-05-27,London,UK,16.9,9.4,0.3,57.5,Partly Cloudy
2022-05-27,Tokyo,Japan,23.6,13.1,0.1,47.7,Partly Cloudy
2022-05-27,Sydney,Australia,7.9,5.0,0.7,71.0,Drizzle
2022-05-27,Cairo,Egypt,26.3,23.6,0.2,57.4,Cloudy
2022-05-28,New York,USA,20.4,8.9,0.1,96.0,Partly Cloudy
2022-05-28,London,UK,18.2,8.4,0.1,67.5,Partly Cloudy
2022-05-28,Tokyo,Japan,16.7,10.9,5.4,66.7,Heavy Rain
2022-05-28,Sydney,Australia,11.8,7.1,0.1,42.4,Partly Cloudy
2022-05-28,Cairo,Egypt,28.1,21.7,0.2,42.7,Hazy
2022-05-29,New York,USA,18.6,9.0,0.4,92.9,Light Rain
2022-05-29,London,UK,16.4,9.3,0.1,71.9,Sunny
2022-05-29,Tokyo,Japan,22.1,11.7,0.0,69.4,Cloudy
2022-05-29,Sydney,Australia,9.1,3.4,0.2,86.0,Cloudy
2022-05-29,Cairo,Egypt,34.8,19.4,0.5,54.4,Sunny
2022-05-30,New York,USA,21.4,4.4,0.9,51.3,Clear
2022-05-30,London,UK,18.0,7.2,4.1,54.3,Sunny
2022-05-30,Tokyo,Japan,20.3,10.8,0.0,47.6,Clear
2022-05-30,Sydney,Australia,13.4,9.0,0.2,37.1,Light Rain
2022-05-30,Cairo,Egypt,35.4,22.5,0.2,47.9,Hazy
2022-05-31,New York,USA,20.7,8.9,0.5,20,Clear
2022-05-31,London,UK,15.1,6.4,0.3,97.4,Clear
2022-05-31,Tokyo,Japan,21.3,14.1,0.0,56.7,Partly Cloudy
2022-05-31,Sydney,Australia,9.9,6.2,0.0,43.0,Cloudy
2022-05-31,Cairo,Egypt,27.5,23.2,0.0,66.8,Light Rain
2022-06-01,New York,USA,15.2,10.8,0.3,31.3,Cloudy
2022-06-01,London,UK,18.3,9.5,2.0,20,Light Rain
2022-06-01,Tokyo,Japan,19.3,12.1,2.4,67.9,Light Rain
2022-06-01,Sydney,Australia,13.4,5.5,0.0,55.1,Sunny
2022-06-01,Cairo,Egypt,25.7,23.0,0.0,22.6,Light Rain
2022-06-02,New York,USA,15.3,10.2,1.3,71.1,Cloudy
2022-06-02,London,UK,20.0,10.7,0.0,39.0,Cloudy
2022-06-02,Tokyo,Japan,22.9,9.4,0.1,94.1,Cloudy
2022-06-02,Sydney,Australia,14.1,3.5,1.8,80.0,Partly Cloudy
2022-06-02,Cairo,Egypt,30.5,19.3,1.3,35.7,Partly Cloudy
2022-06-03,New York,USA,18.6,6.6,0.7,20,Cloudy
2022-06-03,London,UK,20.1,9.3,14.8,49.9,Heavy Rain
2022-06-03,Tokyo,Japan,23.3,15.2,0.0,41.0,Cloudy
2022-06-03,Sydney,Australia,14.3,-2.7,0.0,84.6,Cloudy
2022-06-03,Cairo,Egypt,25.9,22.0,0.1,32.7,Partly Cloudy
2022-06-04,New York,USA,18.4,9.0,0.2,44.2,Partly Cloudy
2022-06-04,London,UK,16.7,11.6,0.5,52.3,Sunny
2022-06-04,Tokyo,Japan,16.6,12.3,0.0,99,Partly Cloudy
2022-06-04,Sydney,Australia,17.9,4.2,0.0,92.0,Cloudy
2022-06-04,Cairo,Egypt,31.6,22.7,0.0,49.5,Sunny
2022-06-05,New York,USA,13.1,5.1,0.1,31.2,Partly Cloudy
2022-06-05,London,UK,20.6,8.9,0.8,20,Light Rain
2022-06-05,Tokyo,Japan,23.1,10.6,0.1,63.8,Sunny
2022-06-05,Sydney,Australia,12.3,7.4,0.2,29.5,Cloudy
2022-06-05,Cairo,Egypt,30.8,22.0,0.0,58.0,Sunny
2022-06-06,New York,USA,18.5,6.8,1.4,58.9,Sunny
2022-06-06,London,UK,18.1,8.1,0.5,48.2,Light Rain
2022-06-06,Tokyo,Japan,21.4,14.5,2.4,48.1,Cloudy
2022-06-06,Sydney,Australia,9.7,7.699999999999999,0.1,73.8,Clear
2022-06-06,Cairo,Egypt,30.0,21.8,0.1,38.2,Sunny
2022-06-07,New York,USA,12.8,6.2,2.4,61.1,Sunny
2022-06-07,London,UK,19.8,9.9,7.2,46.1,Heavy Rain
2022-06-07,Tokyo,Japan,24.9,14.4,0.0,75.7,Light Rain
2022-06-07,Sydney,Australia,13.8,-0.6,0.1,36.1,Cloudy
2022-06-07,Cairo,Egypt,25.6,19.6,0.0,84.4,Sunny
2022-06-08,New York,USA,19.8,9.7,0.1,63.6,Light Rain
2022-06-08,London,UK,15.8,6.1,0.1,20,Light Rain
2022-06-08,Tokyo,Japan,22.9,10.1,0.5,48.4,Cloudy
2022-06-08,Sydney,Australia,6.4,4.4,0.0,76.8,Sunny
2022-06-08,Cairo,Egypt,27.8,20.3,0.0,31.2,Clear
2022-06-09,New York,USA,18.1,9.2,0.8,59.9,Light Rain
2022-06-09,London,UK,18.2,7.3,0.5,24.5,Sunny
2022-06-09,Tokyo,Japan,23.4,13.7,0.0,36.1,Cloudy
2022-06-09,Sydney,Australia,7.8,2.3,0.3,43.8,Snow
2022-06-09,Cairo,Egypt,30.4,23.1,0.0,47.4,Hazy
2022-06-10,New York,USA,16.8,11.9,1.5,21.9,Partly Cloudy
2022-06-10,London,UK,13.8,6.7,0.0,51.9,Cloudy
2022-06-10,Tokyo,Japan,21.2,13.1,0.8,70.4,Sunny
2022-06-10,Sydney,Australia,9.5,6.2,0.1,67.9,Clear
2022-06-10,Cairo,Egypt,32.7,22.8,0.0,35.2,Sunny
2022-06-11,New York,USA,11.9,8.8,0.2,80.0,Partly Cloudy
2022-06-11,London,UK,17.0,11.6,0.6,83.1,Sunny
2022-06-11,Tokyo,Japan,17.6,13.3,4.9,45.4,Sunny
2022-06-11,Sydney,Australia,13.1,5.3,0.0,45.3,Partly Cloudy
2022-06-11,Cairo,Egypt,29.3,22.2,0.0,47.9,Sunny
2022-06-12,New York,USA,21.3,12.5,0.1,33.3,Cloudy
2022-06-12,London,UK,22.9,9.2,0.0,69.8,Sunny
2022-06-12,Tokyo,Japan,24.9,10.4,0.0,59.3,Light Rain
2022-06-12,Sydney,Australia,11.8,5.0,2.5,60.4,Light Rain
2022-06-12,Cairo,Egypt,33.1,18.0,0.1,62.5,Hazy
2022-06-13,New York,USA,17.2,11.5,0.0,40.8,Clear
2022-06-13,London,UK,15.9,9.4,0.0,72.0,Partly Cloudy
2022-06-13,Tokyo,Japan,19.8,13.3,0.0,78.6,Sunny
2022-06-13,Sydney,Australia,5.9,3.7,0.2,84.0,Overcast
2022-06-13,Cairo,Egypt,34.9,21.9,4.8,74.6,Sunny
2022-06-14,New York,USA,18.0,3.8,0.3,95.0,Sunny
2022-06-14,London,UK,19.2,7.7,0.1,39.2,Partly Cloudy
2022-06-14,Tokyo,Japan,23.5,11.7,0.4,32.1,Sunny
2022-06-14,Sydney,Australia,8.9,0.8,0.3,51.6,Sunny
2022-06-14,Cairo,Egypt,34.0,21.6,0.0,70.0,Hazy
2022-06-15,New York,USA,18.2,7.4,1.2,90.6,Sunny
2022-06-15,London,UK,18.2,9.6,0.3,63.8,Clear
2022-06-15,Tokyo,Japan,19.2,14.3,3.1,63.9,Sunny
2022-06-15,Sydney,Australia,8.9,3.3,0.5,66.0,Clear
2022-06-15,Cairo,Egypt,34.9,22.2,0.2,44.5,Sunny
2022-06-16,New York,USA,17.2,9.4,1.0,70.9,Cloudy
2022-06-16,London,UK,16.0,10.1,0.3,42.2,Light Rain
2022-06-16,Tokyo,Japan,21.9,12.4,0.4,49.7,Cloudy
2022-06-16,Sydney,Australia,13.5,4.3,0.1,29.1,Cloudy
2022-06-16,Cairo,Egypt,31.4,24.2,0.0,48.2,Hazy
2022-06-17,New York,USA,20.5,7.6,0.1,47.8,Cloudy
2022-06-17,London,UK,12.4,7.8,1.3,43.2,Partly Cloudy
2022-06-17,Tokyo,Japan,23.5,12.1,0.0,78.2,Partly Cloudy
2022-06-17,Sydney,Australia,13.4,5.2,1.0,55.1,Partly Cloudy
2022-06-17,Cairo,Egypt,32.2,22.3,3.2,27.3,Hazy
2022-06-18,New York,USA,16.9,6.4,2.2,38.0,Sunny
2022-06-18,London,UK,18.4,10.5,2.3,67.8,Partly Cloudy
2022-06-18,Tokyo,Japan,22.5,15.5,0.9,20,Light Rain
2022-06-18,Sydney,Australia,12.9,4.2,7.2,60.2,Heavy Rain
2022-06-18,Cairo,Egypt,27.6,21.7,0.0,68.9,Light Rain
2022-06-19,New York,USA,16.4,9.3,0.0,77.4,Partly Cloudy
2022-06-19,London,UK,17.2,7.1,0.5,57.1,Cloudy
2022-06-19,Tokyo,Japan,18.4,16.2,0.1,77.5,Light Rain
2022-06-19,Sydney,Australia,11.5,0.6,1.3,78.5,Cloudy
2022-06-19,Cairo,Egypt,27.2,23.7,0.1,36.5,Light Rain
2022-06-20,New York,USA,22.6,8.0,0.1,67.4,Cloudy
2022-06-20,London,UK,21.0,9.8,0.0,63.1,Clear
2022-06-20,Tokyo,Japan,20.4,15.9,0.0,59.3,Sunny
2022-06-20,Sydney,Australia,9.0,2.9,0.0,38.1,Light Rain
2022-06-20,Cairo,Egypt,28.4,20.5,0.1,60.8,Sunny
2022-06-21,New York,USA,15.3,7.1,0.4,30.1,Clear
2022-06-21,London,UK,14.1,9.1,0.2,83.4,Cloudy
2022-06-21,Tokyo,Japan,22.5,15.3,0.1,54.8,Clear
2022-06-21,Sydney,Australia,16.8,3.2,0.0,44.6,Sunny
2022-06-21,Cairo,Egypt,29.3,22.2,3.1,65.3,Hazy
2022-06-22,New York,USA,20.6,9.8,2.0,64.5,Partly Cloudy
2022-06-22,London,UK,15.9,7.1,0.0,27.0,Light Rain
2022-06-22,Tokyo,Japan,20.3,11.0,1.0,73.6,Partly Cloudy
2022-06-22,Sydney,Australia,16.4,0.5,0.2,75.0,Partly Cloudy
2022-06-22,Cairo,Egypt,29.9,21.5,0.0,55.8,Hazy
2022-06-23,New York,USA,16.9,10.1,0.6,34.5,Light Rain
2022-06-23,London,UK,16.3,9.8,0.4,20,Sunny
2022-06-23,Tokyo,Japan,21.3,14.8,1.1,53.3,Sunny
2022-06-23,Sydney,Australia,13.1,2.3,0.1,48.8,Cloudy
2022-06-23,Cairo,Egypt,27.4,22.6,0.0,35.3,Cloudy
2022-06-24,New York,USA,18.2,7.8,3.5,58.5,Sunny
2022-06-24,London,UK,17.8,9.6,0.4,59.1,Sunny
2022-06-24,Tokyo,Japan,19.7,13.0,1.6,82.7,Cloudy
2022-06-24,Sydney,Australia,13.4,5.0,1.1,60.4,Light Rain
2022-06-24,Cairo,Egypt,32.8,22.1,0.0,59.6,Hazy
2022-06-25,New York,USA,18.4,12.5,0.2,69.6,Light Rain
2022-06-25,London,UK,19.7,8.1,0.0,47.0,Partly Cloudy
2022-06-25,Tokyo,Japan,22.7,13.4,0.2,46.6,Clear
2022-06-25,Sydney,Australia,9.4,5.4,0.0,49.3,Cloudy
2022-06-25,Cairo,Egypt,28.8,22.6,0.0,70.9,Sunny
2022-06-26,New York,USA,20.4,10.9,0.1,61.4,Cloudy
2022-06-26,London,UK,20.6,10.0,0.2,62.1,Sunny
2022-06-26,Tokyo,Japan,23.0,11.0,0.3,84.9,Sunny
2022-06-26,Sydney,Australia,9.0,6.3,0.2,90.5,Sunny
2022-06-26,Cairo,Egypt,27.8,23.1,0.0,74.2,Light Rain
2022-06-27,New York,USA,15.9,12.2,0.4,50.6,Light Rain
2022-06-27,London,UK,14.3,8.1,1.2,69.3,Partly Cloudy
2022-06-27,Tokyo,Japan,20.8,12.8,15.8,52.7,Heavy Rain
2022-06-27,Sydney,Australia,12.1,5.7,0.4,51.5,Light Rain
2022-06-27,Cairo,Egypt,32.9,24.5,0.0,77.1,Hazy
2022-06-28,New York,USA,13.8,11.7,12.6,70.1,Heavy Rain
2022-06-28,London,UK,11.7,9.7,0.2,77.3,Cloudy
2022-06-28,Tokyo,Japan,24.7,13.3,0.0,27.8,Cloudy
2022-06-28,Sydney,Australia,12.9,7.6,0.2,85.8,Light Rain
2022-06-28,Cairo,Egypt,31.0,24.9,0.1,52.4,Sunny
2022-06-29,New York,USA,21.6,10.2,0.1,29.9,Clear
2022-06-29,London,UK,18.2,8.2,0.1,87.0,Clear
2022-06-29,Tokyo,Japan,22.9,11.6,3.3,64.2,Clear
2022-06-29,Sydney,Australia,17.4,3.9,0.7,77.2,Light Rain
2022-06-29,Cairo,Egypt,28.1,24.8,0.1,85.2,Sunny
2022-06-30,New York,USA,15.7,11.5,0.6,72.1,Light Rain
2022-06-30,London,UK,18.5,11.5,0.1,42.3,Partly Cloudy
2022-06-30,Tokyo,Japan,20.8,14.1,0.1,66.7,Sunny
2022-06-30,Sydney,Australia,14.9,4.2,0.0,51.7,Partly Cloudy
2022-06-30,Cairo,Egypt,30.7,20.1,0.0,60.4,Sunny
2022-07-01,New York,USA,17.0,10.4,5.3,62.2,Heavy Rain
2022-07-01,London,UK,16.8,7.9,0.0,74.0,Partly Cloudy
2022-07-01,Tokyo,Japan,21.3,12.8,2.2,53.7,Sunny
2022-07-01,Sydney,Australia,7.9,5.9,0.7,92.2,Partly Cloudy
2022-07-01,Cairo,Egypt,30.3,21.3,0.0,58.0,Sunny
2022-07-02,New York,USA,16.4,6.2,0.1,62.3,Partly Cloudy
2022-07-02,London,UK,14.0,12.0,0.1,71.6,Clear
2022-07-02,Tokyo,Japan,21.3,13.6,0.1,65.9,Cloudy
2022-07-02,Sydney,Australia,9.0,6.2,0.1,54.4,Light Rain
2022-07-02,Cairo,Egypt,30.9,20.3,0.6,74.6,Sunny
2022-07-03,New York,USA,21.0,8.3,0.2,72.2,Partly Cloudy
2022-07-03,London,UK,16.5,10.0,0.4,69.4,Cloudy
2022-07-03,Tokyo,Japan,20.8,11.5,0.7,75.0,Clear
2022-07-03,Sydney,Australia,14.2,4.4,0.1,39.6,Cloudy
2022-07-03,Cairo,Egypt,29.5,20.4,0.0,36.8,Sunny
2022-07-04,New York,USA,21.2,7.6,0.2,51.8,Partly Cloudy
2022-07-04,London,UK,15.7,9.8,0.5,31.2,Light Rain
2022-07-04,Tokyo,Japan,19.3,15.5,2.8,79.9,Light Rain
2022-07-04,Sydney,Australia,12.3,-1.4,0.2,74.8,Light Rain
2022-07-04,Cairo,Egypt,32.6,22.3,0.2,37.0,Hazy
2022-07-05,New York,USA,16.3,8.2,0.1,84.5,Cloudy
2022-07-05,London,UK,16.0,12.8,0.0,56.3,Clear
2022-07-05,Tokyo,Japan,19.1,12.4,1.5,78.7,Light Rain
2022-07-05,Sydney,Australia,10.0,6.2,0.1,30.2,Light Rain
2022-07-05,Cairo,Egypt,29.1,18.9,0.1,48.5,Sunny
2022-07-06,New York,USA,16.2,6.5,0.6,72.6,Light Rain
2022-07-06,London,UK,21.3,7.1,0.0,47.6,Partly Cloudy
2022-07-06,Tokyo,Japan,20.6,14.0,0.0,81.9,Partly Cloudy
2022-07-06,Sydney,Australia,11.0,2.2,1.1,38.7,Cloudy
2022-07-06,Cairo,Egypt,30.4,21.4,0.0,30.5,Sunny
2022-07-07,New York,USA,19.8,8.0,0.2,38.8,Sunny
2022-07-07,London,UK,15.1,5.5,0.0,62.2,Light Rain
2022-07-07,Tokyo,Japan,17.7,12.3,0.4,70.9,Light Rain
2022-07-07,Sydney,Australia,12.3,8.2,51.8,68.4,Heavy Rain
2022-07-07,Cairo,Egypt,28.8,22.5,0.0,98.8,Sunny
2022-07-08,New York,USA,16.0,10.5,3.2,56.1,Cloudy
2022-07-08,London,UK,14.1,12.1,0.3,41.7,Partly Cloudy
2022-07-08,Tokyo,Japan,18.9,14.6,2.0,56.3,Sunny
2022-07-08,Sydney,Australia,9.9,2.6,0.0,56.5,Cloudy
2022-07-08,Cairo,Egypt,27.4,19.1,0.4,67.5,Light Rain
2022-07-09,New York,USA,14.1,8.2,1.4,20.6,Sunny
2022-07-09,London,UK,11.9,9.9,0.3,32.1,Partly Cloudy
2022-07-09,Tokyo,Japan,24.1,14.5,0.1,68.8,Partly Cloudy
2022-07-09,Sydney,Australia,15.7,3.2,0.3,20,Light Rain
2022-07-09,Cairo,Egypt,27.9,22.8,0.0,60.6,Clear
2022-07-10,New York,USA,19.0,9.8,0.3,20.4,Cloudy
2022-07-10,London,UK,16.7,9.2,4.1,30.8,Cloudy
2022-07-10,Tokyo,Japan,20.5,14.4,0.3,31.1,Clear
2022-07-10,Sydney,Australia,17.4,7.9,15.7,69.6,Heavy Rain
2022-07-10,Cairo,Egypt,32.4,20.4,0.0,76.0,Sunny
2022-07-11,New York,USA,17.1,7.9,0.2,31.5,Clear
2022-07-11,London,UK,18.7,6.3,0.4,51.6,Clear
2022-07-11,Tokyo,Japan,23.2,13.9,0.6,65.2,Light Rain
2022-07-11,Sydney,Australia,7.3,1.0,0.1,82.7,Drizzle
2022-07-11,Cairo,Egypt,25.5,23.5,0.0,75.5,Light Rain
2022-07-12,New York,USA,15.4,9.7,0.9,58.8,Clear
2022-07-12,London,UK,13.5,9.7,0.1,82.9,Clear
2022-07-12,Tokyo,Japan,20.3,10.9,0.2,39.7,Sunny
2022-07-12,Sydney,Australia,12.4,5.0,0.9,82.6,Light Rain
2022-07-12,Cairo,Egypt,29.2,24.4,0.2,74.2,Partly Cloudy
2022-07-13,New York,USA,18.1,10.9,0.2,99,Sunny
2022-07-13,London,UK,19.0,10.9,2.1,86.8,Light Rain
2022-07-13,Tokyo,Japan,19.3,14.0,0.2,39.0,Clear
2022-07-13,Sydney,Australia,8.1,2.7,0.0,50.4,Sunny
2022-07-13,Cairo,Egypt,29.9,22.4,0.0,20,Sunny
2022-07-14,New York,USA,16.1,11.9,0.0,64.0,Partly Cloudy
2022-07-14,London,UK,15.5,9.4,0.2,61.6,Light Rain
2022-07-14,Tokyo,Japan,22.2,10.8,0.1,62.6,Clear
2022-07-14,Sydney,Australia,12.9,5.6,0.0,84.7,Partly Cloudy
2022-07-14,Cairo,Egypt,30.6,23.2,0.0,63.6,Hazy
2022-07-15,New York,USA,18.2,6.8,0.1,73.9,Cloudy
2022-07-15,London,UK,18.4,10.0,0.2,48.4,Clear
2022-07-15,Tokyo,Japan,16.8,14.4,0.0,51.8,Light Rain
2022-07-15,Sydney,Australia,12.8,5.0,0.2,46.6,Clear
2022-07-15,Cairo,Egypt,27.1,22.0,0.0,54.4,Clear
2022-07-16,New York,USA,16.9,7.5,0.5,81.7,Partly Cloudy
2022-07-16,London,UK,13.9,7.7,0.4,88.2,Partly Cloudy
2022-07-16,Tokyo,Japan,20.7,12.6,6.6,20,Heavy Rain
2022-07-16,Sydney,Australia,15.0,7.6,0.3,69.6,Light Rain
2022-07-16,Cairo,Egypt,31.3,20.7,0.0,61.6,Sunny
2022-07-17,New York,USA,15.2,5.1,0.2,46.6,Partly Cloudy
2022-07-17,London,UK,14.6,8.3,0.1,58.9,Partly Cloudy
2022-07-17,Tokyo,Japan,22.4,11.9,0.1,51.9,Partly Cloudy
2022-07-17,Sydney,Australia,17.3,2.0,3.6,60.1,Sunny
2022-07-17,Cairo,Egypt,33.4,20.3,0.1,69.2,Partly Cloudy
2022-07-18,New York,USA,16.2,10.2,0.2,66.2,Clear
2022-07-18,London,UK,16.9,7.9,0.1,68.8,Cloudy
2022-07-18,Tokyo,Japan,18.9,13.1,0.0,42.8,Clear
2022-07-18,Sydney,Australia,11.7,5.1,0.1,65.2,Sunny
2022-07-18,Cairo,Egypt,22.6,18.7,0.0,41.0,Light Rain
2022-07-19,New York,USA,11.3,8.2,0.3,88.6,Cloudy
2022-07-19,London,UK,19.1,9.8,0.6,63.1,Cloudy
2022-07-19,Tokyo,Japan,19.4,13.9,0.1,29.2,Cloudy
2022-07-19,Sydney,Australia,14.9,5.6,0.4,36.9,Clear
2022-07-19,Cairo,Egypt,29.7,22.1,0.0,55.1,Partly Cloudy
2022-07-20,New York,USA,16.5,6.1,0.1,26.3,Cloudy
2022-07-20,London,UK,18.1,8.5,0.5,61.8,Sunny
2022-07-20,Tokyo,Japan,19.6,13.9,2.6,80.9,Clear
2022-07-20,Sydney,Australia,13.5,6.5,0.1,43.1,Sunny
2022-07-20,Cairo,Egypt,26.3,24.2,0.0,81.2,Cloudy
2022-07-21,New York,USA,15.3,8.4,0.1,69.7,Sunny
2022-07-21,London,UK,17.4,5.6,2.8,33.8,Cloudy
2022-07-21,Tokyo,Japan,18.2,9.7,0.0,58.4,Light Rain
2022-07-21,Sydney,Australia,11.6,2.8,1.3,99,Clear
2022-07-21,Cairo,Egypt,28.7,20.1,0.0,26.4,Sunny
2022-07-22,New York,USA,8.6,6.6,1.6,99,Cloudy
2022-07-22,London,UK,16.2,8.3,1.2,76.8,Clear
2022-07-22,Tokyo,Japan,20.4,8.2,0.0,80.2,Partly Cloudy
2022-07-22,Sydney,Australia,9.3,6.0,6.1,55.1,Heavy Rain
2022-07-22,Cairo,Egypt,29.9,20.3,0.1,65.0,Partly Cloudy
2022-07-23,New York,USA,13.9,8.5,2.8,58.0,Partly Cloudy
2022-07-23,London,UK,17.8,5.5,0.9,69.8,Clear
2022-07-23,Tokyo,Japan,20.8,13.2,0.2,34.5,Clear
2022-07-23,Sydney,Australia,14.3,5.0,0.1,47.8,Cloudy
2022-07-23,Cairo,Egypt,31.7,18.8,0.0,52.0,Sunny
2022-07-24,New York,USA,11.8,6.2,0.1,77.3,Sunny
2022-07-24,London,UK,12.3,6.7,0.8,37.6,Sunny
2022-07-24,Tokyo,Japan,18.2,12.8,0.0,20,Light Rain
2022-07-24,Sydney,Australia,9.1,7.1,0.1,74.1,Light Rain
2022-07-24,Cairo,Egypt,23.8,18.5,0.0,38.5,Partly Cloudy
2022-07-25,New York,USA,17.9,9.0,2.6,83.5,Cloudy
2022-07-25,London,UK,16.7,7.0,0.2,37.8,Partly Cloudy
2022-07-25,Tokyo,Japan,20.2,10.2,0.5,91.3,Sunny
2022-07-25,Sydney,Australia,13.6,5.2,0.6,89.5,Partly Cloudy
2022-07-25,Cairo,Egypt,25.8,19.9,0.4,60.0,Partly Cloudy
2022-07-26,New York,USA,14.0,5.1,1.9,58.2,Cloudy
2022-07-26,London,UK,17.1,4.6,0.0,92.6,Sunny
2022-07-26,Tokyo,Japan,21.0,9.2,0.1,36.6,Light Rain
2022-07-26,Sydney,Australia,16.7,5.1,0.1,54.3,Cloudy
2022-07-26,Cairo,Egypt,26.5,20.2,0.0,77.2,Light Rain
2022-07-27,New York,USA,14.2,6.9,2.4,51.3,Cloudy
2022-07-27,London,UK,16.2,8.4,1.6,50.2,Light Rain
2022-07-27,Tokyo,Japan,16.5,10.4,0.0,56.1,Clear
2022-07-27,Sydney,Australia,14.6,4.5,0.1,75.4,Light Rain
2022-07-27,Cairo,Egypt,25.4,15.9,0.0,34.7,Cloudy
2022-07-28,New York,USA,12.2,3.9,0.5,52.1,Cloudy
2022-07-28,London,UK,13.6,3.1,0.0,51.1,Clear
2022-07-28,Tokyo,Japan,18.9,10.8,0.2,23.1,Light Rain
2022-07-28,Sydney,Australia,16.5,8.2,0.0,48.3,Light Rain
2022-07-28,Cairo,Egypt,29.7,16.2,0.0,20,Hazy
2022-07-29,New York,USA,15.8,7.0,1.5,45.1,Cloudy
2022-07-29,London,UK,14.4,6.2,0.1,70.6,Cloudy
2022-07-29,Tokyo,Japan,20.7,5.4,6.8,47.5,Heavy Rain
2022-07-29,Sydney,Australia,15.7,4.7,0.1,67.7,Light Rain
2022-07-29,Cairo,Egypt,28.0,20.3,0.0,63.4,Cloudy
2022-07-30,New York,USA,14.4,8.2,0.1,66.6,Partly Cloudy
2022-07-30,London,UK,16.3,5.7,0.3,70.8,Sunny
2022-07-30,Tokyo,Japan,15.6,12.8,0.4,33.9,Clear
2022-07-30,Sydney,Australia,14.7,2.3,0.0,43.0,Sunny
2022-07-30,Cairo,Egypt,26.9,19.0,0.1,65.0,Sunny
2022-07-31,New York,USA,14.4,7.8,0.0,35.0,Sunny
2022-07-31,London,UK,12.6,3.4,0.2,90.0,Partly Cloudy
2022-07-31,Tokyo,Japan,19.2,9.3,1.5,58.3,Cloudy
2022-07-31,Sydney,Australia,13.7,4.6,0.3,47.2,Cloudy
2022-07-31,Cairo,Egypt,25.4,18.3,0.2,43.1,Sunny
2022-08-01,New York,USA,12.5,6.7,0.7,71.8,Sunny
2022-08-01,London,UK,14.2,4.1,0.0,20,Cloudy
2022-08-01,Tokyo,Japan,19.4,9.5,2.3,35.4,Light Rain
2022-08-01,Sydney,Australia,14.7,7.3,0.3,81.0,Clear
2022-08-01,Cairo,Egypt,28.9,17.6,0.0,34.9,Hazy
2022-08-02,New York,USA,15.3,4.1,0.6,79.9,Light Rain
2022-08-02,London,UK,16.4,2.5,1.5,20,Partly Cloudy
2022-08-02,Tokyo,Japan,17.4,9.2,0.4,99,Sunny
2022-08-02,Sydney,Australia,13.3,7.3,0.1,49.4,Sunny
2022-08-02,Cairo,Egypt,24.0,22.0,0.2,56.0,Cloudy
2022-08-03,New York,USA,10.4,2.5,0.1,96.6,Partly Cloudy
2022-08-03,London,UK,16.9,8.6,0.2,81.7,Partly Cloudy
2022-08-03,Tokyo,Japan,19.7,11.7,0.4,65.0,Clear
2022-08-03,Sydney,Australia,15.3,7.8,0.6,31.5,Sunny
2022-08-03,Cairo,Egypt,23.0,18.2,0.1,35.2,Cloudy
2022-08-04,New York,USA,11.6,4.2,0.3,41.2,Sunny
2022-08-04,London,UK,12.9,5.7,0.4,65.3,Sunny
2022-08-04,Tokyo,Japan,16.8,6.7,0.4,97.4,Clear
2022-08-04,Sydney,Australia,14.1,8.0,0.2,48.5,Sunny
2022-08-04,Cairo,Egypt,27.7,18.3,0.0,34.2,Cloudy
2022-08-05,New York,USA,16.1,5.5,0.1,99,Clear
2022-08-05,London,UK,11.3,9.3,0.1,74.7,Clear
2022-08-05,Tokyo,Japan,19.7,7.4,0.1,53.8,Sunny
2022-08-05,Sydney,Australia,14.1,5.9,0.0,69.1,Cloudy
2022-08-05,Cairo,Egypt,26.1,18.4,0.7,37.7,Cloudy
2022-08-06,New York,USA,9.5,4.4,0.3,34.7,Cloudy
2022-08-06,London,UK,13.6,7.8,0.3,79.6,Clear
2022-08-06,Tokyo,Japan,17.0,9.5,16.3,50.4,Heavy Rain
2022-08-06,Sydney,Australia,14.7,6.3,1.7,71.1,Partly Cloudy
2022-08-06,Cairo,Egypt,26.9,15.7,0.1,31.3,Partly Cloudy
2022-08-07,New York,USA,10.2,6.4,1.1,76.3,Cloudy
2022-08-07,London,UK,13.1,9.6,2.5,99,Cloudy
2022-08-07,Tokyo,Japan,18.4,12.6,0.0,54.2,Light Rain
2022-08-07,Sydney,Australia,13.1,10.7,0.0,40.3,Sunny
2022-08-07,Cairo,Egypt,21.6,16.1,0.0,98.5,Cloudy
2022-08-08,New York,USA,12.2,4.4,0.1,45.8,Sunny
2022-08-08,London,UK,15.7,5.9,2.4,87.7,Sunny
2022-08-08,Tokyo,Japan,17.0,10.0,0.7,73.2,Light Rain
2022-08-08,Sydney,Australia,13.6,7.6,0.0,73.6,Clear
2022-08-08,Cairo,Egypt,23.7,18.9,0.0,47.0,Light Rain
2022-08-09,New York,USA,12.8,7.5,0.1,67.2,Sunny
2022-08-09,London,UK,17.1,6.9,0.5,61.3,Cloudy
2022-08-09,Tokyo,Japan,15.2,2.9,3.7,74.1,Light Rain
2022-08-09,Sydney,Australia,13.6,4.8,4.0,69.1,Light Rain
2022-08-09,Cairo,Egypt,22.8,19.7,2.4,70.8,Sunny
2022-08-10,New York,USA,10.0,5.0,0.4,76.1,Clear
2022-08-10,London,UK,13.3,9.2,0.0,60.9,Partly Cloudy
2022-08-10,Tokyo,Japan,15.1,9.0,0.1,68.9,Cloudy
2022-08-10,Sydney,Australia,15.8,5.1,0.7,33.0,Cloudy
2022-08-10,Cairo,Egypt,22.1,17.0,0.1,30.4,Clear
2022-08-11,New York,USA,13.4,2.6,0.1,59.8,Cloudy
2022-08-11,London,UK,12.1,6.2,0.5,45.4,Sunny
2022-08-11,Tokyo,Japan,16.0,9.2,0.1,83.9,Cloudy
2022-08-11,Sydney,Australia,14.2,6.5,0.1,51.4,Cloudy
2022-08-11,Cairo,Egypt,23.4,17.8,0.1,47.3,Clear
2022-08-12,New York,USA,9.6,5.0,0.1,39.4,Cloudy
2022-08-12,London,UK,14.9,2.6,1.3,68.8,Cloudy
2022-08-12,Tokyo,Japan,19.3,6.4,0.3,73.3,Clear
2022-08-12,Sydney,Australia,20.6,9.0,0.6,65.8,Light Rain
2022-08-12,Cairo,Egypt,28.2,20.1,2.7,45.6,Sunny
2022-08-13,New York,USA,6.1,2.1,0.2,45.4,Partly Cloudy
2022-08-13,London,UK,12.4,3.7,1.7,71.3,Partly Cloudy
2022-08-13,Tokyo,Japan,18.8,7.7,0.1,43.5,Partly Cloudy
2022-08-13,Sydney,Australia,14.4,7.2,0.0,64.3,Cloudy
2022-08-13,Cairo,Egypt,23.2,11.9,0.0,31.3,Cloudy
2022-08-14,New York,USA,11.1,4.0,0.3,22.6,Clear
2022-08-14,London,UK,15.5,8.4,0.0,70.7,Clear
2022-08-14,Tokyo,Japan,14.7,8.0,1.4,89.9,Partly Cloudy
2022-08-14,Sydney,Australia,18.3,4.0,0.0,40.2,Cloudy
2022-08-14,Cairo,Egypt,26.7,16.3,1.0,49.1,Partly Cloudy
2022-08-15,New York,USA,10.9,5.5,21.3,60.3,Heavy Rain
2022-08-15,London,UK,11.8,6.3,0.0,54.0,Sunny
2022-08-15,Tokyo,Japan,15.7,5.7,0.1,69.6,Clear
2022-08-15,Sydney,Australia,14.8,6.2,0.0,65.9,Cloudy
2022-08-15,Cairo,Egypt,24.6,19.0,16.6,20,Heavy Rain
2022-08-16,New York,USA,11.7,2.1,1.0,56.2,Sunny
2022-08-16,London,UK,15.0,6.2,1.2,47.2,Partly Cloudy
2022-08-16,Tokyo,Japan,17.5,6.5,0.1,49.0,Clear
2022-08-16,Sydney,Australia,17.2,12.0,0.0,65.8,Light Rain
2022-08-16,Cairo,Egypt,24.9,16.4,0.0,20,Light Rain
2022-08-17,New York,USA,13.9,-1.6,0.5,53.9,Cloudy
2022-08-17,London,UK,11.9,5.1,0.5,62.9,Cloudy
2022-08-17,Tokyo,Japan,16.3,6.3,0.0,30.6,Clear
2022-08-17,Sydney,Australia,15.6,11.2,0.0,70.7,Cloudy
2022-08-17,Cairo,Egypt,23.8,13.6,0.6,64.2,Partly Cloudy
2022-08-18,New York,USA,8.1,2.3,0.2,45.9,Sunny
2022-08-18,London,UK,13.8,6.9,0.6,64.9,Partly Cloudy
2022-08-18,Tokyo,Japan,18.1,6.2,0.1,87.7,Cloudy
2022-08-18,Sydney,Australia,14.8,12.8,0.2,22.8,Cloudy
2022-08-18,Cairo,Egypt,19.6,13.8,0.0,37.1,Clear
2022-08-19,New York,USA,11.4,1.1,0.2,91.0,Partly Cloudy
2022-08-19,London,UK,12.1,4.3,1.5,41.9,Light Rain
2022-08-19,Tokyo,Japan,15.9,5.5,0.1,80.6,Partly Cloudy
2022-08-19,Sydney,Australia,17.4,9.5,0.3,30.5,Sunny
2022-08-19,Cairo,Egypt,22.1,15.7,0.2,56.7,Light Rain
2022-08-20,New York,USA,10.2,1.1,0.4,71.2,Partly Cloudy
2022-08-20,London,UK,15.2,5.3,0.1,82.7,Partly Cloudy
2022-08-20,Tokyo,Japan,17.5,5.9,6.0,91.4,Heavy Rain
2022-08-20,Sydney,Australia,14.8,5.7,4.8,42.3,Clear
2022-08-20,Cairo,Egypt,21.6,15.8,0.2,52.0,Clear
2022-08-21,New York,USA,10.4,-0.9,0.9,39.7,Partly Cloudy
2022-08-21,London,UK,13.8,3.4,0.0,48.3,Clear
2022-08-21,Tokyo,Japan,17.2,6.4,0.7,79.2,Partly Cloudy
2022-08-21,Sydney,Australia,14.7,7.9,0.2,60.2,Sunny
2022-08-21,Cairo,Egypt,21.8,15.0,0.1,37.0,Partly Cloudy
2022-08-22,New York,USA,10.4,3.5,0.9,20,Cloudy
2022-08-22,London,UK,14.9,6.1,0.1,62.7,Partly Cloudy
2022-08-22,Tokyo,Japan,15.3,6.7,0.3,67.1,Sunny
2022-08-22,Sydney,Australia,12.7,7.9,0.0,60.9,Clear
2022-08-22,Cairo,Egypt,20.1,14.3,0.0,20,Sunny
2022-08-23,New York,USA,14.5,2.3,0.0,82.2,Cloudy
2022-08-23,London,UK,11.6,2.6,0.3,72.4,Clear
2022-08-23,Tokyo,Japan,12.1,4.7,0.3,41.3,Clear
2022-08-23,Sydney,Australia,16.5,10.4,1.1,99,Light Rain
2022-08-23,Cairo,Egypt,21.3,17.9,0.1,34.6,Cloudy
2022-08-24,New York,USA,3.3,1.2999999999999998,5.2,54.9,Snowfall
2022-08-24,London,UK,13.7,1.6,4.7,31.4,Light Rain
2022-08-24,Tokyo,Japan,10.2,4.6,0.3,88.4,Sunny
2022-08-24,Sydney,Australia,17.4,10.0,0.0,97.8,Clear
2022-08-24,Cairo,Egypt,24.9,12.5,0.0,56.8,Clear
2022-08-25,New York,USA,7.4,-1.2,0.0,65.3,Overcast
2022-08-25,London,UK,8.5,2.0,0.1,46.6,Cloudy
2022-08-25,Tokyo,Japan,12.1,6.6,0.2,57.3,Partly Cloudy
2022-08-25,Sydney,Australia,17.8,9.8,1.2,70.3,Sunny
2022-08-25,Cairo,Egypt,23.8,14.9,0.9,50.9,Clear
2022-08-26,New York,USA,7.4,-1.2,0.6,41.9,Sunny
2022-08-26,London,UK,10.2,3.0,1.0,73.7,Light Rain
2022-08-26,Tokyo,Japan,11.3,2.9,1.9,91.9,Sunny
2022-08-26,Sydney,Australia,19.0,6.4,0.0,62.8,Sunny
2022-08-26,Cairo,Egypt,23.6,13.1,0.0,20,Sunny
2022-08-27,New York,USA,6.9,0.7,0.6,66.3,Snow
2022-08-27,London,UK,7.3,4.2,1.2,69.5,Partly Cloudy
2022-08-27,Tokyo,Japan,12.0,4.2,10.3,66.9,Heavy Rain
2022-08-27,Sydney,Australia,18.7,12.0,0.0,59.6,Sunny
2022-08-27,Cairo,Egypt,21.3,13.9,0.0,60.8,Light Rain
2022-08-28,New York,USA,6.3,2.5,0.2,38.9,Partly Cloudy
2022-08-28,London,UK,8.9,4.5,0.1,28.4,Light Rain
2022-08-28,Tokyo,Japan,15.3,2.2,0.8,50.7,Sunny
2022-08-28,Sydney,Australia,22.8,5.6,0.1,34.7,Clear
2022-08-28,Cairo,Egypt,18.9,11.7,0.0,56.9,Light Rain
2022-08-29,New York,USA,6.2,0.8,0.3,50.7,Drizzle
2022-08-29,London,UK,11.9,2.8,2.6,69.8,Light Rain
2022-08-29,Tokyo,Japan,10.8,3.2,0.1,42.6,Clear
2022-08-29,Sydney,Australia,21.3,10.2,0.3,30.6,Sunny
2022-08-29,Cairo,Egypt,20.3,13.2,0.0,70.3,Partly Cloudy
2022-08-30,New York,USA,5.0,1.3,0.2,63.4,Sunny
2022-08-30,London,UK,11.7,1.5,0.2,66.6,Clear
2022-08-30,Tokyo,Japan,13.5,6.1,0.0,58.6,Clear
2022-08-30,Sydney,Australia,19.9,6.3,0.0,79.9,Sunny
2022-08-30,Cairo,Egypt,25.0,11.7,0.0,79.5,Sunny
2022-08-31,New York,USA,10.7,0.6,0.1,59.3,Clear
2022-08-31,London,UK,11.1,1.6,0.0,99,Cloudy
2022-08-31,Tokyo,Japan,11.2,2.6,0.3,76.9,Light Rain
2022-08-31,Sydney,Australia,17.7,8.6,1.3,59.5,Light Rain
2022-08-31,Cairo,Egypt,21.1,12.2,0.0,63.1,Clear
2022-09-01,New York,USA,4.7,2.4,0.0,58.9,Sunny
2022-09-01,London,UK,10.6,5.4,0.2,54.2,Partly Cloudy
2022-09-01,Tokyo,Japan,10.9,3.6,0.1,51.6,Light Rain
2022-09-01,Sydney,Australia,19.7,11.6,1.6,69.7,Clear
2022-09-01,Cairo,Egypt,17.9,13.6,0.4,71.6,Light Rain
2022-09-02,New York,USA,8.2,0.4,0.4,99,Sunny
2022-09-02,London,UK,10.6,5.0,0.1,64.2,Clear
2022-09-02,Tokyo,Japan,7.6,1.9,4.2,83.1,Drizzle
2022-09-02,Sydney,Australia,17.1,10.9,0.1,99,Light Rain
2022-09-02,Cairo,Egypt,24.2,12.3,0.0,32.1,Cloudy
2022-09-03,New York,USA,7.5,-0.8,0.0,41.6,Drizzle
2022-09-03,London,UK,7.3,0.3,2.0,99,Cloudy
2022-09-03,Tokyo,Japan,8.3,4.0,0.1,84.1,Sunny
2022-09-03,Sydney,Australia,15.3,12.4,0.7,20.1,Sunny
2022-09-03,Cairo,Egypt,21.1,13.7,0.0,84.8,Sunny
2022-09-04,New York,USA,3.4,-3.2,0.4,70.0,Drizzle
2022-09-04,London,UK,9.3,2.5,0.1,91.9,Light Rain
2022-09-04,Tokyo,Japan,10.6,3.4,0.6,71.9,Clear
2022-09-04,Sydney,Australia,23.2,12.3,0.3,38.4,Light Rain
2022-09-04,Cairo,Egypt,24.7,9.1,0.0,55.0,Cloudy
2022-09-05,New York,USA,7.6,-0.5,0.4,88.5,Partly Cloudy
2022-09-05,London,UK,9.4,1.9,0.2,44.6,Partly Cloudy
2022-09-05,Tokyo,Japan,5.2,3.2,1.3,20,Overcast
2022-09-05,Sydney,Australia,19.5,13.9,0.1,56.1,Cloudy
2022-09-05,Cairo,Egypt,20.4,12.1,0.0,94.5,Sunny
2022-09-06,New York,USA,5.3,-3.2,11.3,87.1,Heavy Rain
2022-09-06,London,UK,14.0,-0.4,3.2,35.9,Sunny
2022-09-06,Tokyo,Japan,6.4,2.9,6.0,24.4,Heavy Rain
2022-09-06,Sydney,Australia,19.9,14.2,1.6,33.1,Partly Cloudy
2022-09-06,Cairo,Egypt,18.0,11.9,0.1,78.3,Light Rain
2022-09-07,New York,USA,10.8,-1.0,0.3,67.0,Light Rain
2022-09-07,London,UK,13.5,4.1,0.1,40.7,Cloudy
2022-09-07,Tokyo,Japan,6.4,3.9,0.5,82.6,Sunny
2022-09-07,Sydney,Australia,20.4,11.0,0.1,57.2,Sunny
2022-09-07,Cairo,Egypt,16.4,12.6,0.0,47.2,Partly Cloudy
2022-09-08,New York,USA,4.4,-4.4,0.1,67.5,Overcast
2022-09-08,London,UK,10.0,1.5,0.1,82.0,Sunny
2022-09-08,Tokyo,Japan,5.5,3.5,0.0,34.8,Drizzle
2022-09-08,Sydney,Australia,22.2,14.2,0.1,65.2,Partly Cloudy
2022-09-08,Cairo,Egypt,23.2,12.2,0.0,50.1,Light Rain
2022-09-09,New York,USA,4.4,-4.0,0.0,78.5,Overcast
2022-09-09,London,UK,13.8,2.1,3.7,64.0,Light Rain
2022-09-09,Tokyo,Japan,14.5,3.7,0.1,66.9,Partly Cloudy
2022-09-09,Sydney,Australia,17.7,14.7,1.1,59.5,Partly Cloudy
2022-09-09,Cairo,Egypt,17.1,8.1,0.0,48.1,Light Rain
2022-09-10,New York,USA,4.8,-5.1,0.0,59.2,Snow
2022-09-10,London,UK,9.1,0.0,0.1,60.6,Partly Cloudy
2022-09-10,Tokyo,Japan,13.2,3.3,0.9,99,Cloudy
2022-09-10,Sydney,Australia,18.4,11.3,0.0,81.5,Sunny
2022-09-10,Cairo,Egypt,17.9,11.7,0.1,26.8,Cloudy
2022-09-11,New York,USA,3.3,-1.3,0.3,58.2,Sunny
2022-09-11,London,UK,5.6,3.5999999999999996,0.2,99,Sunny
2022-09-11,Tokyo,Japan,12.4,0.6,1.8,76.7,Sunny
2022-09-11,Sydney,Australia,20.7,12.5,0.0,80.0,Sunny
2022-09-11,Cairo,Egypt,20.9,10.1,0.0,82.0,Sunny
2022-09-12,New York,USA,5.6,-5.1,0.2,55.2,Snow
2022-09-12,London,UK,12.2,-0.3,0.2,91.3,Partly Cloudy
2022-09-12,Tokyo,Japan,9.9,1.1,0.0,99,Clear
2022-09-12,Sydney,Australia,18.9,14.3,0.1,48.9,Light Rain
2022-09-12,Cairo,Egypt,19.5,11.0,0.1,83.4,Light Rain
2022-09-13,New York,USA,5.0,-3.8,0.2,86.5,Sunny
2022-09-13,London,UK,6.0,0.5,0.6,66.5,Cloudy
2022-09-13,Tokyo,Japan,10.1,0.3,0.6,68.3,Sunny
2022-09-13,Sydney,Australia,23.5,13.0,1.2,80.6,Partly Cloudy
2022-09-13,Cairo,Egypt,16.4,12.6,0.0,79.5,Sunny
2022-09-14,New York,USA,3.3,-6.4,1.7,73.2,Cloudy
2022-09-14,London,UK,11.2,-0.4,1.4,29.3,Cloudy
2022-09-14,Tokyo,Japan,10.3,1.8,0.7,99,Cloudy
2022-09-14,Sydney,Australia,16.4,13.0,0.0,43.3,Clear
2022-09-14,Cairo,Egypt,15.9,9.3,0.0,56.9,Partly Cloudy
2022-09-15,New York,USA,5.7,-3.8,0.1,99,Drizzle
2022-09-15,London,UK,7.9,4.0,0.4,76.3,Overcast
2022-09-15,Tokyo,Japan,10.0,-3.4,0.6,55.6,Light Rain
2022-09-15,Sydney,Australia,18.3,13.6,0.0,41.0,Clear
2022-09-15,Cairo,Egypt,24.4,8.0,0.0,61.6,Sunny
2022-09-16,New York,USA,1.9,-6.7,0.3,64.1,Snow
2022-09-16,London,UK,9.5,0.7,0.0,43.5,Partly Cloudy
2022-09-16,Tokyo,Japan,2.4,0.3999999999999999,1.3,50.5,Drizzle
2022-09-16,Sydney,Australia,20.2,11.4,0.1,65.2,Partly Cloudy
2022-09-16,Cairo,Egypt,14.9,12.9,0.3,58.8,Partly Cloudy
2022-09-17,New York,USA,5.0,-5.6,0.7,81.1,Cloudy
2022-09-17,London,UK,6.7,0.3,0.1,60.8,Partly Cloudy
2022-09-17,Tokyo,Japan,6.5,-0.5,0.3,74.4,Partly Cloudy
2022-09-17,Sydney,Australia,23.7,12.3,0.1,59.5,Cloudy
2022-09-17,Cairo,Egypt,17.5,10.9,0.0,74.9,Sunny
2022-09-18,New York,USA,8.9,-3.1,0.0,61.0,Light Rain
2022-09-18,London,UK,8.7,0.1,0.0,66.1,Light Rain
2022-09-18,Tokyo,Japan,6.9,2.6,2.1,46.2,Overcast
2022-09-18,Sydney,Australia,21.7,12.8,2.9,46.8,Cloudy
2022-09-18,Cairo,Egypt,21.6,9.5,0.3,38.2,Cloudy
2022-09-19,New York,USA,2.8,-2.6,0.2,70.6,Drizzle
2022-09-19,London,UK,8.5,1.1,0.1,68.4,Clear
2022-09-19,Tokyo,Japan,1.2,-3.9,0.3,58.8,Sunny
2022-09-19,Sydney,Australia,20.0,11.7,0.1,99,Clear
2022-09-19,Cairo,Egypt,16.7,8.6,0.0,48.8,Sunny
2022-09-20,New York,USA,4.8,-5.8,0.1,68.0,Partly Cloudy
2022-09-20,London,UK,10.6,1.4,0.1,30.9,Partly Cloudy
2022-09-20,Tokyo,Japan,5.6,-1.5,1.3,72.6,Cloudy
2022-09-20,Sydney,Australia,21.4,12.5,0.1,58.3,Clear
2022-09-20,Cairo,Egypt,17.2,6.1,0.0,84.9,Cloudy
2022-09-21,New York,USA,1.0,-8.9,0.3,87.0,Partly Cloudy
2022-09-21,London,UK,8.4,0.8,3.9,66.7,Clear
2022-09-21,Tokyo,Japan,12.2,-3.1,2.2,48.7,Sunny
2022-09-21,Sydney,Australia,23.1,12.3,0.0,61.0,Partly Cloudy
2022-09-21,Cairo,Egypt,14.0,6.6,0.0,41.0,Sunny
2022-09-22,New York,USA,2.4,-4.5,0.1,90.3,Sunny
2022-09-22,London,UK,6.5,2.4,0.2,73.9,Sunny
2022-09-22,Tokyo,Japan,10.1,-2.0,0.1,59.5,Partly Cloudy
2022-09-22,Sydney,Australia,19.5,14.2,0.1,20,Clear
2022-09-22,Cairo,Egypt,16.5,7.9,0.0,87.2,Cloudy
2022-09-23,New York,USA,2.2,-5.0,0.1,65.7,Snow
2022-09-23,London,UK,6.7,-0.9,0.1,62.1,Sunny
2022-09-23,Tokyo,Japan,5.3,-2.4,2.6,75.0,Partly Cloudy
2022-09-23,Sydney,Australia,21.1,16.9,0.4,56.6,Sunny
2022-09-23,Cairo,Egypt,18.6,7.1,0.0,39.9,Partly Cloudy
2022-09-24,New York,USA,-3.2,-8.3,0.2,57.2,Cloudy
2022-09-24,London,UK,9.4,-0.5,0.2,63.2,Sunny
2022-09-24,Tokyo,Japan,7.5,-3.0,19.4,48.1,Heavy Rain
2022-09-24,Sydney,Australia,26.8,17.3,0.0,41.7,Clear
2022-09-24,Cairo,Egypt,14.5,9.3,0.1,49.3,Light Rain
2022-09-25,New York,USA,0.3,-9.0,0.7,72.7,Overcast
2022-09-25,London,UK,7.3,3.0,1.5,90.5,Drizzle
2022-09-25,Tokyo,Japan,8.6,-3.6,0.2,62.0,Partly Cloudy
2022-09-25,Sydney,Australia,24.8,14.9,0.0,44.6,Sunny
2022-09-25,Cairo,Egypt,18.8,9.5,0.1,76.1,Sunny
2022-09-26,New York,USA,-0.9,-3.1,0.0,39.4,Overcast
2022-09-26,London,UK,9.3,2.9,0.4,50.7,Partly Cloudy
2022-09-26,Tokyo,Japan,1.9,-2.4,0.0,99,Partly Cloudy
2022-09-26,Sydney,Australia,19.8,17.8,0.4,50.3,Partly Cloudy
2022-09-26,Cairo,Egypt,15.9,9.1,0.1,64.3,Clear
2022-09-27,New York,USA,-1.4,-8.6,0.0,53.6,Cloudy
2022-09-27,London,UK,6.3,0.7,1.5,68.9,Partly Cloudy
2022-09-27,Tokyo,Japan,-0.0,-4.4,2.6,97.4,Drizzle
2022-09-27,Sydney,Australia,22.6,18.4,0.5,38.9,Partly Cloudy
2022-09-27,Cairo,Egypt,14.4,8.6,0.0,56.1,Partly Cloudy
2022-09-28,New York,USA,6.4,-7.7,0.7,55.0,Sunny
2022-09-28,London,UK,7.1,-0.7,0.0,56.4,Snow
2022-09-28,Tokyo,Japan,2.3,-3.7,0.3,77.0,Snow
2022-09-28,Sydney,Australia,21.6,16.6,0.3,77.4,Clear
2022-09-28,Cairo,Egypt,16.7,7.0,0.1,42.3,Cloudy
2022-09-29,New York,USA,-0.5,-6.7,0.3,44.6,Overcast
2022-09-29,London,UK,8.3,-2.2,0.0,38.1,Light Rain
2022-09-29,Tokyo,Japan,8.1,-2.5,0.1,60.4,Cloudy
2022-09-29,Sydney,Australia,25.4,18.8,0.1,57.8,Partly Cloudy
2022-09-29,Cairo,Egypt,15.2,10.1,0.1,41.8,Clear
2022-09-30,New York,USA,0.0,-8.6,0.1,69.9,Cloudy
2022-09-30,London,UK,4.9,-1.6,0.1,77.2,Partly Cloudy
2022-09-30,Tokyo,Japan,4.4,-2.6,1.0,78.0,Cloudy
2022-09-30,Sydney,Australia,23.5,14.8,3.3,69.8,Sunny
2022-09-30,Cairo,Egypt,16.4,7.5,0.0,25.0,Cloudy
2022-10-01,New York,USA,5.0,-8.3,0.2,61.9,Overcast
2022-10-01,London,UK,4.0,-0.8,6.8,54.3,Snowfall
2022-10-01,Tokyo,Japan,7.2,-2.9,1.4,46.1,Snow
2022-10-01,Sydney,Australia,27.3,14.2,0.8,41.4,Partly Cloudy
2022-10-01,Cairo,Egypt,16.4,6.9,0.0,48.8,Light Rain
2022-10-02,New York,USA,-3.4,-6.6,0.0,46.3,Snow
2022-10-02,London,UK,4.0,-2.6,2.9,64.9,Partly Cloudy
2022-10-02,Tokyo,Japan,7.8,-6.2,0.7,23.9,Partly Cloudy
2022-10-02,Sydney,Australia,25.8,15.1,0.0,55.0,Cloudy
2022-10-02,Cairo,Egypt,16.0,4.0,0.0,71.1,Cloudy
2022-10-03,New York,USA,-1.0,-4.0,0.5,41.2,Cloudy
2022-10-03,London,UK,4.6,-4.3,0.2,84.0,Cloudy
2022-10-03,Tokyo,Japan,4.1,-1.4,0.3,83.0,Sunny
2022-10-03,Sydney,Australia,24.8,17.3,4.5,43.8,Cloudy
2022-10-03,Cairo,Egypt,17.0,6.2,0.0,56.7,Clear
2022-10-04,New York,USA,0.8,-8.2,7.1,73.9,Snowfall
2022-10-04,London,UK,11.4,-4.5,0.1,31.6,Partly Cloudy
2022-10-04,Tokyo,Japan,2.2,-4.6,1.0,81.3,Partly Cloudy
2022-10-04,Sydney,Australia,28.1,11.5,0.0,61.0,Sunny
2022-10-04,Cairo,Egypt,11.6,7.3,0.0,85.7,Light Rain
2022-10-05,New York,USA,-7.6,-9.6,0.1,72.5,Sunny
2022-10-05,London,UK,5.2,-3.5,0.0,53.9,Overcast
2022-10-05,Tokyo,Japan,2.0,-6.7,0.6,52.6,Sunny
2022-10-05,Sydney,Australia,25.7,16.9,0.1,42.7,Sunny
2022-10-05,Cairo,Egypt,17.4,8.3,0.0,59.0,Sunny
2022-10-06,New York,USA,1.5,-5.7,0.5,49.0,Snow
2022-10-06,London,UK,7.1,-3.2,1.3,90.0,Partly Cloudy
2022-10-06,Tokyo,Japan,4.8,-5.7,0.0,30.1,Sunny
2022-10-06,Sydney,Australia,31.2,15.6,0.0,20.1,Partly Cloudy
2022-10-06,Cairo,Egypt,10.9,8.4,0.3,51.3,Partly Cloudy
2022-10-07,New York,USA,2.4,-9.0,1.3,74.3,Snow
2022-10-07,London,UK,8.5,-2.9,3.6,78.4,Partly Cloudy
2022-10-07,Tokyo,Japan,-2.3,-5.9,0.4,68.9,Drizzle
2022-10-07,Sydney,Australia,22.3,19.7,1.0,55.7,Partly Cloudy
2022-10-07,Cairo,Egypt,12.8,3.8,0.8,51.7,Partly Cloudy
2022-10-08,New York,USA,5.8,-9.6,4.8,73.1,Partly Cloudy
2022-10-08,London,UK,5.2,-5.4,0.2,65.7,Partly Cloudy
2022-10-08,Tokyo,Japan,2.2,-6.4,1.1,57.8,Snow
2022-10-08,Sydney,Australia,27.3,20.7,0.1,20,Cloudy
2022-10-08,Cairo,Egypt,9.3,4.5,0.0,32.8,Light Rain
2022-10-09,New York,USA,4.6,-12.3,0.4,50.6,Cloudy
2022-10-09,London,UK,2.8,-3.6,0.3,90.8,Sunny
2022-10-09,Tokyo,Japan,1.9,-3.6,0.2,82.4,Sunny
2022-10-09,Sydney,Australia,25.0,16.5,0.0,47.5,Partly Cloudy
2022-10-09,Cairo,Egypt,16.1,5.5,0.0,61.6,Partly Cloudy
2022-10-10,New York,USA,-1.8,-10.5,0.0,87.8,Partly Cloudy
2022-10-10,London,UK,6.9,-5.2,0.7,38.6,Overcast
2022-10-10,Tokyo,Japan,0.3,-8.6,0.2,74.7,Cloudy
2022-10-10,Sydney,Australia,28.9,19.8,0.1,70.5,Sunny
2022-10-10,Cairo,Egypt,13.0,4.0,0.0,61.5,Sunny
2022-10-11,New York,USA,-3.3,-7.0,0.5,62.4,Overcast
2022-10-11,London,UK,4.2,-1.5,2.2,78.3,Overcast
2022-10-11,Tokyo,Japan,2.7,-8.1,15.4,59.6,Snowfall
2022-10-11,Sydney,Australia,23.7,16.2,0.0,47.0,Partly Cloudy
2022-10-11,Cairo,Egypt,13.8,3.0,0.0,43.3,Clear
2022-10-12,New York,USA,-0.7,-10.4,3.4,89.4,Cloudy
2022-10-12,London,UK,7.7,-0.5,0.2,43.0,Sunny
2022-10-12,Tokyo,Japan,0.7,-3.5,0.3,56.1,Overcast
2022-10-12,Sydney,Australia,23.9,18.1,0.0,70.9,Clear
2022-10-12,Cairo,Egypt,8.8,5.4,0.0,51.6,Partly Cloudy
2022-10-13,New York,USA,-3.1,-12.1,0.1,70.5,Snow
2022-10-13,London,UK,4.8,-4.0,0.3,52.7,Cloudy
2022-10-13,Tokyo,Japan,0.3,-5.6,0.3,59.9,Partly Cloudy
2022-10-13,Sydney,Australia,24.3,22.3,2.0,46.3,Clear
2022-10-13,Cairo,Egypt,14.7,5.2,0.0,57.5,Light Rain
2022-10-14,New York,USA,-5.9,-11.0,0.1,94.9,Drizzle
2022-10-14,London,UK,8.7,1.3,0.2,64.3,Light Rain
2022-10-14,Tokyo,Japan,-0.3,-6.6,0.2,99,Cloudy
2022-10-14,Sydney,Australia,26.2,18.8,0.2,50.2,Sunny
2022-10-14,Cairo,Egypt,13.1,4.0,0.0,73.0,Sunny
2022-10-15,New York,USA,-1.2,-13.0,0.6,81.7,Overcast
2022-10-15,London,UK,-0.1,-5.4,3.2,41.5,Snow
2022-10-15,Tokyo,Japan,-1.1,-6.3,2.3,57.3,Cloudy
2022-10-15,Sydney,Australia,19.6,17.6,1.4,82.0,Light Rain
2022-10-15,Cairo,Egypt,12.8,1.9,0.1,88.5,Clear
2022-10-16,New York,USA,-7.7,-10.0,0.0,68.4,Overcast
2022-10-16,London,UK,5.4,-1.8,0.4,77.8,Partly Cloudy
2022-10-16,Tokyo,Japan,-7.2,-9.2,0.0,50.8,Overcast
2022-10-16,Sydney,Australia,25.4,18.0,0.1,74.2,Partly Cloudy
2022-10-16,Cairo,Egypt,13.8,5.0,1.2,72.3,Clear
2022-10-17,New York,USA,-6.1,-11.1,2.5,84.8,Sunny
2022-10-17,London,UK,6.7,0.4,1.6,37.8,Overcast
2022-10-17,Tokyo,Japan,-1.4,-7.9,0.4,65.2,Sunny
2022-10-17,Sydney,Australia,28.0,17.5,0.0,71.7,Sunny
2022-10-17,Cairo,Egypt,10.6,3.1,0.2,67.9,Partly Cloudy
2022-10-18,New York,USA,-2.9,-8.9,5.7,53.4,Snowfall
2022-10-18,London,UK,4.1,-6.5,0.4,74.1,Partly Cloudy
2022-10-18,Tokyo,Japan,2.8,-8.1,0.0,83.1,Drizzle
2022-10-18,Sydney,Australia,27.0,17.3,0.0,37.8,Light Rain
2022-10-18,Cairo,Egypt,9.2,0.1,0.0,47.8,Light Rain
2022-10-19,New York,USA,-4.7,-10.2,0.2,54.0,Overcast
2022-10-19,London,UK,8.4,-4.3,0.6,61.6,Light Rain
2022-10-19,Tokyo,Japan,-1.9,-8.0,17.6,61.8,Snowfall
2022-10-19,Sydney,Australia,25.4,18.2,0.3,44.7,Cloudy
2022-10-19,Cairo,Egypt,8.7,3.0,0.2,69.5,Cloudy
2022-10-20,New York,USA,-6.2,-13.3,0.1,67.3,Drizzle
2022-10-20,London,UK,3.1,-0.9,0.0,61.4,Cloudy
2022-10-20,Tokyo,Japan,-0.0,-8.6,0.1,79.5,Cloudy
2022-10-20,Sydney,Australia,28.5,18.1,0.0,20,Hazy
2022-10-20,Cairo,Egypt,14.3,2.7,0.0,55.9,Light Rain
2022-10-21,New York,USA,-5.6,-11.6,0.1,60.9,Sunny
2022-10-21,London,UK,0.4,-3.1,0.0,99,Partly Cloudy
2022-10-21,Tokyo,Japan,-0.1,-6.3,0.0,57.4,Drizzle
2022-10-21,Sydney,Australia,26.3,17.8,0.0,54.6,Clear
2022-10-21,Cairo,Egypt,12.5,4.1,0.1,63.8,Cloudy
2022-10-22,New York,USA,-3.1,-15.7,0.0,43.1,Snow
2022-10-22,London,UK,4.3,-3.9,1.2,69.9,Overcast
2022-10-22,Tokyo,Japan,0.3,-11.1,0.1,54.7,Drizzle
2022-10-22,Sydney,Australia,29.1,17.3,0.2,50.7,Sunny
2022-10-22,Cairo,Egypt,7.8,2.8,0.0,57.7,Partly Cloudy
2022-10-23,New York,USA,-6.1,-13.8,0.0,85.2,Snow
2022-10-23,London,UK,4.3,-5.3,0.1,83.8,Overcast
2022-10-23,Tokyo,Japan,-1.7,-7.0,1.0,56.1,Overcast
2022-10-23,Sydney,Australia,23.3,20.1,0.1,76.9,Cloudy
2022-10-23,Cairo,Egypt,11.8,2.6,0.0,69.6,Light Rain
2022-10-24,New York,USA,-5.1,-14.8,0.1,95.4,Snow
2022-10-24,London,UK,5.2,-2.6,20.5,73.7,Heavy Rain
2022-10-24,Tokyo,Japan,-5.3,-9.5,0.1,99,Snow
2022-10-24,Sydney,Australia,29.8,17.0,0.0,36.6,Partly Cloudy
2022-10-24,Cairo,Egypt,10.9,3.2,1.1,99,Partly Cloudy
2022-10-25,New York,USA,-1.0,-12.1,0.1,74.2,Overcast
2022-10-25,London,UK,1.9,-2.4,0.3,57.2,Cloudy
2022-10-25,Tokyo,Japan,-0.9,-10.6,0.9,78.0,Partly Cloudy
2022-10-25,Sydney,Australia,29.8,20.4,0.1,20,Sunny
2022-10-25,Cairo,Egypt,13.3,1.4,0.0,39.3,Clear
2022-10-26,New York,USA,-6.3,-11.6,3.3,52.8,Cloudy
2022-10-26,London,UK,3.7,-0.1,0.1,91.9,Cloudy
2022-10-26,Tokyo,Japan,-5.1,-8.1,1.5,77.5,Sunny
2022-10-26,Sydney,Australia,31.3,17.4,0.0,50.3,Sunny
2022-10-26,Cairo,Egypt,8.1,2.9,0.0,66.7,Partly Cloudy
2022-10-27,New York,USA,-5.5,-18.4,18.2,67.3,Snowfall
2022-10-27,London,UK,1.5,-4.7,10.4,70.3,Snowfall
2022-10-27,Tokyo,Japan,-2.0,-10.8,1.7,72.2,Drizzle
2022-10-27,Sydney,Australia,25.9,19.9,0.8,84.0,Partly Cloudy
2022-10-27,Cairo,Egypt,10.9,0.1,0.1,50.5,Partly Cloudy
2022-10-28,New York,USA,-0.8,-15.1,0.0,62.6,Partly Cloudy
2022-10-28,London,UK,2.4,-7.0,0.5,53.2,Overcast
2022-10-28,Tokyo,Japan,-3.0,-8.7,0.2,90.0,Cloudy
2022-10-28,Sydney,Australia,27.0,22.7,0.0,33.0,Clear
2022-10-28,Cairo,Egypt,7.5,5.5,0.1,99,Sunny
2022-10-29,New York,USA,-9.1,-16.2,0.3,68.1,Overcast
2022-10-29,London,UK,2.6,-6.9,0.7,77.3,Overcast
2022-10-29,Tokyo,Japan,-1.8,-10.0,0.0,40.1,Partly Cloudy
2022-10-29,Sydney,Australia,28.4,19.2,0.1,72.0,Sunny
2022-10-29,Cairo,Egypt,8.5,-0.6,0.0,84.3,Sunny
2022-10-30,New York,USA,-4.3,-14.5,0.3,79.7,Snow
2022-10-30,London,UK,1.5,-4.9,0.9,99,Snow
2022-10-30,Tokyo,Japan,-4.3,-8.9,0.0,96.6,Partly Cloudy
2022-10-30,Sydney,Australia,28.5,18.4,0.0,71.3,Hazy
2022-10-30,Cairo,Egypt,13.2,-0.3,0.1,20,Sunny
2022-10-31,New York,USA,-6.4,-13.9,0.9,81.3,Cloudy
2022-10-31,London,UK,2.8,-1.4,1.0,73.4,Cloudy
2022-10-31,Tokyo,Japan,0.7,-9.4,0.3,33.2,Sunny
2022-10-31,Sydney,Australia,28.6,20.6,1.3,70.5,Sunny
2022-10-31,Cairo,Egypt,10.9,0.2,0.8,48.6,Partly Cloudy
2022-11-01,New York,USA,-5.4,-15.3,0.2,52.2,Sunny
2022-11-01,London,UK,0.9,-6.7,0.0,99,Overcast
2022-11-01,Tokyo,Japan,3.0,-12.3,0.0,54.4,Partly Cloudy
2022-11-01,Sydney,Australia,28.2,22.8,2.5,43.1,Sunny
2022-11-01,Cairo,Egypt,5.6,-0.7,0.0,77.9,Overcast
2022-11-02,New York,USA,-6.6,-16.5,1.8,62.9,Cloudy
2022-11-02,London,UK,3.0,-3.5,0.4,59.7,Snow
2022-11-02,Tokyo,Japan,-7.2,-11.8,0.5,81.4,Drizzle
2022-11-02,Sydney,Australia,27.8,16.2,6.0,43.4,Heavy Rain
2022-11-02,Cairo,Egypt,8.7,-1.2,0.1,28.7,Clear
2022-11-03,New York,USA,-9.7,-13.9,0.1,70.1,Drizzle
2022-11-03,London,UK,5.0,-5.0,0.5,67.9,Snow
2022-11-03,Tokyo,Japan,-5.6,-12.2,0.1,76.6,Partly Cloudy
2022-11-03,Sydney,Australia,26.4,18.5,0.0,45.2,Partly Cloudy
2022-11-03,Cairo,Egypt,7.2,-2.7,0.1,72.7,Overcast
2022-11-04,New York,USA,-5.1,-15.5,0.1,57.2,Drizzle
2022-11-04,London,UK,2.0,-5.4,5.1,60.0,Snowfall
2022-11-04,Tokyo,Japan,-2.3,-10.0,0.1,87.7,Cloudy
2022-11-04,Sydney,Australia,26.6,22.4,0.0,57.8,Sunny
2022-11-04,Cairo,Egypt,5.7,-0.3,0.0,90.2,Overcast
2022-11-05,New York,USA,-9.9,-16.0,0.8,84.7,Sunny
2022-11-05,London,UK,3.7,-4.0,0.1,43.5,Cloudy
2022-11-05,Tokyo,Japan,-3.4,-11.1,0.1,72.9,Cloudy
2022-11-05,Sydney,Australia,26.9,20.0,0.3,61.8,Clear
2022-11-05,Cairo,Egypt,6.0,0.0,0.2,56.5,Sunny
2022-11-06,New York,USA,-5.6,-18.2,0.3,99,Sunny
2022-11-06,London,UK,6.3,-4.5,0.7,55.2,Overcast
2022-11-06,Tokyo,Japan,-5.9,-9.5,0.1,69.5,Snow
2022-11-06,Sydney,Australia,32.1,21.3,0.0,41.6,Sunny
2022-11-06,Cairo,Egypt,8.8,1.5,0.1,67.4,Sunny
2022-11-07,New York,USA,-8.0,-15.2,0.0,82.3,Drizzle
2022-11-07,London,UK,-0.5,-4.4,7.5,50.4,Snowfall
2022-11-07,Tokyo,Japan,-2.9,-14.2,0.3,60.4,Sunny
2022-11-07,Sydney,Australia,25.4,21.4,0.0,77.6,Clear
2022-11-07,Cairo,Egypt,8.5,0.6,0.0,67.9,Sunny
2022-11-08,New York,USA,-9.8,-16.5,0.0,44.2,Drizzle
2022-11-08,London,UK,6.7,-8.3,0.1,50.0,Drizzle
2022-11-08,Tokyo,Japan,2.1,-13.4,1.2,85.5,Sunny
2022-11-08,Sydney,Australia,30.1,22.5,0.0,51.5,Hazy
2022-11-08,Cairo,Egypt,5.1,-3.2,0.0,80.7,Snow
2022-11-09,New York,USA,-11.2,-14.3,0.0,97.8,Snow
2022-11-09,London,UK,-0.6,-6.0,1.9,82.2,Snow
2022-11-09,Tokyo,Japan,-4.0,-10.5,0.1,77.7,Snow
2022-11-09,Sydney,Australia,27.1,23.9,0.4,46.6,Cloudy
2022-11-09,Cairo,Egypt,12.5,-1.2,0.0,78.2,Light Rain
2022-11-10,New York,USA,-4.1,-17.4,0.2,81.9,Overcast
2022-11-10,London,UK,6.7,-8.0,0.0,40.4,Snow
2022-11-10,Tokyo,Japan,-4.5,-11.7,1.4,94.8,Cloudy
2022-11-10,Sydney,Australia,35.8,23.4,0.8,37.1,Sunny
2022-11-10,Cairo,Egypt,4.6,-1.1,0.1,72.5,Sunny
2022-11-11,New York,USA,-5.9,-18.3,0.1,60.6,Overcast
2022-11-11,London,UK,4.1,-5.4,1.2,26.6,Cloudy
2022-11-11,Tokyo,Japan,-4.4,-12.8,0.2,95.8,Cloudy
2022-11-11,Sydney,Australia,28.7,20.9,0.2,88.5,Sunny
2022-11-11,Cairo,Egypt,7.5,-1.8,0.0,73.8,Partly Cloudy
2022-11-12,New York,USA,-6.5,-14.8,0.5,72.1,Drizzle
2022-11-12,London,UK,-3.3,-5.3,1.4,65.9,Partly Cloudy
2022-11-12,Tokyo,Japan,-5.2,-17.2,1.4,54.0,Partly Cloudy
2022-11-12,Sydney,Australia,29.2,25.6,0.0,33.6,Hazy
2022-11-12,Cairo,Egypt,8.0,-5.7,0.0,46.2,Partly Cloudy
2022-11-13,New York,USA,-7.2,-16.5,0.5,50.8,Snow
2022-11-13,London,UK,2.1,-5.3,0.4,77.8,Partly Cloudy
2022-11-13,Tokyo,Japan,-7.2,-14.0,0.0,63.6,Sunny
2022-11-13,Sydney,Australia,29.1,25.2,0.8,68.7,Hazy
2022-11-13,Cairo,Egypt,8.1,-1.8,0.0,42.4,Cloudy
2022-11-14,New York,USA,-4.9,-16.5,0.0,77.9,Cloudy
2022-11-14,London,UK,0.2,-5.5,0.5,63.2,Partly Cloudy
2022-11-14,Tokyo,Japan,-1.5,-12.3,0.1,86.6,Partly Cloudy
2022-11-14,Sydney,Australia,31.1,21.5,0.3,69.9,Hazy
2022-11-14,Cairo,Egypt,6.8,-1.7,0.1,56.9,Sunny
2022-11-15,New York,USA,-14.1,-16.1,1.3,63.0,Snow
2022-11-15,London,UK,4.1,-8.3,0.1,70.9,Partly Cloudy
2022-11-15,Tokyo,Japan,-6.3,-12.6,0.2,99,Cloudy
2022-11-15,Sydney,Australia,31.2,19.6,0.6,82.7,Sunny
2022-11-15,Cairo,Egypt,3.8,-2.0,0.0,58.4,Sunny
2022-11-16,New York,USA,-6.8,-15.8,2.8,42.7,Snow
2022-11-16,London,UK,2.3,-7.8,0.3,99,Cloudy
2022-11-16,Tokyo,Japan,-4.8,-11.8,0.1,71.5,Overcast
2022-11-16,Sydney,Australia,28.4,26.2,0.0,55.2,Sunny
2022-11-16,Cairo,Egypt,5.8,-3.2,0.0,48.7,Drizzle
2022-11-17,New York,USA,-6.1,-14.1,4.7,52.4,Sunny
2022-11-17,London,UK,1.0,-6.5,0.2,78.8,Drizzle
2022-11-17,Tokyo,Japan,-4.9,-11.4,0.0,63.5,Cloudy
2022-11-17,Sydney,Australia,31.4,23.3,0.2,40.9,Sunny
2022-11-17,Cairo,Egypt,2.7,-1.5,0.2,56.6,Sunny
2022-11-18,New York,USA,-13.3,-16.3,0.0,97.4,Drizzle
2022-11-18,London,UK,0.1,-5.9,0.2,53.3,Partly Cloudy
2022-11-18,Tokyo,Japan,-2.8,-14.1,0.6,86.4,Overcast
2022-11-18,Sydney,Australia,31.0,25.5,0.8,73.7,Hazy
2022-11-18,Cairo,Egypt,6.7,-4.8,0.0,86.2,Snow
2022-11-19,New York,USA,-8.4,-15.3,3.8,60.7,Drizzle
2022-11-19,London,UK,-0.3,-5.9,0.3,81.3,Drizzle
2022-11-19,Tokyo,Japan,-7.4,-12.7,0.0,64.6,Sunny
2022-11-19,Sydney,Australia,28.4,22.6,0.1,48.1,Partly Cloudy
2022-11-19,Cairo,Egypt,5.1,-3.6,0.0,37.6,Snow
2022-11-20,New York,USA,-4.9,-19.8,0.0,47.5,Drizzle
2022-11-20,London,UK,-0.9,-9.8,0.1,69.5,Partly Cloudy
2022-11-20,Tokyo,Japan,-8.9,-16.6,1.8,62.6,Sunny
2022-11-20,Sydney,Australia,36.4,23.6,0.1,44.9,Sunny
2022-11-20,Cairo,Egypt,8.5,-5.4,0.0,46.0,Sunny
2022-11-21,New York,USA,-8.8,-15.0,5.0,79.1,Partly Cloudy
2022-11-21,London,UK,0.2,-7.6,0.6,58.5,Drizzle
2022-11-21,Tokyo,Japan,-2.7,-13.1,0.1,84.4,Drizzle
2022-11-21,Sydney,Australia,32.0,23.0,0.1,63.7,Hazy
2022-11-21,Cairo,Egypt,4.5,-5.2,0.0,96.8,Cloudy
2022-11-22,New York,USA,-3.8,-14.5,0.6,72.0,Drizzle
2022-11-22,London,UK,-2.0,-8.9,5.8,99,Snowfall
2022-11-22,Tokyo,Japan,-8.5,-14.0,0.1,57.1,Snow
2022-11-22,Sydney,Australia,31.0,20.7,6.1,69.9,Heavy Rain
2022-11-22,Cairo,Egypt,7.6,-3.3,0.0,68.0,Snow
2022-11-23,New York,USA,-7.1,-18.8,0.4,71.9,Partly Cloudy
2022-11-23,London,UK,0.2,-7.1,0.2,94.1,Snow
2022-11-23,Tokyo,Japan,-7.9,-16.1,0.1,55.5,Partly Cloudy
2022-11-23,Sydney,Australia,31.5,23.9,0.2,58.6,Hazy
2022-11-23,Cairo,Egypt,6.4,0.0,0.4,33.5,Drizzle
2022-11-24,New York,USA,-10.4,-19.5,0.4,34.9,Drizzle
2022-11-24,London,UK,-6.1,-8.3,0.3,33.4,Drizzle
2022-11-24,Tokyo,Japan,-5.7,-16.3,1.4,99,Overcast
2022-11-24,Sydney,Australia,30.8,22.9,0.3,20,Partly Cloudy
2022-11-24,Cairo,Egypt,-1.9,-3.9,0.1,47.9,Drizzle
2022-11-25,New York,USA,-7.0,-18.3,0.3,76.4,Snow
2022-11-25,London,UK,-0.1,-10.7,0.0,75.1,Snow
2022-11-25,Tokyo,Japan,-2.8,-17.7,0.0,59.4,Snow
2022-11-25,Sydney,Australia,33.2,24.1,0.0,93.6,Sunny
2022-11-25,Cairo,Egypt,4.9,-3.9,0.1,47.5,Sunny
2022-11-26,New York,USA,-6.7,-17.0,2.2,36.5,Sunny
2022-11-26,London,UK,1.8,-6.3,3.2,68.8,Partly Cloudy
2022-11-26,Tokyo,Japan,-2.1,-12.2,7.3,87.5,Snowfall
2022-11-26,Sydney,Australia,34.1,22.3,0.4,32.4,Hazy
2022-11-26,Cairo,Egypt,8.8,-3.2,0.0,70.4,Clear
2022-11-27,New York,USA,-8.7,-16.6,1.8,99,Sunny
2022-11-27,London,UK,4.3,-5.2,0.1,81.6,Sunny
2022-11-27,Tokyo,Japan,-4.3,-16.6,0.2,88.5,Sunny
2022-11-27,Sydney,Australia,35.3,26.9,0.0,72.5,Partly Cloudy
2022-11-27,Cairo,Egypt,10.5,-0.8,0.3,56.6,Clear
2022-11-28,New York,USA,-13.7,-16.4,0.7,86.8,Partly Cloudy
2022-11-28,London,UK,1.6,-5.2,0.0,89.8,Drizzle
2022-11-28,Tokyo,Japan,-10.0,-15.8,0.5,94.7,Cloudy
2022-11-28,Sydney,Australia,28.7,24.5,2.2,36.5,Sunny
2022-11-28,Cairo,Egypt,5.4,-2.4,0.0,60.4,Overcast
2022-11-29,New York,USA,-10.3,-18.6,0.2,99,Drizzle
2022-11-29,London,UK,0.0,-7.0,0.0,52.3,Overcast
2022-11-29,Tokyo,Japan,-4.0,-14.1,0.1,60.1,Sunny
2022-11-29,Sydney,Australia,32.3,22.7,0.6,59.6,Sunny
2022-11-29,Cairo,Egypt,4.3,-4.7,0.0,64.9,Partly Cloudy
2022-11-30,New York,USA,-11.3,-19.3,1.2,71.8,Sunny
2022-11-30,London,UK,3.4,-4.7,0.0,46.9,Snow
2022-11-30,Tokyo,Japan,-5.9,-14.3,0.1,87.3,Snow
2022-11-30,Sydney,Australia,28.9,24.3,2.4,49.0,Hazy
2022-11-30,Cairo,Egypt,2.4,-3.3,0.0,34.0,Drizzle
2022-12-01,New York,USA,-11.1,-16.1,0.0,32.2,Sunny
2022-12-01,London,UK,-3.9,-6.4,0.5,86.1,Drizzle
2022-12-01,Tokyo,Japan,-9.1,-13.8,1.8,83.3,Overcast
2022-12-01,Sydney,Australia,32.7,27.2,0.5,61.3,Sunny
2022-12-01,Cairo,Egypt,6.3,-0.3,0.0,43.9,Cloudy
2022-12-02,New York,USA,-10.2,-15.1,1.3,94.6,Snow
2022-12-02,London,UK,3.7,-6.8,0.2,75.1,Overcast
2022-12-02,Tokyo,Japan,-10.1,-13.0,1.5,83.0,Cloudy
2022-12-02,Sydney,Australia,35.9,21.8,0.0,78.7,Sunny
2022-12-02,Cairo,Egypt,4.4,-1.5,0.6,50.6,Drizzle
2022-12-03,New York,USA,-10.6,-18.4,0.1,74.0,Snow
2022-12-03,London,UK,-2.0,-8.3,0.8,80.4,Overcast
2022-12-03,Tokyo,Japan,-6.1,-15.9,0.1,46.3,Overcast
2022-12-03,Sydney,Australia,30.0,23.8,0.0,42.7,Sunny
2022-12-03,Cairo,Egypt,0.3,-5.4,0.0,94.6,Partly Cloudy
2022-12-04,New York,USA,-10.5,-22.8,4.5,92.3,Overcast
2022-12-04,London,UK,2.5,-6.8,1.5,32.2,Snow
2022-12-04,Tokyo,Japan,-6.2,-18.9,0.1,59.4,Partly Cloudy
2022-12-04,Sydney,Australia,29.1,20.9,3.5,38.9,Sunny
2022-12-04,Cairo,Egypt,7.2,-0.7,0.0,50.7,Overcast
2022-12-05,New York,USA,-11.0,-18.3,0.8,98.8,Partly Cloudy
2022-12-05,London,UK,1.6,-4.8,1.2,52.0,Drizzle
2022-12-05,Tokyo,Japan,-7.1,-11.8,0.0,57.3,Overcast
2022-12-05,Sydney,Australia,29.7,22.9,0.2,41.8,Hazy
2022-12-05,Cairo,Egypt,2.6,-2.5,0.5,21.7,Snow
2022-12-06,New York,USA,-17.9,-19.9,0.1,69.8,Partly Cloudy
2022-12-06,London,UK,7.1,-8.8,0.1,71.8,Snow
2022-12-06,Tokyo,Japan,-4.1,-14.1,0.0,60.1,Sunny
2022-12-06,Sydney,Australia,33.1,24.0,0.0,64.4,Sunny
2022-12-06,Cairo,Egypt,0.8,-2.3,0.0,90.8,Partly Cloudy
2022-12-07,New York,USA,-13.6,-19.7,0.1,62.0,Drizzle
2022-12-07,London,UK,-0.7,-7.9,0.0,49.5,Overcast
2022-12-07,Tokyo,Japan,-9.2,-16.8,4.7,47.3,Overcast
2022-12-07,Sydney,Australia,34.9,21.8,0.0,45.5,Sunny
2022-12-07,Cairo,Egypt,5.5,-4.5,0.0,83.2,Sunny
2022-12-08,New York,USA,-15.7,-19.5,3.4,99,Sunny
2022-12-08,London,UK,-2.9,-8.3,0.9,84.5,Partly Cloudy
2022-12-08,Tokyo,Japan,-4.4,-17.4,0.1,55.0,Drizzle
2022-12-08,Sydney,Australia,31.3,23.1,0.5,35.4,Partly Cloudy
2022-12-08,Cairo,Egypt,7.1,-4.7,0.0,56.2,Snow
2022-12-09,New York,USA,-7.8,-18.6,4.3,39.9,Cloudy
2022-12-09,London,UK,-1.3,-8.7,0.0,88.8,Cloudy
2022-12-09,Tokyo,Japan,-9.8,-11.8,1.8,76.8,Cloudy
2022-12-09,Sydney,Australia,35.3,28.2,0.1,53.4,Sunny
2022-12-09,Cairo,Egypt,2.7,-5.1,0.1,83.7,Sunny
2022-12-10,New York,USA,-7.5,-18.4,0.5,45.8,Cloudy
2022-12-10,London,UK,-0.9,-6.9,0.4,74.0,Snow
2022-12-10,Tokyo,Japan,-7.6,-11.5,0.1,76.2,Overcast
2022-12-10,Sydney,Australia,32.6,22.3,0.2,57.8,Sunny
2022-12-10,Cairo,Egypt,2.5,-4.7,0.0,74.7,Cloudy
2022-12-11,New York,USA,-11.3,-19.7,0.0,60.0,Snow
2022-12-11,London,UK,3.3,-6.6,77.4,91.6,Snowfall
2022-12-11,Tokyo,Japan,-8.6,-15.4,0.8,64.1,Snow
2022-12-11,Sydney,Australia,30.5,21.1,0.0,53.9,Partly Cloudy
2022-12-11,Cairo,Egypt,5.5,-6.2,0.0,71.7,Overcast
2022-12-12,New York,USA,-10.6,-19.9,0.1,66.9,Partly Cloudy
2022-12-12,London,UK,-0.3,-10.1,6.9,57.9,Snowfall
2022-12-12,Tokyo,Japan,-8.2,-13.8,0.0,53.9,Partly Cloudy
2022-12-12,Sydney,Australia,29.5,23.6,1.5,70.1,Hazy
2022-12-12,Cairo,Egypt,6.5,-3.4,0.1,68.1,Overcast
2022-12-13,New York,USA,-14.8,-18.6,0.1,79.3,Sunny
2022-12-13,London,UK,-1.4,-10.0,0.1,83.1,Cloudy
2022-12-13,Tokyo,Japan,-9.8,-15.2,0.8,91.7,Overcast
2022-12-13,Sydney,Australia,34.5,22.1,0.1,48.6,Hazy
2022-12-13,Cairo,Egypt,6.0,-2.8,0.1,69.0,Partly Cloudy
2022-12-14,New York,USA,-16.2,-19.0,0.0,99,Snow
2022-12-14,London,UK,-3.5,-8.1,1.6,44.4,Cloudy
2022-12-14,Tokyo,Japan,-7.4,-15.1,0.6,50.8,Snow
2022-12-14,Sydney,Australia,26.4,22.1,0.0,47.3,Partly Cloudy
2022-12-14,Cairo,Egypt,3.9,-2.8,0.0,39.5,Overcast
2022-12-15,New York,USA,-11.4,-17.6,0.1,79.4,Sunny
2022-12-15,London,UK,1.2,-10.6,0.1,38.2,Drizzle
2022-12-15,Tokyo,Japan,-8.8,-13.7,0.1,79.4,Sunny
2022-12-15,Sydney,Australia,33.0,20.7,0.2,25.4,Sunny
2022-12-15,Cairo,Egypt,-0.0,-3.6,0.0,75.2,Sunny
2022-12-16,New York,USA,-12.0,-18.9,0.2,93.4,Drizzle
2022-12-16,London,UK,2.7,-7.4,0.9,26.9,Sunny
2022-12-16,Tokyo,Japan,-13.1,-15.1,0.9,62.6,Cloudy
2022-12-16,Sydney,Australia,33.4,25.3,0.5,73.9,Sunny
2022-12-16,Cairo,Egypt,3.6,-5.0,0.1,99,Sunny
2022-12-17,New York,USA,-12.4,-18.7,2.9,89.8,Snow
2022-12-17,London,UK,-0.6,-7.9,0.7,39.4,Partly Cloudy
2022-12-17,Tokyo,Japan,-9.8,-12.9,0.1,56.4,Sunny
2022-12-17,Sydney,Australia,34.4,23.6,0.4,46.9,Partly Cloudy
2022-12-17,Cairo,Egypt,5.7,-3.2,0.1,40.9,Overcast
2022-12-18,New York,USA,-13.5,-15.5,0.4,79.6,Partly Cloudy
2022-12-18,London,UK,-3.3,-5.6,0.8,99,Partly Cloudy
2022-12-18,Tokyo,Japan,-5.4,-13.0,0.1,79.2,Partly Cloudy
2022-12-18,Sydney,Australia,30.8,21.0,0.0,34.5,Partly Cloudy
2022-12-18,Cairo,Egypt,0.7,-4.0,0.0,66.6,Cloudy
2022-12-19,New York,USA,-10.7,-15.9,0.0,41.7,Partly Cloudy
2022-12-19,London,UK,5.5,-6.8,0.1,62.5,Snow
2022-12-19,Tokyo,Japan,-6.8,-11.7,0.5,97.2,Snow
2022-12-19,Sydney,Australia,30.3,26.3,1.1,64.1,Sunny
2022-12-19,Cairo,Egypt,3.1,0.3,0.0,55.5,Cloudy
2022-12-20,New York,USA,-11.0,-17.9,0.6,99,Partly Cloudy
2022-12-20,London,UK,-2.0,-8.7,0.0,58.4,Drizzle
2022-12-20,Tokyo,Japan,-6.2,-12.8,2.2,64.8,Drizzle
2022-12-20,Sydney,Australia,29.7,23.7,1.7,44.4,Sunny
2022-12-20,Cairo,Egypt,6.2,-5.1,0.1,49.7,Partly Cloudy
2022-12-21,New York,USA,-12.5,-17.7,0.1,72.3,Partly Cloudy
2022-12-21,London,UK,1.7,-5.2,1.2,75.0,Partly Cloudy
2022-12-21,Tokyo,Japan,-9.9,-17.7,0.0,92.2,Drizzle
2022-12-21,Sydney,Australia,32.7,23.9,0.0,45.6,Sunny
2022-12-21,Cairo,Egypt,3.3,-2.5,0.3,47.3,Sunny
2022-12-22,New York,USA,-13.0,-19.2,0.5,78.5,Partly Cloudy
2022-12-22,London,UK,0.2,-9.8,0.3,67.2,Snow
2022-12-22,Tokyo,Japan,-5.2,-16.1,0.1,88.2,Overcast
2022-12-22,Sydney,Australia,37.2,23.8,0.0,20,Sunny
2022-12-22,Cairo,Egypt,1.1,-7.8,0.0,72.4,Drizzle
2022-12-23,New York,USA,-5.9,-18.1,0.1,71.0,Sunny
2022-12-23,London,UK,2.4,-7.3,1.7,99,Cloudy
2022-12-23,Tokyo,Japan,-9.4,-17.8,0.1,57.0,Sunny
2022-12-23,Sydney,Australia,32.4,21.5,0.1,32.7,Sunny
2022-12-23,Cairo,Egypt,5.3,-4.9,0.0,38.6,Snow
2022-12-24,New York,USA,-9.2,-20.7,0.0,73.8,Sunny
2022-12-24,London,UK,-0.1,-8.6,0.9,58.0,Partly Cloudy
2022-12-24,Tokyo,Japan,-3.7,-16.9,0.0,98.1,Snow
2022-12-24,Sydney,Australia,30.6,21.2,0.2,60.6,Hazy
2022-12-24,Cairo,Egypt,3.1,-2.2,0.1,94.8,Cloudy
2022-12-25,New York,USA,-11.0,-18.0,0.0,76.2,Sunny
2022-12-25,London,UK,-0.5,-9.4,0.1,82.3,Drizzle
2022-12-25,Tokyo,Japan,-5.5,-15.5,0.3,37.5,Snow
2022-12-25,Sydney,Australia,36.7,24.9,0.0,67.4,Sunny
2022-12-25,Cairo,Egypt,7.3,-2.9,0.0,61.1,Sunny
2022-12-26,New York,USA,-12.4,-20.4,0.4,80.6,Overcast
2022-12-26,London,UK,-3.2,-9.7,2.1,66.4,Sunny
2022-12-26,Tokyo,Japan,-8.3,-18.4,0.0,86.9,Partly Cloudy
2022-12-26,Sydney,Australia,36.1,22.7,0.0,28.2,Hazy
2022-12-26,Cairo,Egypt,4.2,-3.3,0.0,54.3,Drizzle
2022-12-27,New York,USA,-12.0,-20.5,1.1,83.3,Cloudy
2022-12-27,London,UK,2.2,-5.2,0.1,40.1,Partly Cloudy
2022-12-27,Tokyo,Japan,-11.7,-15.6,0.0,75.1,Partly Cloudy
2022-12-27,Sydney,Australia,34.2,24.2,9.6,54.8,Heavy Rain
2022-12-27,Cairo,Egypt,4.4,-5.3,0.5,45.4,Snow
2022-12-28,New York,USA,-14.1,-16.6,0.9,78.0,Cloudy
2022-12-28,London,UK,0.9,-6.0,0.0,64.2,Snow
2022-12-28,Tokyo,Japan,-12.3,-14.3,0.5,45.7,Sunny
2022-12-28,Sydney,Australia,32.3,25.7,0.0,69.6,Hazy
2022-12-28,Cairo,Egypt,3.9,-2.1,1.6,66.8,Cloudy
2022-12-29,New York,USA,-13.5,-15.7,0.3,77.9,Overcast
2022-12-29,London,UK,7.3,-8.2,1.0,65.0,Cloudy
2022-12-29,Tokyo,Japan,-8.2,-18.8,1.2,86.3,Partly Cloudy
2022-12-29,Sydney,Australia,29.1,23.6,0.1,99,Hazy
2022-12-29,Cairo,Egypt,4.9,-1.4,0.4,65.5,Overcast
2022-12-30,New York,USA,-12.8,-16.9,0.0,58.9,Overcast
2022-12-30,London,UK,0.8,-5.4,0.4,65.5,Snow
2022-12-30,Tokyo,Japan,-5.5,-19.4,0.9,59.6,Cloudy
2022-12-30,Sydney,Australia,33.4,23.6,0.5,70.2,Sunny
2022-12-30,Cairo,Egypt,3.9,-2.2,0.0,49.4,Sunny
2022-12-31,New York,USA,-13.4,-20.7,0.0,45.5,Overcast
2022-12-31,London,UK,5.2,-5.4,1.9,44.7,Drizzle
2022-12-31,Tokyo,Japan,-7.3,-18.2,2.6,75.8,Overcast
2022-12-31,Sydney,Australia,29.4,22.7,0.0,41.6,Sunny
2022-12-31,Cairo,Egypt,4.5,-2.6,0.3,80.7,Snow
2023-01-01,New York,USA,-12.1,-18.6,0.9,56.5,Overcast
2023-01-01,London,UK,-0.9,-7.6,0.1,53.5,Drizzle
2023-01-01,Tokyo,Japan,-8.9,-14.0,0.0,74.2,Snow
2023-01-01,Sydney,Australia,30.0,26.2,0.7,57.7,Partly Cloudy
2023-01-01,Cairo,Egypt,6.4,-3.7,0.0,78.8,Sunny
2023-01-02,New York,USA,-9.9,-19.2,0.1,98.3,Partly Cloudy
2023-01-02,London,UK,-0.5,-5.1,2.4,71.9,Snow
2023-01-02,Tokyo,Japan,-7.2,-12.4,0.0,79.6,Snow
2023-01-02,Sydney,Australia,33.2,20.6,0.3,47.6,Partly Cloudy
2023-01-02,Cairo,Egypt,3.4,-1.1,3.3,82.8,Snow
2023-01-03,New York,USA,-10.3,-19.6,0.1,41.0,Overcast
2023-01-03,London,UK,-0.9,-9.9,2.3,70.8,Partly Cloudy
2023-01-03,Tokyo,Japan,-3.8,-15.4,5.3,66.1,Snowfall
2023-01-03,Sydney,Australia,33.4,25.0,0.1,36.0,Hazy
2023-01-03,Cairo,Egypt,0.8,-4.2,0.0,29.4,Drizzle
2023-01-04,New York,USA,-9.9,-18.5,0.0,86.3,Overcast
2023-01-04,London,UK,3.3,-7.2,0.1,62.2,Partly Cloudy
2023-01-04,Tokyo,Japan,-8.4,-14.2,0.3,62.6,Overcast
2023-01-04,Sydney,Australia,32.1,23.9,0.4,46.6,Sunny
2023-01-04,Cairo,Egypt,-0.4,-4.3,0.1,55.2,Overcast
2023-01-05,New York,USA,-8.4,-16.1,0.0,71.6,Overcast
2023-01-05,London,UK,0.4,-8.3,0.2,96.5,Cloudy
2023-01-05,Tokyo,Japan,-9.7,-14.4,0.6,71.1,Sunny
2023-01-05,Sydney,Australia,28.0,22.3,0.1,56.7,Clear
2023-01-05,Cairo,Egypt,1.0,-1.8,0.0,69.1,Overcast
2023-01-06,New York,USA,-12.1,-16.7,0.1,25.8,Overcast
2023-01-06,London,UK,0.7,-10.2,0.0,60.2,Cloudy
2023-01-06,Tokyo,Japan,-10.5,-14.7,0.0,56.0,Overcast
2023-01-06,Sydney,Australia,28.7,20.9,0.0,64.6,Sunny
2023-01-06,Cairo,Egypt,6.3,-2.3,1.9,99,Snow
2023-01-07,New York,USA,-11.5,-16.0,18.1,72.0,Snowfall
2023-01-07,London,UK,-3.2,-9.6,0.1,79.2,Drizzle
2023-01-07,Tokyo,Japan,-9.4,-18.1,0.4,52.3,Cloudy
2023-01-07,Sydney,Australia,32.9,24.9,6.6,99,Heavy Rain
2023-01-07,Cairo,Egypt,7.6,-2.9,0.0,33.8,Sunny
2023-01-08,New York,USA,-12.6,-17.4,0.1,69.7,Snow
2023-01-08,London,UK,0.4,-9.7,0.5,73.3,Cloudy
2023-01-08,Tokyo,Japan,-7.7,-15.9,0.3,71.6,Snow
2023-01-08,Sydney,Australia,31.5,20.5,0.2,74.6,Hazy
2023-01-08,Cairo,Egypt,0.9,-1.7,0.1,47.7,Partly Cloudy
2023-01-09,New York,USA,-14.5,-18.5,0.1,77.6,Drizzle
2023-01-09,London,UK,1.0,-6.4,0.3,69.4,Overcast
2023-01-09,Tokyo,Japan,-5.7,-14.9,1.6,36.2,Partly Cloudy
2023-01-09,Sydney,Australia,31.2,26.2,0.1,32.6,Sunny
2023-01-09,Cairo,Egypt,3.0,-1.6,0.1,72.5,Sunny
2023-01-10,New York,USA,-5.1,-15.6,4.6,78.0,Sunny
2023-01-10,London,UK,-1.2,-9.2,1.7,77.7,Overcast
2023-01-10,Tokyo,Japan,-4.1,-14.6,0.2,88.4,Sunny
2023-01-10,Sydney,Australia,34.4,23.9,0.1,38.7,Hazy
2023-01-10,Cairo,Egypt,3.6,-5.1,0.1,89.4,Overcast
2023-01-11,New York,USA,-8.4,-15.8,6.3,70.9,Snowfall
2023-01-11,London,UK,3.6,-12.2,0.1,84.0,Partly Cloudy
2023-01-11,Tokyo,Japan,-4.6,-15.5,0.0,59.5,Overcast
2023-01-11,Sydney,Australia,30.6,23.3,0.2,78.2,Sunny
2023-01-11,Cairo,Egypt,5.2,-2.9,0.0,88.3,Partly Cloudy
2023-01-12,New York,USA,-11.8,-16.4,1.7,64.6,Cloudy
2023-01-12,London,UK,0.9,-8.9,0.1,72.7,Snow
2023-01-12,Tokyo,Japan,-5.5,-14.4,0.0,62.5,Snow
2023-01-12,Sydney,Australia,30.6,24.6,0.7,25.4,Partly Cloudy
2023-01-12,Cairo,Egypt,9.8,-2.9,0.1,94.6,Sunny
2023-01-13,New York,USA,-12.0,-17.7,0.1,41.2,Overcast
2023-01-13,London,UK,0.7,-7.1,0.0,68.4,Cloudy
2023-01-13,Tokyo,Japan,-4.6,-12.7,0.6,32.6,Snow
2023-01-13,Sydney,Australia,24.4,22.4,0.4,50.9,Sunny
2023-01-13,Cairo,Egypt,4.2,-1.3,0.0,59.5,Drizzle
2023-01-14,New York,USA,-7.6,-19.1,8.5,57.2,Snowfall
2023-01-14,London,UK,-1.3,-4.9,0.1,20,Overcast
2023-01-14,Tokyo,Japan,-7.8,-14.1,0.0,99,Drizzle
2023-01-14,Sydney,Australia,31.7,23.9,0.0,83.8,Sunny
2023-01-14,Cairo,Egypt,8.3,-2.3,0.0,58.7,Cloudy
2023-01-15,New York,USA,-8.9,-14.3,1.1,55.0,Overcast
2023-01-15,London,UK,1.7,-6.3,4.7,71.0,Sunny
2023-01-15,Tokyo,Japan,-4.4,-14.7,0.4,80.7,Cloudy
2023-01-15,Sydney,Australia,31.4,27.3,0.2,20,Hazy
2023-01-15,Cairo,Egypt,3.7,-2.5,0.0,54.1,Snow
2023-01-16,New York,USA,-10.8,-17.3,0.2,96.5,Partly Cloudy
2023-01-16,London,UK,2.0,-12.1,1.5,93.9,Sunny
2023-01-16,Tokyo,Japan,-2.8,-9.7,0.1,72.5,Partly Cloudy
2023-01-16,Sydney,Australia,33.1,22.1,0.1,58.3,Partly Cloudy
2023-01-16,Cairo,Egypt,1.6,-2.6,0.0,64.5,Drizzle
2023-01-17,New York,USA,-8.2,-22.4,0.1,48.4,Overcast
2023-01-17,London,UK,3.0,-6.4,7.5,43.4,Snowfall
2023-01-17,Tokyo,Japan,-9.2,-15.4,0.3,99,Partly Cloudy
2023-01-17,Sydney,Australia,31.5,21.2,1.1,32.3,Sunny
2023-01-17,Cairo,Egypt,4.9,-0.2,0.5,86.9,Overcast
2023-01-18,New York,USA,-10.5,-18.5,0.5,74.4,Snow
2023-01-18,London,UK,-0.7,-8.6,0.1,51.0,Overcast
2023-01-18,Tokyo,Japan,-9.4,-16.0,0.1,68.7,Drizzle
2023-01-18,Sydney,Australia,26.8,22.4,0.2,80.9,Sunny
2023-01-18,Cairo,Egypt,7.2,-7.6,0.1,67.1,Sunny
2023-01-19,New York,USA,-10.2,-19.7,0.0,67.6,Snow
2023-01-19,London,UK,0.8,-6.6,1.1,76.5,Drizzle
2023-01-19,Tokyo,Japan,-8.3,-15.5,0.0,61.5,Overcast
2023-01-19,Sydney,Australia,31.5,19.3,0.1,76.1,Sunny
2023-01-19,Cairo,Egypt,4.8,-1.1,1.1,58.1,Partly Cloudy
2023-01-20,New York,USA,-10.5,-17.3,1.7,65.3,Sunny
2023-01-20,London,UK,5.1,-4.9,2.2,44.5,Snow
2023-01-20,Tokyo,Japan,-2.2,-9.5,4.3,99,Overcast
2023-01-20,Sydney,Australia,34.6,21.4,0.5,67.1,Sunny
2023-01-20,Cairo,Egypt,6.3,-3.6,0.0,82.6,Partly Cloudy
2023-01-21,New York,USA,-9.7,-19.0,0.5,87.5,Partly Cloudy
2023-01-21,London,UK,3.6,-3.9,0.0,79.4,Drizzle
2023-01-21,Tokyo,Japan,-3.2,-11.9,0.4,40.1,Drizzle
2023-01-21,Sydney,Australia,29.9,25.4,0.8,66.5,Sunny
2023-01-21,Cairo,Egypt,5.8,-1.6,0.4,64.1,Partly Cloudy
2023-01-22,New York,USA,-8.5,-18.9,0.5,91.0,Snow
2023-01-22,London,UK,5.8,-5.5,0.0,80.3,Overcast
2023-01-22,Tokyo,Japan,-5.2,-14.1,0.2,56.6,Cloudy
2023-01-22,Sydney,Australia,27.7,22.3,0.0,34.8,Clear
2023-01-22,Cairo,Egypt,4.1,-4.2,0.0,63.6,Partly Cloudy
2023-01-23,New York,USA,-10.4,-20.9,1.0,99,Snow
2023-01-23,London,UK,0.3,-5.8,0.2,67.0,Cloudy
2023-01-23,Tokyo,Japan,-6.0,-13.7,0.0,54.6,Cloudy
2023-01-23,Sydney,Australia,30.9,23.0,0.4,78.5,Sunny
2023-01-23,Cairo,Egypt,7.4,-1.4,0.1,43.5,Overcast
2023-01-24,New York,USA,-1.8,-14.7,0.0,64.9,Snow
2023-01-24,London,UK,-0.7,-7.6,6.3,48.3,Snowfall
2023-01-24,Tokyo,Japan,-5.9,-13.7,0.7,83.8,Cloudy
2023-01-24,Sydney,Australia,36.0,21.8,0.1,59.1,Sunny
2023-01-24,Cairo,Egypt,6.3,-5.5,0.0,55.9,Overcast
2023-01-25,New York,USA,-7.8,-12.7,4.3,62.3,Overcast
2023-01-25,London,UK,1.3,-7.4,3.2,74.6,Cloudy
2023-01-25,Tokyo,Japan,-4.8,-11.5,1.9,72.1,Snow
2023-01-25,Sydney,Australia,30.4,22.8,0.2,71.3,Hazy
2023-01-25,Cairo,Egypt,7.1,-2.0,0.1,91.6,Partly Cloudy
2023-01-26,New York,USA,-7.3,-16.5,0.5,99,Partly Cloudy
2023-01-26,London,UK,2.3,-6.3,1.2,95.2,Sunny
2023-01-26,Tokyo,Japan,-5.5,-13.5,0.2,53.0,Cloudy
2023-01-26,Sydney,Australia,28.0,19.9,0.2,72.6,Partly Cloudy
2023-01-26,Cairo,Egypt,4.9,1.1,0.0,73.6,Sunny
2023-01-27,New York,USA,-7.3,-14.7,0.0,38.4,Snow
2023-01-27,London,UK,2.3,-6.3,1.1,87.9,Partly Cloudy
2023-01-27,Tokyo,Japan,-2.5,-12.4,2.3,27.7,Partly Cloudy
2023-01-27,Sydney,Australia,25.9,21.4,0.3,81.4,Clear
2023-01-27,Cairo,Egypt,8.8,-1.3,0.0,48.5,Cloudy
2023-01-28,New York,USA,-6.6,-18.7,2.3,73.7,Cloudy
2023-01-28,London,UK,5.5,-7.5,0.2,63.4,Sunny
2023-01-28,Tokyo,Japan,-6.3,-10.1,0.2,99,Partly Cloudy
2023-01-28,Sydney,Australia,32.9,20.7,2.5,32.8,Sunny
2023-01-28,Cairo,Egypt,4.6,-0.2,1.2,37.6,Snow
2023-01-29,New York,USA,-8.4,-14.6,0.5,66.9,Cloudy
2023-01-29,London,UK,1.6,-7.0,1.4,55.7,Overcast
2023-01-29,Tokyo,Japan,-2.6,-12.2,0.2,99,Overcast
2023-01-29,Sydney,Australia,29.2,22.9,0.1,76.0,Sunny
2023-01-29,Cairo,Egypt,7.4,-2.4,0.0,22.0,Partly Cloudy
2023-01-30,New York,USA,-8.6,-14.5,0.4,45.7,Cloudy
2023-01-30,London,UK,3.2,-8.0,0.0,95.3,Cloudy
2023-01-30,Tokyo,Japan,-1.4,-7.2,4.3,92.0,Sunny
2023-01-30,Sydney,Australia,27.8,20.9,0.0,27.3,Sunny
2023-01-30,Cairo,Egypt,1.2,-1.4,0.0,30.5,Drizzle
2023-01-31,New York,USA,-5.8,-16.6,0.3,99,Snow
2023-01-31,London,UK,0.3,-8.5,0.1,28.4,Partly Cloudy
2023-01-31,Tokyo,Japan,-1.3,-10.4,0.1,99,Cloudy
2023-01-31,Sydney,Australia,31.3,23.8,0.7,52.8,Partly Cloudy
2023-01-31,Cairo,Egypt,7.9,0.5,0.0,89.4,Snow
2023-02-01,New York,USA,-7.0,-11.9,0.3,99,Cloudy
2023-02-01,London,UK,-3.4,-5.4,1.0,63.3,Sunny
2023-02-01,Tokyo,Japan,-5.2,-12.3,0.2,89.6,Overcast
2023-02-01,Sydney,Australia,29.0,22.7,0.0,44.6,Partly Cloudy
2023-02-01,Cairo,Egypt,8.7,0.4,0.2,84.6,Light Rain
2023-02-02,New York,USA,-7.8,-13.6,0.9,56.9,Overcast
2023-02-02,London,UK,-0.6,-10.0,0.7,47.3,Partly Cloudy
2023-02-02,Tokyo,Japan,-6.0,-11.6,0.4,76.6,Snow
2023-02-02,Sydney,Australia,30.3,21.0,0.3,30.3,Sunny
2023-02-02,Cairo,Egypt,9.1,0.8,0.0,48.8,Cloudy
2023-02-03,New York,USA,-6.9,-10.6,0.0,99.0,Overcast
2023-02-03,London,UK,-0.5,-4.2,3.1,31.6,Drizzle
2023-02-03,Tokyo,Japan,-4.0,-10.4,0.1,78.4,Sunny
2023-02-03,Sydney,Australia,34.2,19.3,0.0,45.5,Hazy
2023-02-03,Cairo,Egypt,9.7,0.6,0.1,58.0,Clear
2023-02-04,New York,USA,-6.7,-18.0,1.3,63.5,Snow
2023-02-04,London,UK,0.1,-4.9,0.0,51.2,Snow
2023-02-04,Tokyo,Japan,-2.8,-8.9,0.0,92.4,Cloudy
2023-02-04,Sydney,Australia,30.3,17.8,0.1,96.1,Partly Cloudy
2023-02-04,Cairo,Egypt,5.3,-1.0,0.1,50.7,Cloudy
2023-02-05,New York,USA,-4.4,-17.6,2.6,76.5,Overcast
2023-02-05,London,UK,5.6,-5.1,0.0,79.3,Sunny
2023-02-05,Tokyo,Japan,-1.3,-9.2,0.4,44.6,Snow
2023-02-05,Sydney,Australia,30.1,24.1,0.1,33.2,Sunny
2023-02-05,Cairo,Egypt,9.8,3.1,0.0,52.3,Cloudy
2023-02-06,New York,USA,-4.7,-13.8,0.0,20,Partly Cloudy
2023-02-06,London,UK,1.3,-6.2,0.6,58.7,Snow
2023-02-06,Tokyo,Japan,-2.8,-12.5,0.0,22.9,Overcast
2023-02-06,Sydney,Australia,29.2,23.5,0.1,34.6,Sunny
2023-02-06,Cairo,Egypt,7.6,-3.0,0.0,99,Snow
2023-02-07,New York,USA,-8.8,-14.3,0.2,75.9,Overcast
2023-02-07,London,UK,4.4,-6.5,0.1,99,Cloudy
2023-02-07,Tokyo,Japan,1.1,-10.6,0.0,55.8,Sunny
2023-02-07,Sydney,Australia,30.5,20.0,1.1,44.2,Sunny
2023-02-07,Cairo,Egypt,7.1,-0.6,0.0,47.2,Partly Cloudy
2023-02-08,New York,USA,-4.8,-15.3,2.2,87.1,Cloudy
2023-02-08,London,UK,0.2,-3.8,0.4,99,Partly Cloudy
2023-02-08,Tokyo,Japan,-4.8,-9.6,0.5,99,Drizzle
2023-02-08,Sydney,Australia,26.8,23.1,0.1,74.5,Sunny
2023-02-08,Cairo,Egypt,12.5,0.8,0.1,60.4,Partly Cloudy
2023-02-09,New York,USA,-5.5,-14.2,0.1,78.9,Sunny
2023-02-09,London,UK,1.2,-1.8,2.4,64.9,Cloudy
2023-02-09,Tokyo,Japan,-4.4,-11.1,0.5,59.9,Drizzle
2023-02-09,Sydney,Australia,28.8,21.3,0.3,56.7,Partly Cloudy
2023-02-09,Cairo,Egypt,8.7,4.2,0.1,37.0,Clear
2023-02-10,New York,USA,-1.6,-12.6,0.0,49.5,Partly Cloudy
2023-02-10,London,UK,5.1,-5.2,0.7,71.0,Overcast
2023-02-10,Tokyo,Japan,-3.6,-10.5,1.7,99,Drizzle
2023-02-10,Sydney,Australia,25.5,21.2,0.1,63.9,Sunny
2023-02-10,Cairo,Egypt,7.8,0.7,0.2,20,Sunny
2023-02-11,New York,USA,-1.6,-13.8,0.0,60.1,Overcast
2023-02-11,London,UK,-0.1,-2.1,0.1,40.3,Drizzle
2023-02-11,Tokyo,Japan,-2.2,-8.2,0.2,70.7,Snow
2023-02-11,Sydney,Australia,28.7,17.3,0.3,55.6,Hazy
2023-02-11,Cairo,Egypt,7.2,2.8,0.0,42.3,Cloudy
2023-02-12,New York,USA,-1.8,-12.8,0.0,43.1,Overcast
2023-02-12,London,UK,5.9,-1.5,0.7,43.8,Drizzle
2023-02-12,Tokyo,Japan,-1.7,-10.0,0.4,72.5,Overcast
2023-02-12,Sydney,Australia,29.2,17.5,15.4,50.4,Heavy Rain
2023-02-12,Cairo,Egypt,8.4,-0.3,0.1,54.3,Light Rain
2023-02-13,New York,USA,-5.1,-15.3,0.0,52.0,Overcast
2023-02-13,London,UK,2.6,-3.6,0.1,46.8,Drizzle
2023-02-13,Tokyo,Japan,-1.2,-7.5,0.1,96.6,Drizzle
2023-02-13,Sydney,Australia,29.1,20.2,0.5,30.4,Sunny
2023-02-13,Cairo,Egypt,8.0,3.3,1.0,59.5,Light Rain
2023-02-14,New York,USA,-2.6,-10.9,0.5,58.3,Snow
2023-02-14,London,UK,0.2,-2.6,0.1,62.0,Drizzle
2023-02-14,Tokyo,Japan,-1.0,-10.7,1.2,41.6,Sunny
2023-02-14,Sydney,Australia,27.6,23.1,0.3,42.3,Sunny
2023-02-14,Cairo,Egypt,7.9,-1.0,0.6,62.2,Cloudy
2023-02-15,New York,USA,-4.5,-13.5,0.0,98.6,Overcast
2023-02-15,London,UK,4.3,-1.9,0.1,33.7,Snow
2023-02-15,Tokyo,Japan,4.6,-11.7,0.2,79.0,Cloudy
2023-02-15,Sydney,Australia,28.9,22.5,0.5,53.7,Sunny
2023-02-15,Cairo,Egypt,14.7,1.9,0.4,69.6,Partly Cloudy
2023-02-16,New York,USA,-7.1,-10.7,1.4,82.9,Snow
2023-02-16,London,UK,2.3,-6.4,1.0,95.0,Snow
2023-02-16,Tokyo,Japan,-0.8,-7.9,1.1,83.1,Partly Cloudy
2023-02-16,Sydney,Australia,25.9,17.3,1.0,48.9,Light Rain
2023-02-16,Cairo,Egypt,11.2,3.9,0.0,53.2,Light Rain
2023-02-17,New York,USA,0.1,-9.1,0.4,68.7,Partly Cloudy
2023-02-17,London,UK,8.5,-5.0,0.0,40.9,Cloudy
2023-02-17,Tokyo,Japan,-5.6,-11.8,0.2,61.0,Cloudy
2023-02-17,Sydney,Australia,26.6,18.0,0.2,77.7,Light Rain
2023-02-17,Cairo,Egypt,11.6,3.7,0.0,65.5,Light Rain
2023-02-18,New York,USA,-1.8,-10.2,0.0,36.1,Snow
2023-02-18,London,UK,4.2,-2.7,0.6,96.3,Snow
2023-02-18,Tokyo,Japan,-0.6,-8.2,0.7,57.6,Partly Cloudy
2023-02-18,Sydney,Australia,28.6,17.7,0.8,66.1,Sunny
2023-02-18,Cairo,Egypt,14.2,1.2,0.0,97.2,Clear
2023-02-19,New York,USA,1.3,-11.6,0.1,48.4,Sunny
2023-02-19,London,UK,0.9,-1.1,0.3,59.7,Drizzle
2023-02-19,Tokyo,Japan,-0.1,-8.3,0.0,99,Snow
2023-02-19,Sydney,Australia,26.8,17.6,1.8,66.6,Cloudy
2023-02-19,Cairo,Egypt,6.7,4.7,0.0,41.5,Overcast
2023-02-20,New York,USA,-4.5,-13.7,1.1,99,Cloudy
2023-02-20,London,UK,-0.2,-2.2,0.1,69.3,Drizzle
2023-02-20,Tokyo,Japan,1.6,-8.2,1.6,44.9,Snow
2023-02-20,Sydney,Australia,23.0,18.8,0.0,72.0,Clear
2023-02-20,Cairo,Egypt,11.6,2.6,0.0,82.5,Sunny
2023-02-21,New York,USA,-6.7,-10.4,0.9,68.7,Snow
2023-02-21,London,UK,5.8,-2.1,1.4,69.5,Cloudy
2023-02-21,Tokyo,Japan,-0.5,-8.8,0.0,99,Sunny
2023-02-21,Sydney,Australia,25.6,18.7,0.0,37.4,Partly Cloudy
2023-02-21,Cairo,Egypt,10.0,5.3,1.8,88.8,Clear
2023-02-22,New York,USA,-3.6,-12.0,0.1,81.1,Drizzle
2023-02-22,London,UK,2.5,-5.2,0.5,65.0,Snow
2023-02-22,Tokyo,Japan,0.3,-6.7,0.1,95.3,Partly Cloudy
2023-02-22,Sydney,Australia,24.2,19.8,0.5,31.0,Clear
2023-02-22,Cairo,Egypt,13.8,2.5,0.0,67.4,Partly Cloudy
2023-02-23,New York,USA,-1.8,-10.2,0.3,76.6,Partly Cloudy
2023-02-23,London,UK,6.8,-4.0,1.4,57.0,Snow
2023-02-23,Tokyo,Japan,6.3,-7.3,0.4,69.5,Cloudy
2023-02-23,Sydney,Australia,29.5,21.6,0.0,69.5,Partly Cloudy
2023-02-23,Cairo,Egypt,11.4,3.1,0.0,70.0,Clear
2023-02-24,New York,USA,0.1,-13.5,0.2,93.3,Sunny
2023-02-24,London,UK,4.5,-4.2,0.3,69.6,Drizzle
2023-02-24,Tokyo,Japan,-2.7,-7.7,11.1,93.8,Snowfall
2023-02-24,Sydney,Australia,23.2,16.2,3.9,40.5,Sunny
2023-02-24,Cairo,Egypt,9.9,0.1,0.4,44.9,Light Rain
2023-02-25,New York,USA,-2.8,-8.9,0.1,36.0,Overcast
2023-02-25,London,UK,5.8,-7.4,1.1,52.7,Cloudy
2023-02-25,Tokyo,Japan,-2.7,-5.8,0.0,65.5,Cloudy
2023-02-25,Sydney,Australia,27.9,17.0,0.1,53.5,Cloudy
2023-02-25,Cairo,Egypt,11.1,2.1,0.1,44.5,Partly Cloudy
2023-02-26,New York,USA,-0.5,-9.8,0.1,75.0,Cloudy
2023-02-26,London,UK,0.0,-4.2,1.1,54.1,Drizzle
2023-02-26,Tokyo,Japan,5.6,-5.0,0.9,58.5,Snow
2023-02-26,Sydney,Australia,26.2,16.7,0.1,42.9,Light Rain
2023-02-26,Cairo,Egypt,15.1,7.4,0.0,62.3,Clear
2023-02-27,New York,USA,-4.1,-10.1,0.1,99,Snow
2023-02-27,London,UK,0.6,-3.4,0.0,48.1,Partly Cloudy
2023-02-27,Tokyo,Japan,1.1,-10.1,0.0,30.8,Partly Cloudy
2023-02-27,Sydney,Australia,27.3,15.8,183.5,45.0,Heavy Rain
2023-02-27,Cairo,Egypt,14.3,1.7,0.0,54.2,Sunny
2023-02-28,New York,USA,-1.0,-11.0,0.3,99,Overcast
2023-02-28,London,UK,3.9,-3.0,0.0,77.6,Overcast
2023-02-28,Tokyo,Japan,1.7,-8.5,0.0,33.2,Partly Cloudy
2023-02-28,Sydney,Australia,24.9,19.7,5.5,73.9,Heavy Rain
2023-02-28,Cairo,Egypt,11.5,6.8,0.0,34.0,Sunny
2023-03-01,New York,USA,-2.1,-9.5,0.1,52.0,Overcast
2023-03-01,London,UK,3.3,-2.5,1.3,82.6,Sunny
2023-03-01,Tokyo,Japan,0.2,-4.3,0.7,70.7,Partly Cloudy
2023-03-01,Sydney,Australia,23.8,18.6,0.1,52.7,Light Rain
2023-03-01,Cairo,Egypt,12.0,4.9,0.1,71.1,Clear
2023-03-02,New York,USA,-0.7,-8.1,0.1,44.0,Overcast
2023-03-02,London,UK,6.1,-2.8,0.3,67.2,Snow
2023-03-02,Tokyo,Japan,-0.1,-8.5,0.0,80.8,Overcast
2023-03-02,Sydney,Australia,27.0,19.2,0.1,22.6,Sunny
2023-03-02,Cairo,Egypt,11.0,0.9,0.1,70.6,Cloudy
2023-03-03,New York,USA,-2.6,-8.0,0.0,94.4,Snow
2023-03-03,London,UK,7.9,-5.2,0.1,91.6,Partly Cloudy
2023-03-03,Tokyo,Japan,5.1,-9.5,0.8,77.1,Snow
2023-03-03,Sydney,Australia,28.0,17.2,0.2,42.4,Cloudy
2023-03-03,Cairo,Egypt,14.3,4.1,0.1,66.7,Cloudy
2023-03-04,New York,USA,-4.9,-7.4,0.7,67.4,Sunny
2023-03-04,London,UK,3.9,-1.9,0.3,38.3,Partly Cloudy
2023-03-04,Tokyo,Japan,3.9,-4.6,0.2,84.7,Overcast
2023-03-04,Sydney,Australia,26.4,13.3,0.7,72.2,Partly Cloudy
2023-03-04,Cairo,Egypt,13.3,5.0,0.0,77.5,Clear
2023-03-05,New York,USA,-2.1,-9.6,0.2,85.1,Snow
2023-03-05,London,UK,4.5,-3.8,0.0,50.0,Snow
2023-03-05,Tokyo,Japan,3.3,-6.1,0.8,33.5,Sunny
2023-03-05,Sydney,Australia,26.9,16.4,0.6,45.4,Partly Cloudy
2023-03-05,Cairo,Egypt,12.2,3.2,0.0,76.0,Cloudy
2023-03-06,New York,USA,0.1,-5.7,0.1,60.7,Partly Cloudy
2023-03-06,London,UK,7.1,2.8,0.1,35.3,Partly Cloudy
2023-03-06,Tokyo,Japan,7.1,-5.2,1.0,60.4,Drizzle
2023-03-06,Sydney,Australia,24.2,20.8,0.9,23.0,Partly Cloudy
2023-03-06,Cairo,Egypt,14.2,5.0,0.6,77.6,Clear
2023-03-07,New York,USA,-3.8,-7.4,1.9,51.6,Cloudy
2023-03-07,London,UK,10.9,-2.2,0.0,99,Light Rain
2023-03-07,Tokyo,Japan,6.4,-1.5,0.0,66.6,Snow
2023-03-07,Sydney,Australia,29.5,18.7,0.1,30.6,Sunny
2023-03-07,Cairo,Egypt,16.3,7.7,0.0,80.1,Sunny
2023-03-08,New York,USA,-0.6,-8.0,1.7,72.7,Partly Cloudy
2023-03-08,London,UK,5.3,-4.3,0.8,67.6,Partly Cloudy
2023-03-08,Tokyo,Japan,4.6,-0.8,1.8,53.2,Overcast
2023-03-08,Sydney,Australia,23.3,21.3,1.3,36.5,Clear
2023-03-08,Cairo,Egypt,16.3,6.5,0.0,58.5,Partly Cloudy
2023-03-09,New York,USA,-0.7,-9.3,1.6,71.8,Cloudy
2023-03-09,London,UK,7.1,-2.6,0.1,52.6,Partly Cloudy
2023-03-09,Tokyo,Japan,6.6,-6.6,0.2,94.2,Sunny
2023-03-09,Sydney,Australia,19.6,17.5,0.4,37.4,Clear
2023-03-09,Cairo,Egypt,13.2,9.4,0.0,71.7,Cloudy
2023-03-10,New York,USA,-1.7,-9.1,1.2,46.0,Snow
2023-03-10,London,UK,8.1,-4.8,0.2,68.3,Partly Cloudy
2023-03-10,Tokyo,Japan,3.0,-4.6,0.2,58.3,Cloudy
2023-03-10,Sydney,Australia,24.3,13.8,0.0,33.5,Cloudy
2023-03-10,Cairo,Egypt,11.1,6.9,0.7,44.0,Partly Cloudy
2023-03-11,New York,USA,-2.1,-6.9,0.1,80.1,Drizzle
2023-03-11,London,UK,6.3,4.3,1.0,46.0,Drizzle
2023-03-11,Tokyo,Japan,0.8,-4.8,0.3,67.6,Overcast
2023-03-11,Sydney,Australia,22.8,13.4,0.1,96.3,Clear
2023-03-11,Cairo,Egypt,17.1,6.3,0.1,27.8,Cloudy
2023-03-12,New York,USA,-2.5,-8.2,0.3,20,Overcast
2023-03-12,London,UK,5.5,1.3,0.1,69.3,Sunny
2023-03-12,Tokyo,Japan,4.8,-4.2,0.8,67.7,Drizzle
2023-03-12,Sydney,Australia,22.0,12.2,10.8,46.4,Heavy Rain
2023-03-12,Cairo,Egypt,10.9,6.8,0.0,90.4,Cloudy
2023-03-13,New York,USA,2.1,-10.6,1.5,99,Snow
2023-03-13,London,UK,8.5,-0.6,0.4,88.5,Clear
2023-03-13,Tokyo,Japan,8.0,-3.2,0.0,99,Light Rain
2023-03-13,Sydney,Australia,21.1,15.8,0.0,43.1,Sunny
2023-03-13,Cairo,Egypt,13.2,10.0,0.1,62.5,Partly Cloudy
2023-03-14,New York,USA,-0.5,-5.3,0.1,51.6,Drizzle
2023-03-14,London,UK,8.3,-3.1,0.2,50.3,Sunny
2023-03-14,Tokyo,Japan,2.6,-3.4,0.1,80.4,Snow
2023-03-14,Sydney,Australia,21.7,16.7,0.0,37.2,Partly Cloudy
2023-03-14,Cairo,Egypt,15.5,7.7,0.0,73.2,Cloudy
2023-03-15,New York,USA,8.9,-6.9,2.1,55.2,Clear
2023-03-15,London,UK,6.4,-0.5,2.4,21.9,Sunny
2023-03-15,Tokyo,Japan,6.2,-3.7,0.7,64.8,Overcast
2023-03-15,Sydney,Australia,26.1,13.3,0.3,28.3,Light Rain
2023-03-15,Cairo,Egypt,11.5,7.3,0.1,72.7,Partly Cloudy
2023-03-16,New York,USA,1.3,-4.8,5.5,90.5,Snowfall
2023-03-16,London,UK,4.9,-0.6,0.1,56.0,Cloudy
2023-03-16,Tokyo,Japan,6.2,-0.7,0.0,81.2,Partly Cloudy
2023-03-16,Sydney,Australia,19.2,16.7,0.0,60.2,Partly Cloudy
2023-03-16,Cairo,Egypt,21.4,8.1,0.0,70.0,Light Rain
2023-03-17,New York,USA,1.1,-6.3,0.3,53.6,Sunny
2023-03-17,London,UK,15.3,-4.1,0.2,75.2,Sunny
2023-03-17,Tokyo,Japan,6.0,-3.3,0.1,77.1,Sunny
2023-03-17,Sydney,Australia,24.4,16.1,0.0,36.6,Clear
2023-03-17,Cairo,Egypt,14.1,10.0,0.0,40.3,Sunny
2023-03-18,New York,USA,1.9,-3.6,0.4,65.9,Sunny
2023-03-18,London,UK,9.7,1.3,0.1,65.1,Clear
2023-03-18,Tokyo,Japan,3.4,1.4,2.3,56.4,Partly Cloudy
2023-03-18,Sydney,Australia,22.4,16.9,0.1,48.9,Cloudy
2023-03-18,Cairo,Egypt,17.7,3.6,0.1,42.9,Sunny
2023-03-19,New York,USA,-0.0,-5.2,0.1,80.7,Drizzle
2023-03-19,London,UK,6.6,2.5,0.7,21.2,Snow
2023-03-19,Tokyo,Japan,4.2,-0.2,0.4,55.8,Drizzle
2023-03-19,Sydney,Australia,23.2,13.8,2.6,48.7,Sunny
2023-03-19,Cairo,Egypt,15.8,7.8,0.0,47.3,Cloudy
2023-03-20,New York,USA,5.4,-4.0,0.3,40.0,Overcast
2023-03-20,London,UK,7.8,0.1,0.5,77.6,Partly Cloudy
2023-03-20,Tokyo,Japan,8.1,-2.3,0.1,45.8,Light Rain
2023-03-20,Sydney,Australia,18.0,10.4,0.0,75.7,Light Rain
2023-03-20,Cairo,Egypt,20.5,10.5,0.0,47.6,Light Rain
2023-03-21,New York,USA,2.3,-3.7,1.5,43.8,Partly Cloudy
2023-03-21,London,UK,8.3,2.1,0.0,99,Light Rain
2023-03-21,Tokyo,Japan,11.4,-0.5,0.1,23.2,Sunny
2023-03-21,Sydney,Australia,19.2,14.9,0.1,46.9,Clear
2023-03-21,Cairo,Egypt,19.9,6.6,0.3,53.1,Cloudy
2023-03-22,New York,USA,-0.1,-5.6,2.9,65.2,Overcast
2023-03-22,London,UK,2.5,0.5,3.2,60.3,Drizzle
2023-03-22,Tokyo,Japan,11.4,2.5,0.1,29.7,Sunny
2023-03-22,Sydney,Australia,29.0,12.4,0.0,39.0,Sunny
2023-03-22,Cairo,Egypt,14.3,5.0,0.1,77.9,Clear
2023-03-23,New York,USA,1.7,-5.3,0.0,76.8,Snow
2023-03-23,London,UK,9.5,-0.4,0.7,26.4,Cloudy
2023-03-23,Tokyo,Japan,7.6,-2.3,0.4,99,Drizzle
2023-03-23,Sydney,Australia,22.0,14.5,1.2,48.7,Clear
2023-03-23,Cairo,Egypt,20.5,11.2,0.0,60.4,Cloudy
2023-03-24,New York,USA,-0.5,-6.6,0.0,84.3,Overcast
2023-03-24,London,UK,5.1,0.7,1.0,88.5,Drizzle
2023-03-24,Tokyo,Japan,4.5,2.3,0.1,55.9,Snow
2023-03-24,Sydney,Australia,24.3,16.1,0.0,47.7,Cloudy
2023-03-24,Cairo,Egypt,14.5,7.4,0.4,74.2,Clear
2023-03-25,New York,USA,6.0,-2.5,0.1,57.5,Partly Cloudy
2023-03-25,London,UK,13.7,0.2,7.3,93.1,Heavy Rain
2023-03-25,Tokyo,Japan,4.7,-1.2,0.4,68.7,Sunny
2023-03-25,Sydney,Australia,20.8,12.4,1.0,52.2,Clear
2023-03-25,Cairo,Egypt,18.1,8.6,0.5,79.9,Clear
2023-03-26,New York,USA,8.1,-4.2,0.2,39.1,Partly Cloudy
2023-03-26,London,UK,7.8,1.2,0.0,81.9,Snow
2023-03-26,Tokyo,Japan,6.7,-1.5,0.0,59.3,Drizzle
2023-03-26,Sydney,Australia,21.1,11.1,0.2,56.5,Clear
2023-03-26,Cairo,Egypt,22.0,7.6,0.0,22.9,Sunny
2023-03-27,New York,USA,4.8,-3.6,2.0,99,Sunny
2023-03-27,London,UK,10.8,6.3,3.8,57.9,Partly Cloudy
2023-03-27,Tokyo,Japan,5.1,1.9,0.1,90.0,Overcast
2023-03-27,Sydney,Australia,19.0,8.2,0.4,75.7,Clear
2023-03-27,Cairo,Egypt,21.9,12.0,0.1,59.8,Sunny
2023-03-28,New York,USA,8.6,-2.3,0.5,71.2,Light Rain
2023-03-28,London,UK,6.6,2.4,2.1,99,Overcast
2023-03-28,Tokyo,Japan,9.7,-4.3,0.1,77.8,Clear
2023-03-28,Sydney,Australia,20.8,14.6,0.0,58.9,Sunny
2023-03-28,Cairo,Egypt,20.5,12.7,0.4,68.1,Cloudy
2023-03-29,New York,USA,9.3,-3.4,1.5,70.0,Clear
2023-03-29,London,UK,7.4,5.4,8.4,29.3,Heavy Rain
2023-03-29,Tokyo,Japan,10.1,0.7,1.2,79.8,Partly Cloudy
2023-03-29,Sydney,Australia,20.6,10.9,0.0,88.6,Cloudy
2023-03-29,Cairo,Egypt,17.0,11.6,0.0,41.5,Sunny
2023-03-30,New York,USA,8.9,-3.0,2.0,54.6,Clear
2023-03-30,London,UK,13.4,1.2,3.1,65.4,Partly Cloudy
2023-03-30,Tokyo,Japan,9.7,-1.9,2.3,56.3,Partly Cloudy
2023-03-30,Sydney,Australia,19.4,14.8,0.1,59.5,Cloudy
2023-03-30,Cairo,Egypt,17.8,12.1,0.0,20,Light Rain
2023-03-31,New York,USA,5.2,-5.2,0.3,64.4,Overcast
2023-03-31,London,UK,8.1,4.1,0.0,72.8,Light Rain
2023-03-31,Tokyo,Japan,9.3,2.9,1.1,66.3,Light Rain
2023-03-31,Sydney,Australia,22.7,13.2,0.0,60.1,Clear
2023-03-31,Cairo,Egypt,19.4,10.4,0.0,64.2,Sunny
2023-04-01,New York,USA,3.9,-1.2,3.6,94.4,Sunny
2023-04-01,London,UK,7.8,1.9,0.2,41.4,Drizzle
2023-04-01,Tokyo,Japan,9.0,-1.2,0.4,65.1,Partly Cloudy
2023-04-01,Sydney,Australia,24.7,12.2,0.1,49.2,Sunny
2023-04-01,Cairo,Egypt,16.5,8.0,0.2,35.0,Cloudy
2023-04-02,New York,USA,4.7,-3.8,0.4,49.7,Sunny
2023-04-02,London,UK,10.3,2.0,2.0,56.8,Partly Cloudy
2023-04-02,Tokyo,Japan,8.7,-2.0,0.2,71.6,Clear
2023-04-02,Sydney,Australia,20.6,12.7,2.7,60.3,Cloudy
2023-04-02,Cairo,Egypt,19.5,7.9,0.0,84.7,Partly Cloudy
2023-04-03,New York,USA,7.7,-2.0,0.0,69.3,Snow
2023-04-03,London,UK,9.8,-0.3,0.1,51.5,Partly Cloudy
2023-04-03,Tokyo,Japan,11.4,0.7,0.0,71.9,Clear
2023-04-03,Sydney,Australia,19.8,14.1,0.1,62.8,Clear
2023-04-03,Cairo,Egypt,14.3,11.2,0.1,73.0,Clear
2023-04-04,New York,USA,10.7,-5.5,0.4,51.9,Light Rain
2023-04-04,London,UK,14.2,-0.4,2.4,31.1,Light Rain
2023-04-04,Tokyo,Japan,11.8,3.2,0.2,73.7,Cloudy
2023-04-04,Sydney,Australia,11.6,9.6,0.3,83.4,Cloudy
2023-04-04,Cairo,Egypt,21.1,14.2,0.2,93.1,Clear
2023-04-05,New York,USA,6.7,-2.1,0.7,53.8,Snow
2023-04-05,London,UK,10.7,3.4,0.6,31.7,Partly Cloudy
2023-04-05,Tokyo,Japan,10.5,3.9,0.6,61.6,Light Rain
2023-04-05,Sydney,Australia,17.3,11.3,0.1,77.6,Cloudy
2023-04-05,Cairo,Egypt,16.5,11.7,0.0,56.5,Clear
2023-04-06,New York,USA,7.1,-0.9,3.5,49.8,Snow
2023-04-06,London,UK,10.1,4.9,1.3,71.5,Light Rain
2023-04-06,Tokyo,Japan,8.6,2.4,0.1,61.8,Light Rain
2023-04-06,Sydney,Australia,17.3,14.1,0.1,41.8,Clear
2023-04-06,Cairo,Egypt,15.5,13.5,0.2,84.7,Sunny
2023-04-07,New York,USA,4.1,-0.9,0.0,88.0,Sunny
2023-04-07,London,UK,11.6,2.8,2.0,45.9,Sunny
2023-04-07,Tokyo,Japan,7.4,0.6,0.4,76.9,Drizzle
2023-04-07,Sydney,Australia,22.2,9.5,0.2,58.5,Clear
2023-04-07,Cairo,Egypt,17.4,11.1,0.0,64.9,Cloudy
2023-04-08,New York,USA,7.7,-2.5,0.1,69.3,Snow
2023-04-08,London,UK,14.5,1.5,3.6,73.7,Partly Cloudy
2023-04-08,Tokyo,Japan,14.1,4.7,0.8,69.2,Partly Cloudy
2023-04-08,Sydney,Australia,21.7,11.5,0.1,20.1,Clear
2023-04-08,Cairo,Egypt,18.5,11.1,0.0,81.5,Clear
2023-04-09,New York,USA,7.0,3.0,0.0,51.9,Cloudy
2023-04-09,London,UK,14.3,3.5,0.5,85.0,Partly Cloudy
2023-04-09,Tokyo,Japan,12.5,3.7,0.0,66.8,Light Rain
2023-04-09,Sydney,Australia,21.9,9.5,0.4,52.2,Clear
2023-04-09,Cairo,Egypt,22.9,15.2,0.1,70.4,Sunny
2023-04-10,New York,USA,5.0,1.2,0.4,98.5,Sunny
2023-04-10,London,UK,7.7,3.6,0.1,73.6,Drizzle
2023-04-10,Tokyo,Japan,11.1,2.1,1.2,92.0,Sunny
2023-04-10,Sydney,Australia,16.4,8.6,0.6,33.6,Clear
2023-04-10,Cairo,Egypt,18.2,14.3,0.0,58.8,Clear
2023-04-11,New York,USA,8.3,-0.5,2.2,42.4,Partly Cloudy
2023-04-11,London,UK,7.2,3.8,1.6,77.6,Overcast
2023-04-11,Tokyo,Japan,10.5,2.6,0.0,47.7,Sunny
2023-04-11,Sydney,Australia,19.8,10.0,0.0,21.8,Clear
2023-04-11,Cairo,Egypt,23.2,14.4,0.0,32.4,Partly Cloudy
2023-04-12,New York,USA,11.0,-0.7,3.5,29.0,Sunny
2023-04-12,London,UK,11.1,2.9,0.2,48.2,Sunny
2023-04-12,Tokyo,Japan,15.7,6.9,1.1,92.4,Cloudy
2023-04-12,Sydney,Australia,20.0,10.0,0.2,64.5,Sunny
2023-04-12,Cairo,Egypt,22.3,12.6,0.1,44.8,Partly Cloudy
2023-04-13,New York,USA,6.8,1.4,0.0,68.4,Drizzle
2023-04-13,London,UK,12.9,5.4,0.2,86.3,Partly Cloudy
2023-04-13,Tokyo,Japan,19.7,5.6,1.9,52.9,Light Rain
2023-04-13,Sydney,Australia,18.5,9.0,1.5,99,Partly Cloudy
2023-04-13,Cairo,Egypt,24.3,15.6,0.0,20,Partly Cloudy
2023-04-14,New York,USA,7.7,2.2,1.7,69.1,Drizzle
2023-04-14,London,UK,13.9,6.9,0.0,54.5,Sunny
2023-04-14,Tokyo,Japan,17.0,2.2,1.1,75.2,Light Rain
2023-04-14,Sydney,Australia,16.2,11.4,0.0,94.6,Clear
2023-04-14,Cairo,Egypt,22.0,13.4,0.0,56.8,Cloudy
2023-04-15,New York,USA,8.4,2.4,0.1,97.8,Partly Cloudy
2023-04-15,London,UK,14.1,7.0,0.6,23.7,Sunny
2023-04-15,Tokyo,Japan,15.6,10.0,0.1,71.4,Cloudy
2023-04-15,Sydney,Australia,16.4,9.7,0.0,21.1,Clear
2023-04-15,Cairo,Egypt,23.7,15.3,0.1,64.9,Clear
2023-04-16,New York,USA,6.9,1.0,16.6,55.5,Heavy Rain
2023-04-16,London,UK,8.8,2.6,0.0,67.0,Cloudy
2023-04-16,Tokyo,Japan,15.9,7.6,0.1,29.7,Partly Cloudy
2023-04-16,Sydney,Australia,10.5,7.9,0.0,78.9,Clear
2023-04-16,Cairo,Egypt,24.0,15.0,0.0,50.3,Cloudy
2023-04-17,New York,USA,13.6,-1.7,0.2,69.2,Cloudy
2023-04-17,London,UK,10.0,2.2,0.0,63.0,Clear
2023-04-17,Tokyo,Japan,15.2,6.0,0.0,61.2,Partly Cloudy
2023-04-17,Sydney,Australia,14.8,9.1,0.3,37.6,Light Rain
2023-04-17,Cairo,Egypt,30.1,14.5,0.2,47.2,Sunny
2023-04-18,New York,USA,9.0,2.5,0.0,38.2,Cloudy
2023-04-18,London,UK,12.8,7.8,0.0,75.0,Sunny
2023-04-18,Tokyo,Japan,15.7,6.2,0.6,64.9,Light Rain
2023-04-18,Sydney,Australia,15.9,8.9,0.2,84.4,Clear
2023-04-18,Cairo,Egypt,26.3,17.3,0.1,83.9,Partly Cloudy
2023-04-19,New York,USA,13.1,1.9,1.0,64.9,Cloudy
2023-04-19,London,UK,11.9,3.1,0.2,28.5,Sunny
2023-04-19,Tokyo,Japan,15.6,5.9,3.2,57.2,Partly Cloudy
2023-04-19,Sydney,Australia,15.1,11.9,2.2,20,Partly Cloudy
2023-04-19,Cairo,Egypt,23.2,15.7,0.3,77.6,Partly Cloudy
2023-04-20,New York,USA,10.5,0.4,0.9,47.2,Light Rain
2023-04-20,London,UK,12.2,1.8,0.2,47.0,Clear
2023-04-20,Tokyo,Japan,10.4,6.0,0.1,24.9,Partly Cloudy
2023-04-20,Sydney,Australia,20.9,12.4,0.3,71.4,Clear
2023-04-20,Cairo,Egypt,23.6,13.9,0.0,73.3,Partly Cloudy
2023-04-21,New York,USA,10.3,3.5,0.4,53.5,Light Rain
2023-04-21,London,UK,11.8,4.2,0.1,53.3,Light Rain
2023-04-21,Tokyo,Japan,11.0,8.7,0.1,89.6,Cloudy
2023-04-21,Sydney,Australia,17.9,10.7,12.9,85.3,Heavy Rain
2023-04-21,Cairo,Egypt,25.0,17.6,0.6,76.4,Light Rain
2023-04-22,New York,USA,10.5,0.5,0.0,59.2,Sunny
2023-04-22,London,UK,17.7,4.0,0.7,26.9,Sunny
2023-04-22,Tokyo,Japan,19.4,7.6,0.0,76.9,Sunny
2023-04-22,Sydney,Australia,14.2,6.9,1.0,76.5,Partly Cloudy
2023-04-22,Cairo,Egypt,26.8,12.0,0.0,39.4,Partly Cloudy
2023-04-23,New York,USA,8.6,3.4,0.0,80.8,Sunny
2023-04-23,London,UK,12.0,6.7,0.5,90.7,Partly Cloudy
2023-04-23,Tokyo,Japan,18.1,3.9,0.2,54.0,Cloudy
2023-04-23,Sydney,Australia,16.6,7.6,0.1,43.3,Sunny
2023-04-23,Cairo,Egypt,19.1,17.1,0.0,37.6,Cloudy
2023-04-24,New York,USA,12.5,7.3,1.3,34.2,Cloudy
2023-04-24,London,UK,13.7,5.5,2.6,77.1,Clear
2023-04-24,Tokyo,Japan,13.0,9.0,0.0,89.2,Sunny
2023-04-24,Sydney,Australia,20.7,13.9,0.0,47.2,Light Rain
2023-04-24,Cairo,Egypt,23.2,15.4,0.0,27.2,Clear
2023-04-25,New York,USA,11.3,5.6,0.0,57.6,Sunny
2023-04-25,London,UK,14.7,6.9,0.2,59.6,Partly Cloudy
2023-04-25,Tokyo,Japan,15.7,9.3,0.0,62.2,Sunny
2023-04-25,Sydney,Australia,13.5,5.6,0.0,38.1,Partly Cloudy
2023-04-25,Cairo,Egypt,20.6,14.2,0.0,56.4,Partly Cloudy
2023-04-26,New York,USA,18.3,3.4,4.1,65.6,Partly Cloudy
2023-04-26,London,UK,11.2,3.2,0.3,84.2,Cloudy
2023-04-26,Tokyo,Japan,18.2,8.2,0.0,67.3,Light Rain
2023-04-26,Sydney,Australia,11.9,5.3,0.8,47.7,Cloudy
2023-04-26,Cairo,Egypt,23.9,14.1,0.6,34.8,Light Rain
2023-04-27,New York,USA,2.4,0.3999999999999999,0.5,54.3,Partly Cloudy
2023-04-27,London,UK,16.4,5.7,2.1,49.0,Clear
2023-04-27,Tokyo,Japan,14.6,8.6,0.3,50.9,Clear
2023-04-27,Sydney,Australia,18.1,11.8,0.2,73.2,Partly Cloudy
2023-04-27,Cairo,Egypt,26.0,13.9,0.0,77.2,Light Rain
2023-04-28,New York,USA,8.9,2.3,0.1,39.7,Sunny
2023-04-28,London,UK,13.6,4.3,0.9,79.7,Clear
2023-04-28,Tokyo,Japan,14.3,5.0,0.0,46.6,Light Rain
2023-04-28,Sydney,Australia,16.8,8.0,0.0,74.5,Light Rain
2023-04-28,Cairo,Egypt,24.1,15.0,0.0,44.0,Partly Cloudy
2023-04-29,New York,USA,8.0,6.0,0.0,64.4,Cloudy
2023-04-29,London,UK,13.5,6.6,0.1,73.4,Cloudy
2023-04-29,Tokyo,Japan,15.9,7.0,4.7,69.1,Cloudy
2023-04-29,Sydney,Australia,12.3,9.7,0.1,72.1,Partly Cloudy
2023-04-29,Cairo,Egypt,24.6,16.9,0.0,57.5,Light Rain
2023-04-30,New York,USA,11.4,0.9,0.2,82.2,Partly Cloudy
2023-04-30,London,UK,14.7,5.8,0.1,66.5,Partly Cloudy
2023-04-30,Tokyo,Japan,17.8,6.9,0.0,99,Sunny
2023-04-30,Sydney,Australia,17.9,7.9,0.6,55.2,Light Rain
2023-04-30,Cairo,Egypt,23.0,14.3,0.3,78.1,Cloudy
2023-05-01,New York,USA,12.4,3.7,0.1,58.7,Light Rain
2023-05-01,London,UK,10.3,6.6,0.9,47.0,Sunny
2023-05-01,Tokyo,Japan,14.4,10.5,0.9,46.8,Sunny
2023-05-01,Sydney,Australia,14.8,5.9,0.2,70.9,Cloudy
2023-05-01,Cairo,Egypt,22.8,19.3,0.0,45.8,Sunny
2023-05-02,New York,USA,12.7,3.9,1.9,75.7,Partly Cloudy
2023-05-02,London,UK,19.2,8.0,1.4,31.0,Clear
2023-05-02,Tokyo,Japan,15.9,8.9,0.0,46.0,Light Rain
2023-05-02,Sydney,Australia,12.5,7.4,0.2,68.6,Partly Cloudy
2023-05-02,Cairo,Egypt,22.7,18.9,0.1,99,Clear
2023-05-03,New York,USA,12.1,4.3,0.6,63.0,Clear
2023-05-03,London,UK,12.7,3.0,0.7,40.8,Light Rain
2023-05-03,Tokyo,Japan,15.7,9.8,0.0,55.7,Clear
2023-05-03,Sydney,Australia,11.7,8.0,0.1,72.7,Light Rain
2023-05-03,Cairo,Egypt,23.7,17.1,0.0,62.3,Sunny
2023-05-04,New York,USA,10.7,3.0,0.1,76.1,Light Rain
2023-05-04,London,UK,9.7,7.3,0.6,58.1,Partly Cloudy
2023-05-04,Tokyo,Japan,15.6,10.5,0.0,66.9,Sunny
2023-05-04,Sydney,Australia,21.5,6.1,0.1,46.8,Light Rain
2023-05-04,Cairo,Egypt,26.0,17.5,0.8,69.1,Light Rain
2023-05-05,New York,USA,11.4,5.7,0.1,50.2,Sunny
2023-05-05,London,UK,13.3,7.3,1.3,89.2,Cloudy
2023-05-05,Tokyo,Japan,18.2,5.4,0.2,80.9,Partly Cloudy
2023-05-05,Sydney,Australia,15.1,3.9,0.6,29.4,Cloudy
2023-05-05,Cairo,Egypt,26.4,19.0,0.0,84.9,Clear
2023-05-06,New York,USA,17.1,3.8,0.4,71.2,Light Rain
2023-05-06,London,UK,14.5,3.2,0.4,39.6,Sunny
2023-05-06,Tokyo,Japan,15.2,10.5,0.2,79.4,Cloudy
2023-05-06,Sydney,Australia,17.1,8.2,2.0,49.8,Partly Cloudy
2023-05-06,Cairo,Egypt,31.4,20.1,0.0,54.3,Partly Cloudy
2023-05-07,New York,USA,15.8,6.7,3.1,31.3,Cloudy
2023-05-07,London,UK,14.9,10.7,0.6,32.0,Light Rain
2023-05-07,Tokyo,Japan,16.0,13.5,0.2,68.9,Sunny
2023-05-07,Sydney,Australia,15.3,3.4,1.7,26.7,Partly Cloudy
2023-05-07,Cairo,Egypt,27.1,20.8,0.3,68.5,Cloudy
2023-05-08,New York,USA,12.3,9.6,0.0,54.8,Partly Cloudy
2023-05-08,London,UK,15.3,10.8,0.0,51.8,Sunny
2023-05-08,Tokyo,Japan,19.5,10.3,14.7,20,Heavy Rain
2023-05-08,Sydney,Australia,13.2,7.5,0.5,40.4,Cloudy
2023-05-08,Cairo,Egypt,24.4,20.1,0.1,45.1,Clear
2023-05-09,New York,USA,12.7,2.2,0.2,20,Partly Cloudy
2023-05-09,London,UK,14.9,6.1,0.1,66.2,Sunny
2023-05-09,Tokyo,Japan,20.4,7.8,2.4,72.8,Light Rain
2023-05-09,Sydney,Australia,15.6,5.3,3.3,42.7,Clear
2023-05-09,Cairo,Egypt,26.8,20.6,0.1,35.4,Light Rain
2023-05-10,New York,USA,14.7,7.8,0.4,65.9,Partly Cloudy
2023-05-10,London,UK,13.2,8.4,6.6,79.1,Heavy Rain
2023-05-10,Tokyo,Japan,18.4,10.2,0.1,92.1,Light Rain
2023-05-10,Sydney,Australia,10.9,6.1,0.0,99,Partly Cloudy
2023-05-10,Cairo,Egypt,26.5,18.0,0.0,48.4,Light Rain
2023-05-11,New York,USA,14.0,3.9,1.1,69.9,Sunny
2023-05-11,London,UK,12.0,9.3,0.6,54.3,Clear
2023-05-11,Tokyo,Japan,13.2,9.0,0.1,73.9,Cloudy
2023-05-11,Sydney,Australia,20.1,8.4,0.1,53.7,Sunny
2023-05-11,Cairo,Egypt,29.6,19.8,0.0,41.8,Sunny
2023-05-12,New York,USA,10.5,2.9,0.7,48.8,Sunny
2023-05-12,London,UK,16.9,7.8,0.8,48.0,Cloudy
2023-05-12,Tokyo,Japan,16.7,12.6,0.1,20,Clear
2023-05-12,Sydney,Australia,9.9,6.3,0.8,60.6,Clear
2023-05-12,Cairo,Egypt,27.7,21.4,0.0,63.3,Cloudy
2023-05-13,New York,USA,10.7,6.7,0.0,72.2,Clear
2023-05-13,London,UK,14.2,6.5,0.1,45.4,Light Rain
2023-05-13,Tokyo,Japan,22.1,11.6,0.9,38.5,Partly Cloudy
2023-05-13,Sydney,Australia,16.6,7.3,0.1,67.7,Partly Cloudy
2023-05-13,Cairo,Egypt,27.0,21.4,0.0,77.8,Light Rain
2023-05-14,New York,USA,14.3,3.7,0.0,53.8,Sunny
2023-05-14,London,UK,17.4,6.8,0.1,25.9,Partly Cloudy
2023-05-14,Tokyo,Japan,20.2,7.5,7.1,77.7,Heavy Rain
2023-05-14,Sydney,Australia,13.7,6.8,0.0,49.4,Light Rain
2023-05-14,Cairo,Egypt,27.6,18.4,0.1,78.8,Light Rain
2023-05-15,New York,USA,17.1,8.9,9.4,76.3,Heavy Rain
2023-05-15,London,UK,12.7,7.6,0.4,74.6,Sunny
2023-05-15,Tokyo,Japan,22.5,10.9,0.0,57.2,Clear
2023-05-15,Sydney,Australia,12.3,4.9,9.2,55.3,Heavy Rain
2023-05-15,Cairo,Egypt,25.1,22.1,0.5,43.4,Sunny
2023-05-16,New York,USA,15.8,10.7,2.9,31.6,Partly Cloudy
2023-05-16,London,UK,15.2,9.2,0.3,75.7,Sunny
2023-05-16,Tokyo,Japan,17.6,9.4,0.1,57.8,Cloudy
2023-05-16,Sydney,Australia,16.1,1.8,0.1,48.2,Cloudy
2023-05-16,Cairo,Egypt,30.7,20.7,0.1,63.3,Hazy
2023-05-17,New York,USA,17.6,9.0,0.7,64.1,Sunny
2023-05-17,London,UK,17.5,7.2,0.0,43.2,Partly Cloudy
2023-05-17,Tokyo,Japan,16.4,10.3,0.2,35.9,Cloudy
2023-05-17,Sydney,Australia,17.0,3.0,0.1,20,Clear
2023-05-17,Cairo,Egypt,34.4,20.3,0.5,87.3,Sunny
2023-05-18,New York,USA,17.0,5.3,0.0,66.0,Cloudy
2023-05-18,London,UK,12.4,8.8,0.3,31.0,Cloudy
2023-05-18,Tokyo,Japan,13.5,6.9,0.4,50.0,Sunny
2023-05-18,Sydney,Australia,12.6,6.3,0.8,56.9,Partly Cloudy
2023-05-18,Cairo,Egypt,33.4,20.2,0.0,46.0,Partly Cloudy
2023-05-19,New York,USA,18.0,9.8,0.6,78.0,Clear
2023-05-19,London,UK,13.7,8.3,0.6,98.6,Sunny
2023-05-19,Tokyo,Japan,17.3,11.3,0.6,78.8,Sunny
2023-05-19,Sydney,Australia,12.9,8.4,0.1,64.5,Cloudy
2023-05-19,Cairo,Egypt,31.8,14.8,0.1,36.2,Hazy
2023-05-20,New York,USA,15.1,8.4,1.0,63.3,Sunny
2023-05-20,London,UK,15.6,6.9,0.6,38.6,Clear
2023-05-20,Tokyo,Japan,22.6,14.2,0.4,56.2,Light Rain
2023-05-20,Sydney,Australia,15.3,8.3,0.1,20,Cloudy
2023-05-20,Cairo,Egypt,29.6,20.8,0.0,31.7,Sunny
2023-05-21,New York,USA,17.4,7.3,0.7,43.9,Partly Cloudy
2023-05-21,London,UK,15.3,9.6,0.0,38.9,Clear
2023-05-21,Tokyo,Japan,24.4,10.8,0.1,86.8,Cloudy
2023-05-21,Sydney,Australia,11.9,5.5,1.8,43.1,Light Rain
2023-05-21,Cairo,Egypt,30.3,21.0,0.0,46.9,Hazy
2023-05-22,New York,USA,10.7,8.7,0.5,75.5,Sunny
2023-05-22,London,UK,20.7,8.7,0.1,37.6,Sunny
2023-05-22,Tokyo,Japan,21.8,11.6,0.0,71.8,Sunny
2023-05-22,Sydney,Australia,15.7,5.8,0.1,32.8,Clear
2023-05-22,Cairo,Egypt,27.0,22.5,0.9,57.0,Sunny
2023-05-23,New York,USA,13.9,8.6,2.9,67.3,Sunny
2023-05-23,London,UK,15.7,11.3,0.1,88.7,Clear
2023-05-23,Tokyo,Japan,21.5,13.8,0.7,76.7,Cloudy
2023-05-23,Sydney,Australia,10.8,3.8,0.1,73.0,Clear
2023-05-23,Cairo,Egypt,27.7,20.2,0.0,60.9,Sunny
2023-05-24,New York,USA,15.6,3.6,1.2,34.6,Partly Cloudy
2023-05-24,London,UK,14.1,6.5,0.8,84.1,Partly Cloudy
2023-05-24,Tokyo,Japan,19.7,12.6,0.2,71.5,Light Rain
2023-05-24,Sydney,Australia,8.9,6.2,2.1,60.0,Clear
2023-05-24,Cairo,Egypt,30.4,18.3,0.0,36.4,Partly Cloudy
2023-05-25,New York,USA,17.1,7.7,0.4,42.1,Clear
2023-05-25,London,UK,17.8,6.6,0.0,23.2,Light Rain
2023-05-25,Tokyo,Japan,20.1,13.3,0.0,81.4,Partly Cloudy
2023-05-25,Sydney,Australia,14.6,4.5,0.0,68.0,Clear
2023-05-25,Cairo,Egypt,30.3,19.8,0.0,27.7,Sunny
2023-05-26,New York,USA,15.6,9.1,0.3,43.6,Cloudy
2023-05-26,London,UK,14.4,8.9,0.9,56.7,Partly Cloudy
2023-05-26,Tokyo,Japan,22.1,8.4,17.3,48.3,Heavy Rain
2023-05-26,Sydney,Australia,10.4,4.2,0.1,70.2,Partly Cloudy
2023-05-26,Cairo,Egypt,29.6,22.1,0.0,28.3,Sunny
2023-05-27,New York,USA,18.3,7.3,1.1,49.6,Cloudy
2023-05-27,London,UK,13.3,9.5,0.6,71.3,Light Rain
2023-05-27,Tokyo,Japan,20.4,13.8,0.1,43.6,Clear
2023-05-27,Sydney,Australia,11.5,5.2,0.0,32.9,Cloudy
2023-05-27,Cairo,Egypt,29.9,17.1,0.3,45.3,Partly Cloudy
2023-05-28,New York,USA,11.5,6.5,2.1,53.6,Light Rain
2023-05-28,London,UK,19.8,6.1,17.3,20,Heavy Rain
2023-05-28,Tokyo,Japan,20.4,12.6,0.5,29.7,Sunny
2023-05-28,Sydney,Australia,14.7,4.0,4.1,47.3,Light Rain
2023-05-28,Cairo,Egypt,27.6,22.2,0.2,93.8,Cloudy
2023-05-29,New York,USA,15.9,10.4,0.2,58.7,Cloudy
2023-05-29,London,UK,13.8,10.2,1.1,20,Clear
2023-05-29,Tokyo,Japan,22.6,10.8,0.0,50.5,Sunny
2023-05-29,Sydney,Australia,9.7,4.8,0.6,99,Light Rain
2023-05-29,Cairo,Egypt,31.8,22.4,0.0,30.7,Partly Cloudy
2023-05-30,New York,USA,16.2,4.4,0.2,45.2,Partly Cloudy
2023-05-30,London,UK,17.9,7.0,1.8,79.1,Cloudy
2023-05-30,Tokyo,Japan,23.0,12.7,0.0,59.9,Clear
2023-05-30,Sydney,Australia,8.7,6.699999999999999,0.2,35.9,Partly Cloudy
2023-05-30,Cairo,Egypt,28.3,24.4,0.1,46.0,Hazy
2023-05-31,New York,USA,15.1,8.1,1.3,53.3,Clear
2023-05-31,London,UK,15.0,6.3,0.3,60.9,Cloudy
2023-05-31,Tokyo,Japan,26.6,10.6,0.1,30.8,Light Rain
2023-05-31,Sydney,Australia,13.8,7.5,0.3,67.9,Sunny
2023-05-31,Cairo,Egypt,27.2,22.1,0.1,67.2,Cloudy
2023-06-01,New York,USA,9.0,6.9,1.0,44.7,Clear
2023-06-01,London,UK,16.5,8.0,5.3,51.7,Heavy Rain
2023-06-01,Tokyo,Japan,20.2,12.5,0.2,53.0,Clear
2023-06-01,Sydney,Australia,13.9,1.0,4.6,22.0,Light Rain
2023-06-01,Cairo,Egypt,27.1,16.4,0.0,45.7,Cloudy
2023-06-02,New York,USA,23.0,7.1,0.1,46.8,Partly Cloudy
2023-06-02,London,UK,13.4,8.0,0.1,41.2,Clear
2023-06-02,Tokyo,Japan,23.7,12.1,0.1,33.7,Partly Cloudy
2023-06-02,Sydney,Australia,13.2,2.4,0.0,63.7,Cloudy
2023-06-02,Cairo,Egypt,27.9,18.6,0.1,61.4,Clear
2023-06-03,New York,USA,18.7,7.0,0.0,82.8,Partly Cloudy
2023-06-03,London,UK,15.4,7.9,0.2,74.1,Clear
2023-06-03,Tokyo,Japan,21.3,12.8,0.9,75.9,Sunny
2023-06-03,Sydney,Australia,14.6,2.3,0.1,63.9,Light Rain
2023-06-03,Cairo,Egypt,31.8,24.8,0.0,48.2,Sunny
2023-06-04,New York,USA,14.9,9.0,0.3,45.4,Light Rain
2023-06-04,London,UK,15.6,7.8,0.6,83.1,Clear
2023-06-04,Tokyo,Japan,21.8,14.1,3.6,57.3,Clear
2023-06-04,Sydney,Australia,10.9,2.6,0.1,90.4,Sunny
2023-06-04,Cairo,Egypt,30.0,20.6,0.3,57.4,Partly Cloudy
2023-06-05,New York,USA,18.5,7.3,1.2,66.3,Clear
2023-06-05,London,UK,21.4,4.1,0.2,62.6,Partly Cloudy
2023-06-05,Tokyo,Japan,22.1,12.4,3.4,40.3,Partly Cloudy
2023-06-05,Sydney,Australia,11.2,8.4,0.8,77.6,Partly Cloudy
2023-06-05,Cairo,Egypt,28.3,19.3,0.0,77.1,Sunny
2023-06-06,New York,USA,15.5,8.7,0.0,67.2,Sunny
2023-06-06,London,UK,13.5,6.6,0.1,20.8,Light Rain
2023-06-06,Tokyo,Japan,19.4,10.6,0.1,62.1,Light Rain
2023-06-06,Sydney,Australia,13.7,0.9,0.1,97.5,Cloudy
2023-06-06,Cairo,Egypt,27.5,23.3,0.8,74.7,Cloudy
2023-06-07,New York,USA,19.8,9.6,3.6,39.0,Cloudy
2023-06-07,London,UK,19.1,9.5,0.3,67.1,Cloudy
2023-06-07,Tokyo,Japan,16.3,14.3,0.0,61.1,Clear
2023-06-07,Sydney,Australia,13.0,8.0,21.1,77.6,Heavy Rain
2023-06-07,Cairo,Egypt,28.7,22.0,0.5,43.7,Sunny
2023-06-08,New York,USA,21.5,14.2,1.1,89.6,Partly Cloudy
2023-06-08,London,UK,18.4,9.1,0.0,57.1,Clear
2023-06-08,Tokyo,Japan,21.5,13.1,0.0,51.4,Partly Cloudy
2023-06-08,Sydney,Australia,15.2,4.4,0.5,99,Sunny
2023-06-08,Cairo,Egypt,30.2,20.7,0.1,30.0,Sunny
2023-06-09,New York,USA,19.3,7.0,0.0,55.4,Clear
2023-06-09,London,UK,16.7,10.5,0.3,47.4,Sunny
2023-06-09,Tokyo,Japan,18.7,13.6,1.4,55.4,Sunny
2023-06-09,Sydney,Australia,15.2,2.8,0.2,55.6,Sunny
2023-06-09,Cairo,Egypt,34.4,19.4,0.0,41.3,Sunny
2023-06-10,New York,USA,21.2,8.6,3.9,53.5,Light Rain
2023-06-10,London,UK,15.2,11.0,1.3,78.1,Cloudy
2023-06-10,Tokyo,Japan,15.5,11.6,2.6,89.8,Cloudy
2023-06-10,Sydney,Australia,14.3,3.7,0.0,75.8,Clear
2023-06-10,Cairo,Egypt,28.8,25.1,0.4,42.5,Sunny
2023-06-11,New York,USA,17.4,9.4,0.1,50.4,Cloudy
2023-06-11,London,UK,14.2,9.1,0.1,87.5,Cloudy
2023-06-11,Tokyo,Japan,20.3,13.3,0.8,37.4,Clear
2023-06-11,Sydney,Australia,12.3,5.2,0.2,61.2,Clear
2023-06-11,Cairo,Egypt,35.0,20.9,0.0,32.9,Sunny
2023-06-12,New York,USA,20.1,8.3,0.1,62.6,Light Rain
2023-06-12,London,UK,21.2,11.4,0.1,75.1,Light Rain
2023-06-12,Tokyo,Japan,23.2,14.5,0.1,62.9,Clear
2023-06-12,Sydney,Australia,12.4,4.8,0.1,47.9,Clear
2023-06-12,Cairo,Egypt,24.5,19.4,0.0,52.3,Sunny
2023-06-13,New York,USA,12.9,9.4,6.2,45.7,Heavy Rain
2023-06-13,London,UK,21.3,7.9,0.6,26.2,Cloudy
2023-06-13,Tokyo,Japan,16.2,14.0,0.0,34.7,Partly Cloudy
2023-06-13,Sydney,Australia,12.4,6.8,0.5,70.1,Clear
2023-06-13,Cairo,Egypt,33.5,22.5,0.1,47.9,Hazy
2023-06-14,New York,USA,17.0,10.0,0.1,59.7,Partly Cloudy
2023-06-14,London,UK,16.6,6.7,0.3,73.2,Clear
2023-06-14,Tokyo,Japan,20.3,10.3,0.0,83.3,Cloudy
2023-06-14,Sydney,Australia,10.5,8.5,0.0,34.4,Light Rain
2023-06-14,Cairo,Egypt,29.3,24.1,0.1,41.0,Sunny
2023-06-15,New York,USA,15.8,9.4,21.1,47.8,Heavy Rain
2023-06-15,London,UK,18.7,10.8,0.0,55.0,Cloudy
2023-06-15,Tokyo,Japan,22.9,15.8,5.5,63.9,Heavy Rain
2023-06-15,Sydney,Australia,12.6,3.5,0.8,94.4,Cloudy
2023-06-15,Cairo,Egypt,28.9,19.1,0.1,76.7,Sunny
2023-06-16,New York,USA,16.8,8.4,0.2,20.0,Sunny
2023-06-16,London,UK,11.9,5.5,0.0,63.6,Light Rain
2023-06-16,Tokyo,Japan,23.2,15.4,0.1,20,Cloudy
2023-06-16,Sydney,Australia,8.0,2.7,0.4,79.7,Sunny
2023-06-16,Cairo,Egypt,32.1,26.5,0.1,20,Sunny
2023-06-17,New York,USA,24.2,8.4,0.3,55.9,Light Rain
2023-06-17,London,UK,14.4,11.9,0.0,59.2,Partly Cloudy
2023-06-17,Tokyo,Japan,20.9,13.3,0.1,38.0,Clear
2023-06-17,Sydney,Australia,14.2,0.7,0.4,67.7,Clear
2023-06-17,Cairo,Egypt,32.6,23.7,0.0,31.6,Sunny
2023-06-18,New York,USA,15.5,8.5,1.3,22.9,Clear
2023-06-18,London,UK,19.7,9.3,0.0,78.4,Sunny
2023-06-18,Tokyo,Japan,22.4,12.3,0.4,20,Clear
2023-06-18,Sydney,Australia,14.0,-0.8,0.1,68.7,Light Rain
2023-06-18,Cairo,Egypt,30.4,26.0,0.3,46.9,Sunny
2023-06-19,New York,USA,12.9,7.8,0.0,60.6,Clear
2023-06-19,London,UK,19.1,9.2,0.0,43.1,Sunny
2023-06-19,Tokyo,Japan,24.4,13.9,0.2,56.4,Sunny
2023-06-19,Sydney,Australia,7.8,4.7,0.7,82.9,Cloudy
2023-06-19,Cairo,Egypt,30.8,19.8,0.0,57.8,Sunny
2023-06-20,New York,USA,16.9,7.6,0.6,30.0,Light Rain
2023-06-20,London,UK,17.6,9.9,0.2,65.1,Partly Cloudy
2023-06-20,Tokyo,Japan,21.3,11.2,0.0,42.3,Clear
2023-06-20,Sydney,Australia,9.0,4.8,0.1,63.0,Sunny
2023-06-20,Cairo,Egypt,27.7,21.0,0.0,57.4,Light Rain
2023-06-21,New York,USA,19.7,11.7,0.1,38.6,Clear
2023-06-21,London,UK,22.8,6.5,0.3,34.9,Clear
2023-06-21,Tokyo,Japan,23.5,13.7,3.1,78.9,Cloudy
2023-06-21,Sydney,Australia,9.0,5.6,3.0,77.8,Sunny
2023-06-21,Cairo,Egypt,28.5,17.6,0.0,67.4,Partly Cloudy
2023-06-22,New York,USA,14.3,7.5,0.1,33.2,Partly Cloudy
2023-06-22,London,UK,20.6,6.4,0.7,82.9,Clear
2023-06-22,Tokyo,Japan,18.7,15.1,1.2,51.6,Cloudy
2023-06-22,Sydney,Australia,9.0,2.5,0.1,45.3,Cloudy
2023-06-22,Cairo,Egypt,27.6,21.7,0.0,61.9,Partly Cloudy
2023-06-23,New York,USA,14.2,10.6,0.1,20,Light Rain
2023-06-23,London,UK,15.2,11.6,0.0,54.8,Light Rain
2023-06-23,Tokyo,Japan,20.7,12.3,0.1,53.7,Partly Cloudy
2023-06-23,Sydney,Australia,8.9,2.5,0.3,64.3,Cloudy
2023-06-23,Cairo,Egypt,29.0,22.6,0.1,59.7,Partly Cloudy
2023-06-24,New York,USA,16.7,9.6,0.1,36.6,Partly Cloudy
2023-06-24,London,UK,17.3,12.0,0.3,28.1,Sunny
2023-06-24,Tokyo,Japan,18.1,16.1,0.6,58.9,Clear
2023-06-24,Sydney,Australia,10.6,5.8,0.1,54.4,Partly Cloudy
2023-06-24,Cairo,Egypt,29.4,20.9,0.2,78.5,Sunny
2023-06-25,New York,USA,16.7,8.8,0.4,45.5,Cloudy
2023-06-25,London,UK,16.4,10.0,0.7,44.6,Clear
2023-06-25,Tokyo,Japan,26.4,15.6,0.0,96.5,Partly Cloudy
2023-06-25,Sydney,Australia,7.5,3.6,0.2,55.8,Sunny
2023-06-25,Cairo,Egypt,31.1,18.5,0.0,89.3,Hazy
2023-06-26,New York,USA,16.2,7.4,0.4,92.4,Clear
2023-06-26,London,UK,17.8,6.8,0.1,37.4,Cloudy
2023-06-26,Tokyo,Japan,21.9,12.3,1.8,54.7,Partly Cloudy
2023-06-26,Sydney,Australia,13.5,4.3,0.7,79.7,Cloudy
2023-06-26,Cairo,Egypt,27.5,21.6,0.0,25.5,Sunny
2023-06-27,New York,USA,16.2,9.7,0.0,58.9,Light Rain
2023-06-27,London,UK,19.2,11.7,4.7,86.6,Clear
2023-06-27,Tokyo,Japan,18.9,13.4,0.4,83.9,Sunny
2023-06-27,Sydney,Australia,11.2,6.5,0.0,50.9,Sunny
2023-06-27,Cairo,Egypt,28.9,18.3,0.0,45.1,Sunny
2023-06-28,New York,USA,17.4,10.9,0.0,40.2,Light Rain
2023-06-28,London,UK,18.4,11.2,0.1,79.2,Clear
2023-06-28,Tokyo,Japan,21.2,15.2,0.7,57.0,Sunny
2023-06-28,Sydney,Australia,14.8,5.3,0.0,41.7,Clear
2023-06-28,Cairo,Egypt,26.4,20.5,0.0,44.3,Cloudy
2023-06-29,New York,USA,18.3,7.8,1.7,68.0,Sunny
2023-06-29,London,UK,16.5,8.5,0.4,57.8,Partly Cloudy
2023-06-29,Tokyo,Japan,24.9,13.3,1.0,51.5,Partly Cloudy
2023-06-29,Sydney,Australia,9.2,4.6,0.2,71.4,Partly Cloudy
2023-06-29,Cairo,Egypt,30.2,22.7,0.1,62.4,Sunny
2023-06-30,New York,USA,16.4,3.3,0.9,79.3,Clear
2023-06-30,London,UK,18.7,5.5,2.4,40.7,Light Rain
2023-06-30,Tokyo,Japan,21.8,15.4,0.3,75.2,Partly Cloudy
2023-06-30,Sydney,Australia,12.0,6.1,0.0,36.8,Partly Cloudy
2023-06-30,Cairo,Egypt,28.7,23.7,2.1,48.2,Sunny
2023-07-01,New York,USA,22.6,7.4,0.4,91.4,Light Rain
2023-07-01,London,UK,18.9,9.4,0.4,28.9,Sunny
2023-07-01,Tokyo,Japan,23.7,16.9,0.0,74.9,Partly Cloudy
2023-07-01,Sydney,Australia,11.0,3.6,0.7,63.3,Clear
2023-07-01,Cairo,Egypt,27.6,19.2,0.0,23.7,Partly Cloudy
2023-07-02,New York,USA,18.5,8.3,0.0,54.6,Light Rain
2023-07-02,London,UK,17.6,7.9,0.1,62.6,Cloudy
2023-07-02,Tokyo,Japan,18.9,11.6,1.2,85.1,Partly Cloudy
2023-07-02,Sydney,Australia,15.0,2.5,0.6,50.4,Cloudy
2023-07-02,Cairo,Egypt,30.3,24.1,0.9,65.4,Hazy
2023-07-03,New York,USA,15.0,5.0,2.4,39.3,Sunny
2023-07-03,London,UK,16.7,12.2,1.0,73.0,Clear
2023-07-03,Tokyo,Japan,19.1,13.9,0.1,92.1,Partly Cloudy
2023-07-03,Sydney,Australia,11.7,1.8,0.2,69.1,Partly Cloudy
2023-07-03,Cairo,Egypt,29.0,20.7,0.0,22.9,Partly Cloudy
2023-07-04,New York,USA,17.6,9.7,0.3,60.4,Light Rain
2023-07-04,London,UK,15.7,12.8,0.1,77.6,Partly Cloudy
2023-07-04,Tokyo,Japan,24.6,14.5,0.2,43.6,Cloudy
2023-07-04,Sydney,Australia,9.4,4.8,0.2,48.2,Clear
2023-07-04,Cairo,Egypt,27.7,23.0,5.4,45.4,Heavy Rain
2023-07-05,New York,USA,15.4,6.8,0.0,27.4,Light Rain
2023-07-05,London,UK,12.7,6.9,0.4,68.5,Clear
2023-07-05,Tokyo,Japan,19.4,12.2,0.3,58.8,Light Rain
2023-07-05,Sydney,Australia,11.0,3.0,1.9,99,Light Rain
2023-07-05,Cairo,Egypt,28.3,21.1,0.0,74.7,Hazy
2023-07-06,New York,USA,12.8,7.5,0.9,52.4,Partly Cloudy
2023-07-06,London,UK,19.9,9.5,0.4,30.9,Light Rain
2023-07-06,Tokyo,Japan,22.8,11.2,0.4,61.3,Light Rain
2023-07-06,Sydney,Australia,13.3,2.1,0.0,87.7,Sunny
2023-07-06,Cairo,Egypt,29.7,20.0,0.0,63.9,Hazy
2023-07-07,New York,USA,17.7,8.9,0.1,63.4,Cloudy
2023-07-07,London,UK,12.2,7.0,0.2,86.4,Light Rain
2023-07-07,Tokyo,Japan,22.4,14.3,0.3,36.2,Light Rain
2023-07-07,Sydney,Australia,11.1,3.3,0.1,92.6,Cloudy
2023-07-07,Cairo,Egypt,26.7,19.9,0.0,61.3,Partly Cloudy
2023-07-08,New York,USA,15.2,7.4,0.2,47.9,Sunny
2023-07-08,London,UK,18.2,8.5,1.9,80.5,Clear
2023-07-08,Tokyo,Japan,18.7,9.1,0.4,63.2,Sunny
2023-07-08,Sydney,Australia,12.5,3.4,0.0,61.3,Partly Cloudy
2023-07-08,Cairo,Egypt,30.4,20.5,0.1,74.9,Sunny
2023-07-09,New York,USA,13.9,4.5,0.2,95.2,Light Rain
2023-07-09,London,UK,18.7,9.7,0.0,49.4,Clear
2023-07-09,Tokyo,Japan,16.1,12.9,0.3,29.9,Clear
2023-07-09,Sydney,Australia,14.9,5.7,0.0,51.8,Cloudy
2023-07-09,Cairo,Egypt,29.7,16.7,0.1,21.0,Hazy
2023-07-10,New York,USA,14.4,9.7,0.0,96.0,Light Rain
2023-07-10,London,UK,12.4,9.7,0.1,42.9,Sunny
2023-07-10,Tokyo,Japan,22.3,11.6,0.2,90.1,Light Rain
2023-07-10,Sydney,Australia,12.3,5.9,0.0,99,Sunny
2023-07-10,Cairo,Egypt,34.2,23.7,0.6,53.8,Sunny
2023-07-11,New York,USA,18.5,7.0,0.0,33.9,Cloudy
2023-07-11,London,UK,17.5,9.4,0.0,64.4,Light Rain
2023-07-11,Tokyo,Japan,25.9,9.1,3.2,52.9,Cloudy
2023-07-11,Sydney,Australia,16.5,1.7,0.0,75.1,Sunny
2023-07-11,Cairo,Egypt,30.6,15.6,0.0,20,Sunny
2023-07-12,New York,USA,13.1,5.6,0.1,37.9,Light Rain
2023-07-12,London,UK,17.9,10.6,0.1,58.1,Cloudy
2023-07-12,Tokyo,Japan,25.6,14.7,0.3,99,Light Rain
2023-07-12,Sydney,Australia,7.3,4.3,0.0,56.3,Partly Cloudy
2023-07-12,Cairo,Egypt,29.4,22.4,0.3,36.4,Sunny
2023-07-13,New York,USA,15.4,8.4,1.0,71.0,Clear
2023-07-13,London,UK,17.2,6.1,0.3,29.4,Sunny
2023-07-13,Tokyo,Japan,20.7,12.5,0.0,47.8,Partly Cloudy
2023-07-13,Sydney,Australia,13.9,6.8,0.2,51.3,Cloudy
2023-07-13,Cairo,Egypt,25.4,21.8,0.0,42.6,Light Rain
2023-07-14,New York,USA,16.4,5.9,0.0,41.4,Light Rain
2023-07-14,London,UK,19.7,12.2,0.0,55.3,Cloudy
2023-07-14,Tokyo,Japan,18.1,13.7,0.1,63.2,Light Rain
2023-07-14,Sydney,Australia,17.6,4.2,0.3,72.9,Light Rain
2023-07-14,Cairo,Egypt,28.0,18.3,0.0,68.2,Cloudy
2023-07-15,New York,USA,16.2,7.3,0.0,43.9,Cloudy
2023-07-15,London,UK,14.5,9.8,1.5,41.6,Cloudy
2023-07-15,Tokyo,Japan,18.0,11.4,0.0,77.5,Cloudy
2023-07-15,Sydney,Australia,10.1,3.9,0.8,44.7,Cloudy
2023-07-15,Cairo,Egypt,31.1,23.9,0.0,48.4,Sunny
2023-07-16,New York,USA,14.9,8.0,0.2,61.0,Clear
2023-07-16,London,UK,16.8,10.1,0.3,56.2,Sunny
2023-07-16,Tokyo,Japan,20.5,15.2,0.6,97.5,Sunny
2023-07-16,Sydney,Australia,11.6,3.0,0.1,81.2,Clear
2023-07-16,Cairo,Egypt,31.0,19.8,0.1,25.4,Hazy
2023-07-17,New York,USA,17.5,7.1,17.7,67.2,Heavy Rain
2023-07-17,London,UK,18.9,6.8,4.3,76.5,Partly Cloudy
2023-07-17,Tokyo,Japan,17.1,13.1,2.2,47.0,Partly Cloudy
2023-07-17,Sydney,Australia,14.1,8.5,0.2,73.1,Clear
2023-07-17,Cairo,Egypt,29.1,21.6,0.0,44.1,Sunny
2023-07-18,New York,USA,12.5,6.1,0.1,63.4,Partly Cloudy
2023-07-18,London,UK,11.6,8.7,0.9,92.4,Sunny
2023-07-18,Tokyo,Japan,19.8,14.4,0.0,20,Clear
2023-07-18,Sydney,Australia,15.0,6.8,0.2,66.3,Cloudy
2023-07-18,Cairo,Egypt,27.8,24.2,0.1,43.6,Cloudy
2023-07-19,New York,USA,15.7,8.4,0.6,54.7,Sunny
2023-07-19,London,UK,12.7,8.7,0.6,93.2,Light Rain
2023-07-19,Tokyo,Japan,24.2,11.5,0.2,37.5,Sunny
2023-07-19,Sydney,Australia,13.3,5.8,4.4,52.0,Cloudy
2023-07-19,Cairo,Egypt,30.7,18.8,0.0,57.3,Sunny
2023-07-20,New York,USA,19.8,4.6,0.1,41.2,Cloudy
2023-07-20,London,UK,14.7,6.8,0.1,68.5,Partly Cloudy
2023-07-20,Tokyo,Japan,20.1,11.9,0.3,85.8,Cloudy
2023-07-20,Sydney,Australia,13.3,0.6,0.0,71.1,Light Rain
2023-07-20,Cairo,Egypt,26.3,18.7,0.0,40.5,Partly Cloudy
2023-07-21,New York,USA,22.0,7.9,0.9,36.4,Sunny
2023-07-21,London,UK,15.0,8.8,0.0,73.8,Sunny
2023-07-21,Tokyo,Japan,21.0,11.3,0.1,64.0,Partly Cloudy
2023-07-21,Sydney,Australia,12.4,9.6,0.0,62.4,Cloudy
2023-07-21,Cairo,Egypt,32.4,22.1,0.1,68.4,Sunny
2023-07-22,New York,USA,13.6,7.5,0.0,33.8,Partly Cloudy
2023-07-22,London,UK,16.8,5.5,0.1,59.5,Partly Cloudy
2023-07-22,Tokyo,Japan,21.0,12.4,0.4,40.7,Cloudy
2023-07-22,Sydney,Australia,13.1,4.3,0.0,79.1,Cloudy
2023-07-22,Cairo,Egypt,30.9,21.7,0.9,57.9,Partly Cloudy
2023-07-23,New York,USA,14.5,7.1,0.2,67.4,Light Rain
2023-07-23,London,UK,16.8,6.6,0.2,34.8,Light Rain
2023-07-23,Tokyo,Japan,17.2,9.7,1.7,48.8,Sunny
2023-07-23,Sydney,Australia,13.0,2.6,0.0,63.5,Sunny
2023-07-23,Cairo,Egypt,30.5,20.8,0.0,43.6,Sunny
2023-07-24,New York,USA,16.9,5.1,2.8,59.7,Clear
2023-07-24,London,UK,14.9,6.1,0.1,68.8,Partly Cloudy
2023-07-24,Tokyo,Japan,16.4,11.6,0.4,64.7,Partly Cloudy
2023-07-24,Sydney,Australia,9.6,7.5,0.1,48.3,Clear
2023-07-24,Cairo,Egypt,27.5,21.7,0.8,58.6,Light Rain
2023-07-25,New York,USA,18.9,6.1,0.3,57.5,Sunny
2023-07-25,London,UK,14.1,7.9,0.0,78.5,Light Rain
2023-07-25,Tokyo,Japan,17.4,10.2,1.5,49.6,Sunny
2023-07-25,Sydney,Australia,15.6,6.8,0.1,74.0,Light Rain
2023-07-25,Cairo,Egypt,29.3,22.1,0.0,47.7,Partly Cloudy
2023-07-26,New York,USA,13.6,6.8,0.3,74.1,Sunny
2023-07-26,London,UK,11.3,8.8,0.1,99,Light Rain
2023-07-26,Tokyo,Japan,16.0,6.2,0.4,78.8,Sunny
2023-07-26,Sydney,Australia,9.5,7.5,0.0,45.6,Cloudy
2023-07-26,Cairo,Egypt,26.8,17.3,0.0,45.0,Sunny
2023-07-27,New York,USA,12.7,7.3,0.0,43.3,Light Rain
2023-07-27,London,UK,19.7,11.2,0.3,68.6,Cloudy
2023-07-27,Tokyo,Japan,22.7,10.8,1.4,61.1,Light Rain
2023-07-27,Sydney,Australia,12.0,4.8,0.9,49.5,Sunny
2023-07-27,Cairo,Egypt,29.5,18.5,0.0,49.4,Sunny
2023-07-28,New York,USA,15.4,6.1,3.0,57.3,Light Rain
2023-07-28,London,UK,15.9,7.5,0.8,73.5,Partly Cloudy
2023-07-28,Tokyo,Japan,22.9,15.3,0.8,28.6,Partly Cloudy
2023-07-28,Sydney,Australia,10.9,7.7,6.1,84.8,Heavy Rain
2023-07-28,Cairo,Egypt,24.6,20.3,0.0,20,Cloudy
2023-07-29,New York,USA,11.8,8.1,0.1,50.9,Partly Cloudy
2023-07-29,London,UK,16.8,9.0,0.0,96.2,Cloudy
2023-07-29,Tokyo,Japan,19.9,9.5,0.6,67.2,Partly Cloudy
2023-07-29,Sydney,Australia,11.6,7.8,0.1,33.7,Cloudy
2023-07-29,Cairo,Egypt,21.8,19.8,0.1,22.2,Partly Cloudy
2023-07-30,New York,USA,10.3,5.0,0.1,20,Light Rain
2023-07-30,London,UK,14.7,4.9,0.1,24.5,Light Rain
2023-07-30,Tokyo,Japan,16.2,8.2,0.7,39.7,Sunny
2023-07-30,Sydney,Australia,13.9,6.8,0.1,99,Light Rain
2023-07-30,Cairo,Egypt,27.5,20.8,0.0,40.2,Sunny
2023-07-31,New York,USA,14.1,6.2,1.9,39.5,Partly Cloudy
2023-07-31,London,UK,15.3,7.0,3.0,72.6,Light Rain
2023-07-31,Tokyo,Japan,18.4,9.5,0.3,30.9,Light Rain
2023-07-31,Sydney,Australia,14.8,6.8,0.2,73.1,Clear
2023-07-31,Cairo,Egypt,29.8,21.5,0.1,63.6,Sunny
2023-08-01,New York,USA,4.9,2.9000000000000004,1.3,58.5,Sunny
2023-08-01,London,UK,15.8,9.6,0.3,75.1,Sunny
2023-08-01,Tokyo,Japan,18.5,11.5,0.6,94.5,Partly Cloudy
2023-08-01,Sydney,Australia,17.5,3.0,0.0,47.6,Light Rain
2023-08-01,Cairo,Egypt,25.2,16.0,0.0,39.2,Sunny
2023-08-02,New York,USA,14.9,3.5,0.0,29.5,Cloudy
2023-08-02,London,UK,17.0,6.6,1.1,61.2,Light Rain
2023-08-02,Tokyo,Japan,17.6,8.6,0.1,72.5,Clear
2023-08-02,Sydney,Australia,14.1,6.9,0.0,28.8,Clear
2023-08-02,Cairo,Egypt,26.5,18.2,0.0,47.5,Cloudy
2023-08-03,New York,USA,16.6,5.1,0.1,53.4,Partly Cloudy
2023-08-03,London,UK,12.9,6.6,0.0,37.7,Light Rain
2023-08-03,Tokyo,Japan,12.7,8.7,0.0,60.8,Sunny
2023-08-03,Sydney,Australia,15.6,9.3,0.7,68.7,Cloudy
2023-08-03,Cairo,Egypt,24.0,17.4,0.0,74.0,Partly Cloudy
2023-08-04,New York,USA,10.7,1.8,0.0,75.2,Partly Cloudy
2023-08-04,London,UK,19.1,6.6,0.2,46.3,Partly Cloudy
2023-08-04,Tokyo,Japan,16.8,11.9,0.1,62.4,Light Rain
2023-08-04,Sydney,Australia,12.6,10.5,0.0,42.9,Cloudy
2023-08-04,Cairo,Egypt,28.0,15.8,0.0,73.5,Light Rain
2023-08-05,New York,USA,12.0,4.9,0.1,74.0,Light Rain
2023-08-05,London,UK,17.6,9.4,8.8,20,Heavy Rain
2023-08-05,Tokyo,Japan,17.3,6.2,0.2,65.0,Partly Cloudy
2023-08-05,Sydney,Australia,17.4,6.3,0.1,35.4,Cloudy
2023-08-05,Cairo,Egypt,26.7,17.1,0.2,99,Light Rain
2023-08-06,New York,USA,14.3,2.6,1.8,60.8,Sunny
2023-08-06,London,UK,10.4,8.4,2.0,77.1,Cloudy
2023-08-06,Tokyo,Japan,15.4,9.2,0.0,55.7,Sunny
2023-08-06,Sydney,Australia,12.0,10.0,0.1,75.3,Sunny
2023-08-06,Cairo,Egypt,21.4,18.9,0.1,46.6,Cloudy
2023-08-07,New York,USA,14.7,5.0,0.9,68.5,Clear
2023-08-07,London,UK,13.5,7.2,10.6,50.6,Heavy Rain
2023-08-07,Tokyo,Japan,15.8,9.9,0.0,77.2,Partly Cloudy
2023-08-07,Sydney,Australia,11.5,6.9,0.0,34.7,Light Rain
2023-08-07,Cairo,Egypt,19.7,17.7,1.0,53.8,Sunny
2023-08-08,New York,USA,11.9,5.0,1.1,31.2,Light Rain
2023-08-08,London,UK,13.0,6.9,3.7,86.5,Cloudy
2023-08-08,Tokyo,Japan,16.9,7.6,0.0,63.7,Light Rain
2023-08-08,Sydney,Australia,12.3,8.4,0.0,44.5,Clear
2023-08-08,Cairo,Egypt,28.1,17.7,0.1,89.2,Sunny
2023-08-09,New York,USA,9.8,3.0,0.1,65.2,Cloudy
2023-08-09,London,UK,13.6,8.3,0.3,56.3,Sunny
2023-08-09,Tokyo,Japan,16.8,5.8,0.5,57.5,Partly Cloudy
2023-08-09,Sydney,Australia,16.5,8.3,0.0,63.9,Partly Cloudy
2023-08-09,Cairo,Egypt,27.5,15.6,0.1,39.1,Light Rain
2023-08-10,New York,USA,11.4,-2.0,0.2,68.0,Sunny
2023-08-10,London,UK,12.5,4.7,6.0,39.3,Heavy Rain
2023-08-10,Tokyo,Japan,14.2,8.9,0.0,57.7,Sunny
2023-08-10,Sydney,Australia,14.1,7.7,0.0,79.6,Partly Cloudy
2023-08-10,Cairo,Egypt,24.4,13.0,0.4,71.4,Clear
2023-08-11,New York,USA,12.2,7.0,0.0,62.0,Partly Cloudy
2023-08-11,London,UK,16.6,7.4,0.1,53.6,Cloudy
2023-08-11,Tokyo,Japan,20.0,8.8,1.7,52.4,Clear
2023-08-11,Sydney,Australia,16.4,7.9,0.2,70.3,Partly Cloudy
2023-08-11,Cairo,Egypt,30.7,15.7,0.0,52.3,Partly Cloudy
2023-08-12,New York,USA,12.8,4.4,0.0,67.9,Sunny
2023-08-12,London,UK,11.8,4.0,0.2,99,Partly Cloudy
2023-08-12,Tokyo,Japan,14.0,6.6,0.5,67.0,Partly Cloudy
2023-08-12,Sydney,Australia,19.4,8.5,0.1,67.4,Light Rain
2023-08-12,Cairo,Egypt,26.2,15.4,0.4,55.7,Clear
2023-08-13,New York,USA,8.6,3.6,40.6,25.0,Heavy Rain
2023-08-13,London,UK,11.0,8.0,0.1,71.2,Partly Cloudy
2023-08-13,Tokyo,Japan,16.8,7.0,0.0,74.2,Cloudy
2023-08-13,Sydney,Australia,15.6,6.0,1.7,71.4,Sunny
2023-08-13,Cairo,Egypt,23.3,17.2,0.2,26.8,Partly Cloudy
2023-08-14,New York,USA,13.6,4.7,0.5,52.1,Sunny
2023-08-14,London,UK,14.4,0.5,0.2,78.8,Partly Cloudy
2023-08-14,Tokyo,Japan,13.4,5.2,0.1,27.2,Clear
2023-08-14,Sydney,Australia,17.3,10.1,0.3,75.5,Partly Cloudy
2023-08-14,Cairo,Egypt,18.4,15.9,0.4,24.9,Light Rain
2023-08-15,New York,USA,9.6,2.7,18.3,52.5,Heavy Rain
2023-08-15,London,UK,16.1,3.3,0.5,55.7,Clear
2023-08-15,Tokyo,Japan,12.2,7.5,0.0,40.1,Sunny
2023-08-15,Sydney,Australia,15.0,7.2,0.0,69.7,Clear
2023-08-15,Cairo,Egypt,26.2,18.4,0.0,70.9,Partly Cloudy
2023-08-16,New York,USA,9.8,0.2,0.1,63.1,Clear
2023-08-16,London,UK,9.4,3.4,1.3,52.6,Partly Cloudy
2023-08-16,Tokyo,Japan,13.9,8.3,1.2,48.0,Clear
2023-08-16,Sydney,Australia,15.4,7.7,0.0,55.6,Sunny
2023-08-16,Cairo,Egypt,19.6,17.1,0.2,52.6,Light Rain
2023-08-17,New York,USA,12.2,-0.6,0.0,43.1,Light Rain
2023-08-17,London,UK,11.6,4.0,0.5,79.4,Cloudy
2023-08-17,Tokyo,Japan,18.2,5.5,0.0,59.2,Clear
2023-08-17,Sydney,Australia,18.0,11.0,0.0,51.7,Partly Cloudy
2023-08-17,Cairo,Egypt,28.2,16.6,0.0,66.0,Sunny
2023-08-18,New York,USA,9.1,1.8,0.0,87.9,Light Rain
2023-08-18,London,UK,13.1,4.9,0.0,55.7,Light Rain
2023-08-18,Tokyo,Japan,15.5,4.9,3.2,76.5,Partly Cloudy
2023-08-18,Sydney,Australia,19.1,8.2,0.0,48.4,Clear
2023-08-18,Cairo,Egypt,25.4,14.1,0.1,49.6,Partly Cloudy
2023-08-19,New York,USA,10.8,4.8,0.1,59.2,Sunny
2023-08-19,London,UK,13.9,6.1,0.4,30.1,Cloudy
2023-08-19,Tokyo,Japan,14.3,7.6,0.9,37.2,Cloudy
2023-08-19,Sydney,Australia,14.8,8.9,0.0,89.8,Clear
2023-08-19,Cairo,Egypt,24.2,14.8,0.1,76.7,Partly Cloudy
2023-08-20,New York,USA,10.5,2.9,0.0,69.2,Clear
2023-08-20,London,UK,13.9,4.3,1.4,88.2,Cloudy
2023-08-20,Tokyo,Japan,17.0,8.7,1.5,24.1,Cloudy
2023-08-20,Sydney,Australia,15.1,7.3,0.1,59.9,Light Rain
2023-08-20,Cairo,Egypt,18.0,12.1,0.0,23.0,Cloudy
2023-08-21,New York,USA,11.2,-0.2,0.0,83.7,Clear
2023-08-21,London,UK,10.8,1.4,0.1,52.1,Partly Cloudy
2023-08-21,Tokyo,Japan,15.9,6.8,0.2,78.3,Sunny
2023-08-21,Sydney,Australia,12.8,9.3,1.2,73.6,Clear
2023-08-21,Cairo,Egypt,21.0,16.9,0.0,38.5,Light Rain
2023-08-22,New York,USA,6.9,1.6,0.2,72.8,Cloudy
2023-08-22,London,UK,14.0,3.5,0.4,65.4,Light Rain
2023-08-22,Tokyo,Japan,9.4,5.8,0.4,99,Light Rain
2023-08-22,Sydney,Australia,17.8,10.4,0.0,20,Clear
2023-08-22,Cairo,Egypt,26.3,15.1,0.0,33.3,Clear
2023-08-23,New York,USA,7.6,2.6,0.1,77.4,Drizzle
2023-08-23,London,UK,14.0,0.3,1.0,23.6,Sunny
2023-08-23,Tokyo,Japan,14.7,5.6,0.3,32.1,Cloudy
2023-08-23,Sydney,Australia,18.3,12.5,0.4,77.0,Cloudy
2023-08-23,Cairo,Egypt,20.4,14.1,0.0,77.0,Sunny
2023-08-24,New York,USA,9.5,1.4,0.7,87.3,Clear
2023-08-24,London,UK,16.3,7.4,0.5,81.3,Cloudy
2023-08-24,Tokyo,Japan,9.8,3.5,0.2,25.3,Clear
2023-08-24,Sydney,Australia,19.9,12.6,0.4,56.9,Sunny
2023-08-24,Cairo,Egypt,26.4,15.2,0.1,41.0,Partly Cloudy
2023-08-25,New York,USA,5.4,-0.2,0.0,86.2,Overcast
2023-08-25,London,UK,13.3,3.9,1.8,67.5,Light Rain
2023-08-25,Tokyo,Japan,10.3,5.7,3.5,99,Light Rain
2023-08-25,Sydney,Australia,16.6,12.8,6.4,20,Heavy Rain
2023-08-25,Cairo,Egypt,17.0,12.6,0.1,68.4,Partly Cloudy
2023-08-26,New York,USA,7.1,3.0,3.9,69.1,Partly Cloudy
2023-08-26,London,UK,13.6,9.9,4.7,55.0,Clear
2023-08-26,Tokyo,Japan,13.7,4.4,0.3,74.6,Cloudy
2023-08-26,Sydney,Australia,21.3,11.6,0.1,65.8,Light Rain
2023-08-26,Cairo,Egypt,27.2,9.5,0.0,59.0,Partly Cloudy
2023-08-27,New York,USA,8.4,0.3,0.0,60.4,Clear
2023-08-27,London,UK,10.9,6.0,1.5,88.4,Light Rain
2023-08-27,Tokyo,Japan,9.8,4.0,0.0,84.0,Sunny
2023-08-27,Sydney,Australia,19.3,11.6,0.1,23.7,Cloudy
2023-08-27,Cairo,Egypt,23.3,14.2,0.3,49.1,Light Rain
2023-08-28,New York,USA,9.5,2.2,4.0,35.7,Light Rain
2023-08-28,London,UK,11.4,4.9,0.1,25.6,Cloudy
2023-08-28,Tokyo,Japan,15.3,4.0,0.1,51.0,Clear
2023-08-28,Sydney,Australia,17.5,12.4,0.1,40.3,Partly Cloudy
2023-08-28,Cairo,Egypt,20.3,13.3,0.2,54.1,Light Rain
2023-08-29,New York,USA,6.6,-2.3,1.7,95.4,Sunny
2023-08-29,London,UK,8.1,5.2,0.0,56.7,Light Rain
2023-08-29,Tokyo,Japan,5.2,3.2,0.2,53.6,Drizzle
2023-08-29,Sydney,Australia,20.3,8.0,0.1,72.1,Cloudy
2023-08-29,Cairo,Egypt,24.2,12.3,0.0,35.8,Cloudy
2023-08-30,New York,USA,4.2,-1.2,1.4,54.2,Drizzle
2023-08-30,London,UK,12.9,-0.8,0.3,95.5,Partly Cloudy
2023-08-30,Tokyo,Japan,14.0,3.5,1.4,64.1,Partly Cloudy
2023-08-30,Sydney,Australia,18.0,13.5,0.5,49.1,Cloudy
2023-08-30,Cairo,Egypt,20.2,10.8,0.0,29.1,Light Rain
2023-08-31,New York,USA,11.9,2.6,0.4,51.4,Sunny
2023-08-31,London,UK,13.2,0.0,0.9,75.6,Sunny
2023-08-31,Tokyo,Japan,13.4,3.6,0.1,64.0,Clear
2023-08-31,Sydney,Australia,17.3,13.4,0.0,60.4,Cloudy
2023-08-31,Cairo,Egypt,21.6,11.3,0.1,49.0,Light Rain
2023-09-01,New York,USA,8.0,3.5,0.0,60.8,Light Rain
2023-09-01,London,UK,12.5,4.2,0.6,66.5,Clear
2023-09-01,Tokyo,Japan,12.2,4.2,0.5,55.9,Partly Cloudy
2023-09-01,Sydney,Australia,18.1,11.3,0.5,34.2,Sunny
2023-09-01,Cairo,Egypt,20.8,14.1,0.0,52.8,Sunny
2023-09-02,New York,USA,6.9,0.5,0.0,63.4,Snow
2023-09-02,London,UK,13.8,1.9,0.5,78.7,Partly Cloudy
2023-09-02,Tokyo,Japan,18.6,2.9,6.9,32.6,Heavy Rain
2023-09-02,Sydney,Australia,21.6,10.3,0.0,99,Light Rain
2023-09-02,Cairo,Egypt,19.4,12.9,0.0,28.0,Light Rain
2023-09-03,New York,USA,5.5,-0.1,0.0,54.5,Cloudy
2023-09-03,London,UK,9.9,1.3,0.1,54.1,Light Rain
2023-09-03,Tokyo,Japan,2.6,0.6000000000000001,11.1,56.2,Snowfall
2023-09-03,Sydney,Australia,17.3,8.8,5.9,58.3,Heavy Rain
2023-09-03,Cairo,Egypt,19.2,12.4,0.0,58.7,Clear
2023-09-04,New York,USA,8.7,-0.6,0.1,68.2,Light Rain
2023-09-04,London,UK,12.4,4.4,0.1,39.1,Light Rain
2023-09-04,Tokyo,Japan,11.2,-0.1,0.1,68.2,Cloudy
2023-09-04,Sydney,Australia,17.6,13.2,0.1,42.8,Light Rain
2023-09-04,Cairo,Egypt,20.5,14.1,0.2,39.0,Sunny
2023-09-05,New York,USA,10.0,-0.7,0.1,99,Light Rain
2023-09-05,London,UK,10.1,2.8,1.8,55.5,Clear
2023-09-05,Tokyo,Japan,13.0,3.1,0.1,99.0,Light Rain
2023-09-05,Sydney,Australia,16.3,14.3,0.1,67.1,Partly Cloudy
2023-09-05,Cairo,Egypt,20.1,9.8,0.3,31.0,Partly Cloudy
2023-09-06,New York,USA,4.9,-0.6,0.0,82.6,Cloudy
2023-09-06,London,UK,8.4,4.6,0.2,72.8,Sunny
2023-09-06,Tokyo,Japan,8.9,0.7,0.5,99,Clear
2023-09-06,Sydney,Australia,16.1,6.8,0.6,85.3,Light Rain
2023-09-06,Cairo,Egypt,18.1,9.6,0.0,70.3,Clear
2023-09-07,New York,USA,7.4,-4.8,0.4,61.3,Sunny
2023-09-07,London,UK,8.9,0.7,0.2,20,Partly Cloudy
2023-09-07,Tokyo,Japan,10.5,1.1,0.1,80.3,Partly Cloudy
2023-09-07,Sydney,Australia,19.0,12.5,0.1,20,Light Rain
2023-09-07,Cairo,Egypt,20.9,11.6,0.0,55.0,Partly Cloudy
2023-09-08,New York,USA,7.4,-6.2,0.2,57.3,Overcast
2023-09-08,London,UK,7.4,3.4,0.7,85.0,Cloudy
2023-09-08,Tokyo,Japan,13.3,2.5,0.2,35.5,Light Rain
2023-09-08,Sydney,Australia,20.3,14.1,0.2,44.8,Light Rain
2023-09-08,Cairo,Egypt,17.9,11.1,0.4,55.2,Partly Cloudy
2023-09-09,New York,USA,7.9,-6.3,0.1,54.0,Sunny
2023-09-09,London,UK,11.7,1.6,0.1,74.1,Cloudy
2023-09-09,Tokyo,Japan,6.2,-1.7,0.4,57.6,Overcast
2023-09-09,Sydney,Australia,17.7,10.1,0.2,70.9,Partly Cloudy
2023-09-09,Cairo,Egypt,23.6,8.0,0.0,41.7,Sunny
2023-09-10,New York,USA,4.2,-3.2,0.0,57.7,Overcast
2023-09-10,London,UK,11.3,2.9,0.0,80.6,Sunny
2023-09-10,Tokyo,Japan,5.8,-0.2,0.1,50.0,Cloudy
2023-09-10,Sydney,Australia,19.0,14.9,0.0,69.6,Cloudy
2023-09-10,Cairo,Egypt,13.5,8.9,0.0,70.0,Partly Cloudy
2023-09-11,New York,USA,5.8,-3.2,48.0,65.1,Heavy Rain
2023-09-11,London,UK,5.8,1.7,0.5,66.0,Snow
2023-09-11,Tokyo,Japan,10.4,3.0,0.1,80.2,Cloudy
2023-09-11,Sydney,Australia,20.0,9.4,0.2,81.2,Cloudy
2023-09-11,Cairo,Egypt,17.7,6.4,0.1,45.3,Light Rain
2023-09-12,New York,USA,3.5,-2.5,0.0,43.3,Cloudy
2023-09-12,London,UK,12.4,1.3,2.1,65.7,Partly Cloudy
2023-09-12,Tokyo,Japan,5.6,-0.7,0.5,58.4,Drizzle
2023-09-12,Sydney,Australia,20.1,12.1,2.3,72.9,Sunny
2023-09-12,Cairo,Egypt,20.2,9.9,0.2,20,Sunny
2023-09-13,New York,USA,3.5,-3.7,0.1,35.4,Drizzle
2023-09-13,London,UK,9.0,0.7,0.6,79.3,Sunny
2023-09-13,Tokyo,Japan,6.8,0.3,0.4,58.6,Overcast
2023-09-13,Sydney,Australia,22.2,15.4,0.0,21.1,Clear
2023-09-13,Cairo,Egypt,12.3,10.1,0.0,81.0,Light Rain
2023-09-14,New York,USA,4.0,-6.0,0.1,32.2,Drizzle
2023-09-14,London,UK,10.8,1.4,0.1,35.3,Light Rain
2023-09-14,Tokyo,Japan,1.1,-0.8999999999999999,0.2,81.2,Sunny
2023-09-14,Sydney,Australia,21.4,15.3,0.5,53.0,Cloudy
2023-09-14,Cairo,Egypt,16.9,9.8,0.0,43.6,Light Rain
2023-09-15,New York,USA,5.0,-4.5,0.2,96.5,Cloudy
2023-09-15,London,UK,7.1,0.6,0.5,81.2,Partly Cloudy
2023-09-15,Tokyo,Japan,5.6,-2.2,0.0,71.0,Drizzle
2023-09-15,Sydney,Australia,23.0,16.6,0.7,60.7,Sunny
2023-09-15,Cairo,Egypt,16.8,7.4,0.1,71.7,Sunny
2023-09-16,New York,USA,4.9,-4.9,1.4,62.9,Sunny
2023-09-16,London,UK,8.2,2.4,0.9,84.5,Cloudy
2023-09-16,Tokyo,Japan,8.1,-1.4,1.1,86.1,Partly Cloudy
2023-09-16,Sydney,Australia,22.7,14.6,0.0,45.7,Light Rain
2023-09-16,Cairo,Egypt,20.2,12.0,0.1,64.2,Clear
2023-09-17,New York,USA,3.2,-6.3,0.1,51.7,Cloudy
2023-09-17,London,UK,14.2,-1.2,1.8,54.0,Clear
2023-09-17,Tokyo,Japan,6.8,-0.5,0.5,59.6,Overcast
2023-09-17,Sydney,Australia,22.9,13.4,0.3,44.6,Partly Cloudy
2023-09-17,Cairo,Egypt,19.6,10.8,0.0,42.5,Light Rain
2023-09-18,New York,USA,5.6,-5.2,4.1,90.1,Drizzle
2023-09-18,London,UK,11.1,1.7,1.3,88.5,Sunny
2023-09-18,Tokyo,Japan,7.7,2.0,0.1,47.7,Partly Cloudy
2023-09-18,Sydney,Australia,24.4,14.0,0.0,72.5,Cloudy
2023-09-18,Cairo,Egypt,16.7,8.0,0.1,51.0,Light Rain
2023-09-19,New York,USA,1.2,-6.5,0.0,43.8,Drizzle
2023-09-19,London,UK,6.4,-1.0,0.3,78.0,Drizzle
2023-09-19,Tokyo,Japan,6.8,-3.0,0.1,67.9,Cloudy
2023-09-19,Sydney,Australia,22.9,17.0,0.2,20,Light Rain
2023-09-19,Cairo,Egypt,19.4,12.2,0.0,85.9,Partly Cloudy
2023-09-20,New York,USA,8.9,-7.3,0.2,74.7,Clear
2023-09-20,London,UK,9.9,3.8,0.0,75.8,Cloudy
2023-09-20,Tokyo,Japan,7.0,-0.1,1.2,57.8,Partly Cloudy
2023-09-20,Sydney,Australia,22.0,12.7,1.9,58.8,Clear
2023-09-20,Cairo,Egypt,13.9,11.9,0.0,57.5,Partly Cloudy
2023-09-21,New York,USA,5.3,-5.1,0.5,80.5,Drizzle
2023-09-21,London,UK,8.5,1.5,0.0,53.7,Cloudy
2023-09-21,Tokyo,Japan,2.4,-3.1,0.3,60.5,Cloudy
2023-09-21,Sydney,Australia,23.4,13.5,5.3,49.1,Heavy Rain
2023-09-21,Cairo,Egypt,14.6,11.5,0.0,60.0,Light Rain
2023-09-22,New York,USA,3.0,-4.5,2.7,42.8,Snow
2023-09-22,London,UK,10.7,0.3,0.2,23.9,Sunny
2023-09-22,Tokyo,Japan,4.4,-1.9,0.0,72.9,Overcast
2023-09-22,Sydney,Australia,16.4,14.1,0.1,36.5,Partly Cloudy
2023-09-22,Cairo,Egypt,19.8,10.7,0.0,53.2,Light Rain
2023-09-23,New York,USA,3.7,-5.6,0.2,65.3,Cloudy
2023-09-23,London,UK,9.5,-1.6,1.3,97.4,Light Rain
2023-09-23,Tokyo,Japan,6.6,-6.7,0.6,69.4,Overcast
2023-09-23,Sydney,Australia,21.6,16.0,0.1,51.5,Clear
2023-09-23,Cairo,Egypt,14.6,7.3,0.0,72.1,Sunny
2023-09-24,New York,USA,-5.2,-7.2,0.1,47.2,Drizzle
2023-09-24,London,UK,5.5,-1.4,0.0,85.7,Snow
2023-09-24,Tokyo,Japan,6.7,-2.8,3.8,99,Partly Cloudy
2023-09-24,Sydney,Australia,20.4,15.9,1.6,99,Partly Cloudy
2023-09-24,Cairo,Egypt,14.6,8.9,1.5,34.9,Clear
2023-09-25,New York,USA,-1.0,-6.5,0.2,42.3,Partly Cloudy
2023-09-25,London,UK,7.2,0.1,0.1,83.4,Overcast
2023-09-25,Tokyo,Japan,3.5,-1.8,0.1,79.7,Overcast
2023-09-25,Sydney,Australia,22.4,13.2,0.2,99,Sunny
2023-09-25,Cairo,Egypt,16.9,7.7,0.0,47.4,Partly Cloudy
2023-09-26,New York,USA,0.3,-6.3,18.9,66.6,Snowfall
2023-09-26,London,UK,5.9,1.6,0.0,29.1,Snow
2023-09-26,Tokyo,Japan,4.6,-2.0,1.1,42.9,Partly Cloudy
2023-09-26,Sydney,Australia,21.6,15.0,1.3,42.0,Clear
2023-09-26,Cairo,Egypt,14.1,6.7,0.2,62.5,Light Rain
2023-09-27,New York,USA,1.9,-9.0,0.1,53.5,Drizzle
2023-09-27,London,UK,4.5,-0.2,0.0,75.7,Overcast
2023-09-27,Tokyo,Japan,5.1,-5.1,0.7,70.0,Sunny
2023-09-27,Sydney,Australia,24.1,15.4,0.0,81.0,Sunny
2023-09-27,Cairo,Egypt,8.6,3.5,0.1,90.8,Sunny
2023-09-28,New York,USA,4.1,-5.8,0.1,78.5,Partly Cloudy
2023-09-28,London,UK,7.6,2.4,0.0,99,Snow
2023-09-28,Tokyo,Japan,7.6,-5.6,0.1,78.1,Partly Cloudy
2023-09-28,Sydney,Australia,23.2,13.8,0.1,58.4,Partly Cloudy
2023-09-28,Cairo,Egypt,18.2,4.1,0.2,55.7,Partly Cloudy
2023-09-29,New York,USA,-0.3,-10.6,0.6,69.3,Snow
2023-09-29,London,UK,1.5,-1.8,1.5,60.5,Drizzle
2023-09-29,Tokyo,Japan,4.1,-4.5,1.8,71.3,Cloudy
2023-09-29,Sydney,Australia,21.3,11.1,1.2,60.9,Cloudy
2023-09-29,Cairo,Egypt,14.3,8.8,0.3,77.5,Partly Cloudy
2023-09-30,New York,USA,0.3,-9.0,7.2,86.4,Snowfall
2023-09-30,London,UK,10.4,0.6,0.2,44.2,Sunny
2023-09-30,Tokyo,Japan,3.8,-5.2,0.1,50.7,Snow
2023-09-30,Sydney,Australia,24.9,15.2,0.0,62.3,Light Rain
2023-09-30,Cairo,Egypt,12.2,6.0,0.0,52.6,Cloudy
2023-10-01,New York,USA,1.9,-3.3,4.0,65.8,Sunny
2023-10-01,London,UK,5.0,-0.6,11.7,37.7,Snowfall
2023-10-01,Tokyo,Japan,5.9,-7.7,0.4,97.8,Snow
2023-10-01,Sydney,Australia,24.9,17.7,11.4,75.9,Heavy Rain
2023-10-01,Cairo,Egypt,11.6,3.8,0.2,34.0,Sunny
2023-10-02,New York,USA,-2.2,-10.2,1.4,67.2,Cloudy
2023-10-02,London,UK,6.3,-1.8,1.6,76.2,Sunny
2023-10-02,Tokyo,Japan,3.5,-2.5,0.5,64.0,Sunny
2023-10-02,Sydney,Australia,27.9,15.5,1.5,50.2,Partly Cloudy
2023-10-02,Cairo,Egypt,12.5,7.4,0.0,57.4,Partly Cloudy
2023-10-03,New York,USA,-0.1,-3.8,0.2,70.1,Snow
2023-10-03,London,UK,7.4,-2.5,25.3,36.8,Heavy Rain
2023-10-03,Tokyo,Japan,1.8,-2.9,0.6,72.2,Cloudy
2023-10-03,Sydney,Australia,24.7,15.3,0.1,65.1,Sunny
2023-10-03,Cairo,Egypt,15.1,8.3,0.1,68.1,Light Rain
2023-10-04,New York,USA,-1.0,-7.9,6.3,48.3,Snowfall
2023-10-04,London,UK,3.9,0.1,0.3,64.5,Snow
2023-10-04,Tokyo,Japan,3.2,-7.6,0.2,48.6,Snow
2023-10-04,Sydney,Australia,25.9,15.7,0.0,66.2,Sunny
2023-10-04,Cairo,Egypt,19.1,5.3,0.2,73.3,Cloudy
2023-10-05,New York,USA,-1.4,-4.5,0.0,57.8,Overcast
2023-10-05,London,UK,5.2,-1.8,0.5,56.6,Drizzle
2023-10-05,Tokyo,Japan,5.4,-3.3,0.0,60.0,Overcast
2023-10-05,Sydney,Australia,22.0,13.5,0.4,61.8,Clear
2023-10-05,Cairo,Egypt,11.8,1.9,0.0,42.3,Clear
2023-10-06,New York,USA,-5.1,-12.0,0.0,49.8,Drizzle
2023-10-06,London,UK,6.3,0.9,0.2,75.0,Sunny
2023-10-06,Tokyo,Japan,0.1,-3.2,0.0,69.5,Drizzle
2023-10-06,Sydney,Australia,24.1,16.2,0.0,38.1,Sunny
2023-10-06,Cairo,Egypt,11.9,5.1,0.0,65.6,Sunny
2023-10-07,New York,USA,-5.1,-7.1,0.6,77.5,Cloudy
2023-10-07,London,UK,6.7,-2.8,0.0,50.5,Overcast
2023-10-07,Tokyo,Japan,5.9,-4.6,8.8,87.4,Heavy Rain
2023-10-07,Sydney,Australia,23.2,16.8,0.5,74.5,Light Rain
2023-10-07,Cairo,Egypt,11.6,8.2,0.4,92.3,Clear
2023-10-08,New York,USA,-2.3,-11.5,0.0,53.2,Drizzle
2023-10-08,London,UK,6.4,-1.6,1.0,39.6,Snow
2023-10-08,Tokyo,Japan,-1.6,-3.6,0.1,57.9,Snow
2023-10-08,Sydney,Australia,30.1,18.6,0.2,61.6,Sunny
2023-10-08,Cairo,Egypt,13.9,6.1,0.2,32.6,Partly Cloudy
2023-10-09,New York,USA,-0.4,-12.7,1.9,64.4,Overcast
2023-10-09,London,UK,3.7,-3.3,0.9,84.3,Overcast
2023-10-09,Tokyo,Japan,-1.0,-8.2,0.0,88.5,Overcast
2023-10-09,Sydney,Australia,22.8,18.8,0.0,54.0,Light Rain
2023-10-09,Cairo,Egypt,13.1,6.5,0.1,68.4,Clear
2023-10-10,New York,USA,3.7,-5.5,0.5,90.5,Sunny
2023-10-10,London,UK,3.8,1.4,0.0,59.9,Overcast
2023-10-10,Tokyo,Japan,-1.9,-4.2,0.0,94.7,Sunny
2023-10-10,Sydney,Australia,25.1,16.4,4.9,45.7,Partly Cloudy
2023-10-10,Cairo,Egypt,12.1,5.1,0.1,56.0,Light Rain
2023-10-11,New York,USA,-1.1,-12.0,0.5,67.4,Sunny
2023-10-11,London,UK,5.8,-6.2,1.6,66.6,Partly Cloudy
2023-10-11,Tokyo,Japan,1.2,-6.8,0.0,77.4,Snow
2023-10-11,Sydney,Australia,24.3,18.8,2.0,46.5,Partly Cloudy
2023-10-11,Cairo,Egypt,14.3,2.6,0.0,61.8,Cloudy
2023-10-12,New York,USA,-1.0,-10.7,0.1,80.4,Overcast
2023-10-12,London,UK,10.4,-2.5,0.1,52.4,Sunny
2023-10-12,Tokyo,Japan,0.7,-3.3,0.0,55.1,Overcast
2023-10-12,Sydney,Australia,22.5,16.7,0.4,65.9,Partly Cloudy
2023-10-12,Cairo,Egypt,14.7,4.3,0.0,58.3,Sunny
2023-10-13,New York,USA,-6.6,-9.8,0.5,71.3,Overcast
2023-10-13,London,UK,6.5,-6.0,20.0,86.4,Heavy Rain
2023-10-13,Tokyo,Japan,1.5,-9.8,0.0,69.7,Partly Cloudy
2023-10-13,Sydney,Australia,26.2,17.5,0.2,49.0,Cloudy
2023-10-13,Cairo,Egypt,12.0,7.5,0.2,69.8,Sunny
2023-10-14,New York,USA,-3.9,-10.9,0.6,78.7,Cloudy
2023-10-14,London,UK,2.0,-0.6,0.0,61.5,Cloudy
2023-10-14,Tokyo,Japan,-2.5,-7.9,0.7,56.8,Overcast
2023-10-14,Sydney,Australia,24.6,20.3,2.4,91.7,Clear
2023-10-14,Cairo,Egypt,15.9,2.7,0.0,53.2,Partly Cloudy
2023-10-15,New York,USA,-5.0,-8.4,0.1,70.3,Partly Cloudy
2023-10-15,London,UK,-2.2,-4.2,0.1,67.7,Cloudy
2023-10-15,Tokyo,Japan,-3.1,-6.5,0.1,80.2,Snow
2023-10-15,Sydney,Australia,27.6,22.1,0.1,46.9,Sunny
2023-10-15,Cairo,Egypt,11.6,6.4,1.1,68.2,Light Rain
2023-10-16,New York,USA,-3.1,-8.4,0.0,63.0,Partly Cloudy
2023-10-16,London,UK,4.5,-3.4,0.2,80.7,Partly Cloudy
2023-10-16,Tokyo,Japan,6.5,-9.5,0.0,62.0,Cloudy
2023-10-16,Sydney,Australia,30.2,21.0,0.0,27.5,Partly Cloudy
2023-10-16,Cairo,Egypt,10.9,1.2,0.0,62.6,Partly Cloudy
2023-10-17,New York,USA,-3.6,-10.0,0.7,64.2,Sunny
2023-10-17,London,UK,0.8,-3.8,0.6,87.6,Snow
2023-10-17,Tokyo,Japan,1.5,-7.3,1.6,67.9,Partly Cloudy
2023-10-17,Sydney,Australia,23.4,18.2,0.6,43.9,Light Rain
2023-10-17,Cairo,Egypt,13.3,1.7,0.0,84.0,Cloudy
2023-10-18,New York,USA,-5.6,-10.0,0.0,55.3,Sunny
2023-10-18,London,UK,1.2,-3.0,0.2,28.8,Sunny
2023-10-18,Tokyo,Japan,-0.6,-5.4,3.8,49.8,Drizzle
2023-10-18,Sydney,Australia,23.7,18.8,0.0,72.4,Clear
2023-10-18,Cairo,Egypt,5.8,0.2,0.1,87.5,Drizzle
2023-10-19,New York,USA,1.7,-8.6,0.0,55.4,Sunny
2023-10-19,London,UK,5.5,-4.9,0.0,37.7,Partly Cloudy
2023-10-19,Tokyo,Japan,0.8,-5.5,0.4,72.4,Overcast
2023-10-19,Sydney,Australia,28.5,21.6,0.1,61.3,Sunny
2023-10-19,Cairo,Egypt,8.9,3.1,0.1,71.8,Sunny
2023-10-20,New York,USA,-1.9,-9.1,0.0,92.4,Sunny
2023-10-20,London,UK,3.7,-3.7,0.1,37.9,Cloudy
2023-10-20,Tokyo,Japan,1.3,-7.5,0.5,52.8,Partly Cloudy
2023-10-20,Sydney,Australia,26.9,20.9,0.0,69.9,Light Rain
2023-10-20,Cairo,Egypt,13.2,0.8,0.1,99,Clear
2023-10-21,New York,USA,-5.2,-13.6,0.7,57.3,Overcast
2023-10-21,London,UK,4.8,-5.4,0.6,48.8,Drizzle
2023-10-21,Tokyo,Japan,-0.4,-6.9,1.0,55.1,Overcast
2023-10-21,Sydney,Australia,27.2,19.9,0.3,44.1,Sunny
2023-10-21,Cairo,Egypt,9.1,1.1,0.0,41.3,Light Rain
2023-10-22,New York,USA,-1.6,-11.3,2.8,38.2,Snow
2023-10-22,London,UK,1.3,-0.7,0.1,75.2,Sunny
2023-10-22,Tokyo,Japan,3.4,-12.4,0.4,61.2,Overcast
2023-10-22,Sydney,Australia,27.4,18.4,14.3,54.9,Heavy Rain
2023-10-22,Cairo,Egypt,11.7,4.4,0.0,52.7,Partly Cloudy
2023-10-23,New York,USA,-2.7,-14.1,0.1,92.4,Snow
2023-10-23,London,UK,6.2,-6.6,0.1,48.6,Sunny
2023-10-23,Tokyo,Japan,-2.6,-13.2,0.1,78.8,Sunny
2023-10-23,Sydney,Australia,27.0,17.2,0.0,59.1,Clear
2023-10-23,Cairo,Egypt,12.5,-0.2,0.0,52.8,Light Rain
2023-10-24,New York,USA,-5.6,-14.2,0.0,40.5,Overcast
2023-10-24,London,UK,5.7,-1.7,0.7,99,Cloudy
2023-10-24,Tokyo,Japan,0.4,-8.9,0.1,59.3,Cloudy
2023-10-24,Sydney,Australia,28.6,21.6,0.0,52.8,Sunny
2023-10-24,Cairo,Egypt,7.2,-0.5,0.0,88.7,Overcast
2023-10-25,New York,USA,-4.6,-15.0,1.8,31.0,Partly Cloudy
2023-10-25,London,UK,5.8,-5.3,1.6,76.2,Sunny
2023-10-25,Tokyo,Japan,-4.8,-11.8,0.1,70.0,Sunny
2023-10-25,Sydney,Australia,32.3,17.0,0.2,20,Sunny
2023-10-25,Cairo,Egypt,9.8,-0.1,0.3,99,Cloudy
2023-10-26,New York,USA,-3.5,-14.2,1.6,48.3,Sunny
2023-10-26,London,UK,1.7,-4.5,0.0,41.6,Drizzle
2023-10-26,Tokyo,Japan,-3.2,-9.4,0.4,67.2,Snow
2023-10-26,Sydney,Australia,26.7,21.4,0.1,34.5,Clear
2023-10-26,Cairo,Egypt,5.3,2.9,0.1,67.4,Overcast
2023-10-27,New York,USA,-6.7,-12.3,0.5,69.8,Sunny
2023-10-27,London,UK,3.9,-6.9,0.1,69.1,Overcast
2023-10-27,Tokyo,Japan,0.6,-9.0,0.0,81.1,Snow
2023-10-27,Sydney,Australia,25.2,20.3,0.5,35.6,Clear
2023-10-27,Cairo,Egypt,6.4,0.4,0.0,55.9,Partly Cloudy
2023-10-28,New York,USA,-5.5,-17.3,0.6,82.7,Snow
2023-10-28,London,UK,3.9,-3.3,0.5,99,Drizzle
2023-10-28,Tokyo,Japan,-1.7,-7.3,0.2,70.5,Partly Cloudy
2023-10-28,Sydney,Australia,26.9,21.1,2.4,67.9,Clear
2023-10-28,Cairo,Egypt,12.4,1.8,0.2,69.7,Light Rain
2023-10-29,New York,USA,-5.4,-11.1,0.1,99,Partly Cloudy
2023-10-29,London,UK,6.1,-5.2,0.8,47.4,Snow
2023-10-29,Tokyo,Japan,-3.9,-6.3,2.1,68.8,Cloudy
2023-10-29,Sydney,Australia,29.3,17.8,0.3,65.6,Sunny
2023-10-29,Cairo,Egypt,7.2,2.1,0.1,53.3,Sunny
2023-10-30,New York,USA,-6.9,-11.2,0.0,79.1,Sunny
2023-10-30,London,UK,2.9,-4.5,0.1,38.8,Sunny
2023-10-30,Tokyo,Japan,1.4,-10.1,0.5,49.9,Cloudy
2023-10-30,Sydney,Australia,29.5,22.1,0.7,78.2,Sunny
2023-10-30,Cairo,Egypt,11.2,3.3,0.3,34.6,Clear
2023-10-31,New York,USA,-4.0,-14.5,0.4,59.6,Drizzle
2023-10-31,London,UK,4.6,-1.2,2.4,62.0,Drizzle
2023-10-31,Tokyo,Japan,-3.6,-8.8,1.9,48.1,Drizzle
2023-10-31,Sydney,Australia,32.4,21.0,0.1,48.5,Hazy
2023-10-31,Cairo,Egypt,9.3,1.0,0.0,27.9,Cloudy
2023-11-01,New York,USA,-10.2,-16.3,0.1,68.5,Sunny
2023-11-01,London,UK,-3.4,-8.7,3.1,68.7,Cloudy
2023-11-01,Tokyo,Japan,-3.0,-9.3,0.3,55.6,Sunny
2023-11-01,Sydney,Australia,25.1,21.7,1.9,99,Clear
2023-11-01,Cairo,Egypt,14.3,1.3,0.0,83.4,Sunny
2023-11-02,New York,USA,-0.8,-14.5,5.1,61.4,Snowfall
2023-11-02,London,UK,0.4,-5.9,0.3,48.8,Snow
2023-11-02,Tokyo,Japan,-3.4,-11.5,0.4,54.2,Partly Cloudy
2023-11-02,Sydney,Australia,28.7,21.8,0.2,41.2,Partly Cloudy
2023-11-02,Cairo,Egypt,11.6,-0.9,2.1,31.9,Partly Cloudy
2023-11-03,New York,USA,-8.7,-17.0,0.1,75.2,Cloudy
2023-11-03,London,UK,4.8,-7.8,0.2,62.5,Drizzle
2023-11-03,Tokyo,Japan,-4.4,-10.4,0.0,62.9,Drizzle
2023-11-03,Sydney,Australia,28.1,21.9,0.1,26.7,Sunny
2023-11-03,Cairo,Egypt,3.3,-0.2,0.0,81.1,Cloudy
2023-11-04,New York,USA,-8.4,-15.4,4.0,43.6,Drizzle
2023-11-04,London,UK,0.6,-8.0,0.0,96.0,Sunny
2023-11-04,Tokyo,Japan,-0.4,-12.7,0.5,61.1,Overcast
2023-11-04,Sydney,Australia,27.4,21.8,0.3,64.9,Cloudy
2023-11-04,Cairo,Egypt,11.1,-0.4,0.0,60.2,Clear
2023-11-05,New York,USA,-8.8,-16.3,0.9,92.9,Snow
2023-11-05,London,UK,0.2,-6.9,0.1,65.6,Snow
2023-11-05,Tokyo,Japan,-0.4,-9.9,0.1,66.6,Cloudy
2023-11-05,Sydney,Australia,28.8,23.8,0.9,80.0,Sunny
2023-11-05,Cairo,Egypt,7.0,1.1,0.0,79.9,Snow
2023-11-06,New York,USA,-6.9,-14.2,0.0,75.5,Sunny
2023-11-06,London,UK,0.5,-4.0,6.2,68.6,Snowfall
2023-11-06,Tokyo,Japan,-4.7,-10.2,0.6,33.9,Drizzle
2023-11-06,Sydney,Australia,29.2,21.8,1.4,38.5,Partly Cloudy
2023-11-06,Cairo,Egypt,10.5,-3.8,0.2,81.8,Light Rain
2023-11-07,New York,USA,-4.1,-10.9,0.1,71.8,Snow
2023-11-07,London,UK,1.5,-10.0,7.7,54.3,Snowfall
2023-11-07,Tokyo,Japan,-6.2,-12.5,2.4,85.1,Sunny
2023-11-07,Sydney,Australia,27.7,19.4,0.2,47.8,Sunny
2023-11-07,Cairo,Egypt,9.8,-3.0,0.0,55.1,Partly Cloudy
2023-11-08,New York,USA,-7.3,-14.8,0.1,72.0,Partly Cloudy
2023-11-08,London,UK,1.2,-6.7,0.0,28.2,Partly Cloudy
2023-11-08,Tokyo,Japan,-0.7,-13.2,0.0,72.9,Snow
2023-11-08,Sydney,Australia,30.8,20.7,0.3,61.8,Partly Cloudy
2023-11-08,Cairo,Egypt,7.6,-0.7,0.0,77.8,Cloudy
2023-11-09,New York,USA,-10.8,-16.9,0.1,55.2,Drizzle
2023-11-09,London,UK,1.7,-4.9,3.7,58.4,Cloudy
2023-11-09,Tokyo,Japan,-1.6,-11.5,2.0,56.8,Cloudy
2023-11-09,Sydney,Australia,29.6,22.6,0.1,63.4,Sunny
2023-11-09,Cairo,Egypt,3.9,-2.1,0.0,61.2,Cloudy
2023-11-10,New York,USA,-9.7,-17.2,0.3,66.8,Snow
2023-11-10,London,UK,3.8,-1.0,5.4,75.7,Snowfall
2023-11-10,Tokyo,Japan,-6.3,-12.0,0.6,72.7,Drizzle
2023-11-10,Sydney,Australia,32.6,24.3,0.4,35.1,Partly Cloudy
2023-11-10,Cairo,Egypt,9.5,-0.6,0.0,71.5,Cloudy
2023-11-11,New York,USA,-8.7,-16.4,0.3,48.8,Overcast
2023-11-11,London,UK,3.3,-5.6,2.6,61.1,Partly Cloudy
2023-11-11,Tokyo,Japan,-5.7,-8.2,0.1,52.2,Overcast
2023-11-11,Sydney,Australia,29.6,19.9,0.2,57.0,Hazy
2023-11-11,Cairo,Egypt,4.6,-3.4,0.1,74.6,Overcast
2023-11-12,New York,USA,-14.5,-16.5,0.4,66.9,Overcast
2023-11-12,London,UK,2.8,-5.9,0.6,41.7,Partly Cloudy
2023-11-12,Tokyo,Japan,-7.4,-12.0,0.2,70.1,Cloudy
2023-11-12,Sydney,Australia,31.2,23.6,0.7,20,Sunny
2023-11-12,Cairo,Egypt,7.5,-1.7,0.1,64.7,Snow
2023-11-13,New York,USA,-9.2,-16.5,0.1,71.5,Sunny
2023-11-13,London,UK,1.1,-9.0,9.6,39.1,Snowfall
2023-11-13,Tokyo,Japan,-3.8,-8.3,0.0,71.4,Sunny
2023-11-13,Sydney,Australia,31.5,22.7,0.2,99,Sunny
2023-11-13,Cairo,Egypt,2.8,-3.2,0.0,74.1,Partly Cloudy
2023-11-14,New York,USA,-8.7,-13.5,0.6,68.9,Overcast
2023-11-14,London,UK,3.7,-3.6,0.5,33.5,Snow
2023-11-14,Tokyo,Japan,-5.1,-14.0,0.1,82.3,Drizzle
2023-11-14,Sydney,Australia,24.6,21.5,0.1,56.9,Clear
2023-11-14,Cairo,Egypt,7.0,-3.8,0.0,63.4,Snow
2023-11-15,New York,USA,-9.5,-18.3,0.0,76.4,Partly Cloudy
2023-11-15,London,UK,2.3,-8.0,0.0,77.4,Partly Cloudy
2023-11-15,Tokyo,Japan,-5.6,-15.3,0.1,55.0,Partly Cloudy
2023-11-15,Sydney,Australia,30.8,20.5,1.8,39.2,Partly Cloudy
2023-11-15,Cairo,Egypt,9.6,-2.9,0.0,78.0,Clear
2023-11-16,New York,USA,-10.9,-18.6,0.1,99,Partly Cloudy
2023-11-16,London,UK,3.3,-4.8,1.1,60.3,Snow
2023-11-16,Tokyo,Japan,-0.8,-11.9,0.2,85.8,Snow
2023-11-16,Sydney,Australia,33.2,25.2,0.2,33.8,Sunny
2023-11-16,Cairo,Egypt,6.3,-2.2,0.0,72.3,Cloudy
2023-11-17,New York,USA,-8.6,-14.3,1.0,55.5,Cloudy
2023-11-17,London,UK,2.4,-9.0,0.0,68.1,Overcast
2023-11-17,Tokyo,Japan,-5.0,-10.6,0.2,60.3,Snow
2023-11-17,Sydney,Australia,30.5,24.4,0.4,20.6,Sunny
2023-11-17,Cairo,Egypt,5.4,-1.4,0.1,67.2,Snow
2023-11-18,New York,USA,-8.9,-18.4,0.5,79.9,Snow
2023-11-18,London,UK,3.9,-7.2,0.8,63.0,Overcast
2023-11-18,Tokyo,Japan,-2.1,-14.1,3.2,81.8,Partly Cloudy
2023-11-18,Sydney,Australia,26.4,24.4,0.4,53.7,Clear
2023-11-18,Cairo,Egypt,5.3,-2.6,0.3,84.2,Partly Cloudy
2023-11-19,New York,USA,-9.3,-14.8,0.5,48.8,Partly Cloudy
2023-11-19,London,UK,1.3,-11.2,0.0,66.1,Overcast
2023-11-19,Tokyo,Japan,-5.6,-16.6,0.2,99,Snow
2023-11-19,Sydney,Australia,31.5,28.2,0.4,33.6,Partly Cloudy
2023-11-19,Cairo,Egypt,2.9,-0.0,0.1,83.8,Overcast
2023-11-20,New York,USA,-11.6,-16.6,0.0,49.2,Partly Cloudy
2023-11-20,London,UK,3.1,-5.0,0.0,67.7,Drizzle
2023-11-20,Tokyo,Japan,-5.2,-12.5,0.1,99,Drizzle
2023-11-20,Sydney,Australia,30.6,20.7,0.9,55.0,Sunny
2023-11-20,Cairo,Egypt,3.0,-5.5,0.0,75.7,Partly Cloudy
2023-11-21,New York,USA,-6.4,-20.0,0.1,46.7,Drizzle
2023-11-21,London,UK,-0.1,-7.8,0.2,49.1,Overcast
2023-11-21,Tokyo,Japan,-2.5,-12.4,0.1,82.0,Partly Cloudy
2023-11-21,Sydney,Australia,33.8,24.0,1.6,59.1,Hazy
2023-11-21,Cairo,Egypt,6.5,-3.3,0.0,86.0,Snow
2023-11-22,New York,USA,-7.1,-14.4,0.1,54.0,Drizzle
2023-11-22,London,UK,0.5,-3.9,0.1,89.6,Cloudy
2023-11-22,Tokyo,Japan,-7.2,-17.1,0.1,78.3,Snow
2023-11-22,Sydney,Australia,33.9,23.4,0.0,65.9,Sunny
2023-11-22,Cairo,Egypt,-0.2,-2.2,0.0,83.4,Sunny
2023-11-23,New York,USA,-11.8,-18.8,0.1,42.9,Drizzle
2023-11-23,London,UK,5.9,-7.7,10.0,49.9,Heavy Rain
2023-11-23,Tokyo,Japan,-8.7,-15.3,0.0,36.0,Sunny
2023-11-23,Sydney,Australia,31.0,22.4,0.1,65.8,Hazy
2023-11-23,Cairo,Egypt,5.3,-1.3,0.0,58.4,Overcast
2023-11-24,New York,USA,-12.9,-20.3,0.4,87.4,Drizzle
2023-11-24,London,UK,4.4,-7.6,0.0,82.2,Drizzle
2023-11-24,Tokyo,Japan,-3.9,-15.6,0.2,51.6,Sunny
2023-11-24,Sydney,Australia,30.8,21.7,0.4,49.0,Sunny
2023-11-24,Cairo,Egypt,2.9,-3.4,0.3,55.1,Cloudy
2023-11-25,New York,USA,-9.7,-15.9,0.0,62.4,Cloudy
2023-11-25,London,UK,-3.6,-7.9,0.5,73.5,Sunny
2023-11-25,Tokyo,Japan,-11.0,-16.3,0.1,59.7,Overcast
2023-11-25,Sydney,Australia,26.8,22.7,0.0,48.7,Clear
2023-11-25,Cairo,Egypt,7.8,1.2,0.5,80.6,Partly Cloudy
2023-11-26,New York,USA,-11.7,-17.4,0.5,62.0,Snow
2023-11-26,London,UK,-4.1,-9.2,1.3,61.4,Snow
2023-11-26,Tokyo,Japan,-1.6,-14.2,0.3,78.7,Overcast
2023-11-26,Sydney,Australia,30.8,21.3,0.0,43.9,Sunny
2023-11-26,Cairo,Egypt,3.8,-3.2,0.2,45.8,Drizzle
2023-11-27,New York,USA,-3.0,-12.2,0.8,97.5,Snow
2023-11-27,London,UK,0.9,-2.2,5.2,72.5,Snowfall
2023-11-27,Tokyo,Japan,-2.7,-14.4,1.1,58.8,Cloudy
2023-11-27,Sydney,Australia,28.7,18.5,0.0,68.8,Sunny
2023-11-27,Cairo,Egypt,5.8,-2.1,0.0,49.1,Drizzle
2023-11-28,New York,USA,-11.5,-17.6,0.1,68.2,Sunny
2023-11-28,London,UK,1.9,-7.3,0.0,83.0,Overcast
2023-11-28,Tokyo,Japan,-6.9,-15.7,0.2,68.7,Overcast
2023-11-28,Sydney,Australia,31.2,22.4,0.1,59.1,Sunny
2023-11-28,Cairo,Egypt,4.6,-0.5,0.0,56.9,Drizzle
2023-11-29,New York,USA,-8.9,-18.3,53.0,72.2,Snowfall
2023-11-29,London,UK,-0.1,-11.5,0.9,55.0,Overcast
2023-11-29,Tokyo,Japan,-7.8,-16.3,0.1,48.8,Cloudy
2023-11-29,Sydney,Australia,35.0,23.4,3.6,45.0,Sunny
2023-11-29,Cairo,Egypt,6.2,-2.2,0.0,85.7,Partly Cloudy
2023-11-30,New York,USA,-9.1,-20.3,0.1,66.2,Sunny
2023-11-30,London,UK,1.2,-8.7,0.1,73.3,Sunny
2023-11-30,Tokyo,Japan,-13.7,-15.7,3.8,99,Overcast
2023-11-30,Sydney,Australia,32.4,23.4,0.0,39.8,Sunny
2023-11-30,Cairo,Egypt,3.2,0.9,0.0,77.5,Overcast
2023-12-01,New York,USA,-9.5,-15.3,0.3,88.3,Snow
2023-12-01,London,UK,1.3,-7.6,0.7,75.3,Drizzle
2023-12-01,Tokyo,Japan,0.1,-12.6,0.0,40.4,Partly Cloudy
2023-12-01,Sydney,Australia,30.5,25.9,3.2,55.3,Sunny
2023-12-01,Cairo,Egypt,2.2,-3.1,0.1,99,Overcast
2023-12-02,New York,USA,-7.2,-16.8,6.5,86.7,Snowfall
2023-12-02,London,UK,2.9,-9.9,0.2,44.0,Partly Cloudy
2023-12-02,Tokyo,Japan,-5.6,-14.1,0.1,99,Overcast
2023-12-02,Sydney,Australia,31.5,21.2,0.6,42.2,Sunny
2023-12-02,Cairo,Egypt,2.6,-3.2,0.0,51.6,Cloudy
2023-12-03,New York,USA,-14.6,-17.2,0.1,72.2,Overcast
2023-12-03,London,UK,0.9,-7.5,0.1,59.5,Snow
2023-12-03,Tokyo,Japan,-8.6,-13.6,0.1,92.4,Overcast
2023-12-03,Sydney,Australia,30.8,18.3,0.1,41.7,Hazy
2023-12-03,Cairo,Egypt,6.5,-3.8,0.0,74.4,Sunny
2023-12-04,New York,USA,-8.7,-20.4,0.3,88.3,Snow
2023-12-04,London,UK,1.7,-7.0,0.0,20,Drizzle
2023-12-04,Tokyo,Japan,-3.9,-14.8,0.0,65.6,Cloudy
2023-12-04,Sydney,Australia,28.0,21.4,0.8,69.9,Cloudy
2023-12-04,Cairo,Egypt,6.7,0.1,0.0,52.4,Sunny
2023-12-05,New York,USA,-7.5,-16.6,0.1,76.3,Snow
2023-12-05,London,UK,0.9,-8.9,0.3,63.7,Cloudy
2023-12-05,Tokyo,Japan,-8.0,-14.0,3.1,68.0,Partly Cloudy
2023-12-05,Sydney,Australia,28.2,26.2,0.0,64.3,Hazy
2023-12-05,Cairo,Egypt,6.5,-2.1,0.0,78.3,Partly Cloudy
2023-12-06,New York,USA,-7.4,-19.6,0.5,46.4,Snow
2023-12-06,London,UK,2.7,-8.6,0.2,83.4,Sunny
2023-12-06,Tokyo,Japan,-9.4,-17.5,1.1,99,Snow
2023-12-06,Sydney,Australia,28.5,23.1,0.3,51.8,Hazy
2023-12-06,Cairo,Egypt,7.6,-5.1,0.0,64.1,Partly Cloudy
2023-12-07,New York,USA,-13.8,-15.8,0.6,98.2,Overcast
2023-12-07,London,UK,-4.5,-6.5,0.1,99,Cloudy
2023-12-07,Tokyo,Japan,-3.9,-16.8,1.6,70.7,Cloudy
2023-12-07,Sydney,Australia,33.6,23.7,0.1,27.4,Hazy
2023-12-07,Cairo,Egypt,4.5,-2.2,0.1,96.0,Cloudy
2023-12-08,New York,USA,-4.5,-15.9,0.0,64.5,Cloudy
2023-12-08,London,UK,-5.1,-9.6,0.8,83.6,Overcast
2023-12-08,Tokyo,Japan,-4.2,-13.6,2.5,62.1,Drizzle
2023-12-08,Sydney,Australia,32.7,24.5,0.2,59.9,Hazy
2023-12-08,Cairo,Egypt,4.2,-2.1,0.0,33.1,Drizzle
2023-12-09,New York,USA,-12.1,-21.2,1.0,92.7,Drizzle
2023-12-09,London,UK,-0.3,-8.6,3.8,46.4,Overcast
2023-12-09,Tokyo,Japan,-6.9,-12.5,0.4,99,Drizzle
2023-12-09,Sydney,Australia,29.0,21.4,0.5,41.4,Sunny
2023-12-09,Cairo,Egypt,4.7,-9.3,0.3,69.5,Cloudy
2023-12-10,New York,USA,-15.2,-18.7,2.0,83.2,Partly Cloudy
2023-12-10,London,UK,1.6,-6.1,0.6,69.6,Cloudy
2023-12-10,Tokyo,Japan,-8.2,-16.0,0.1,97.9,Snow
2023-12-10,Sydney,Australia,31.7,24.6,0.2,77.6,Sunny
2023-12-10,Cairo,Egypt,0.8,-5.8,0.0,47.5,Cloudy
2023-12-11,New York,USA,-9.3,-17.9,0.4,81.3,Snow
2023-12-11,London,UK,5.5,-8.0,0.1,63.7,Snow
2023-12-11,Tokyo,Japan,-10.7,-15.5,0.1,22.6,Cloudy
2023-12-11,Sydney,Australia,30.5,24.9,0.0,20,Partly Cloudy
2023-12-11,Cairo,Egypt,1.5,-4.1,0.0,71.6,Partly Cloudy
2023-12-12,New York,USA,-8.6,-20.0,0.7,61.6,Cloudy
2023-12-12,London,UK,-1.5,-8.5,0.0,99,Drizzle
2023-12-12,Tokyo,Japan,-6.1,-13.6,1.2,99,Overcast
2023-12-12,Sydney,Australia,33.4,23.3,0.9,92.2,Hazy
2023-12-12,Cairo,Egypt,3.8,-5.8,0.0,70.8,Sunny
2023-12-13,New York,USA,-14.5,-17.7,0.0,70.8,Sunny
2023-12-13,London,UK,0.5,-8.5,0.2,43.5,Partly Cloudy
2023-12-13,Tokyo,Japan,-3.2,-15.4,0.1,39.8,Sunny
2023-12-13,Sydney,Australia,31.9,19.3,0.2,36.6,Partly Cloudy
2023-12-13,Cairo,Egypt,5.4,-6.6,0.0,62.4,Drizzle
2023-12-14,New York,USA,-7.5,-14.9,0.1,77.9,Sunny
2023-12-14,London,UK,6.6,-7.9,0.4,57.8,Partly Cloudy
2023-12-14,Tokyo,Japan,-12.8,-18.6,0.6,87.7,Overcast
2023-12-14,Sydney,Australia,33.6,25.5,0.2,78.4,Hazy
2023-12-14,Cairo,Egypt,7.1,-0.2,0.0,34.9,Drizzle
2023-12-15,New York,USA,-10.4,-20.2,0.7,99,Cloudy
2023-12-15,London,UK,0.6,-9.5,3.7,93.7,Drizzle
2023-12-15,Tokyo,Japan,-12.7,-15.1,0.4,49.4,Drizzle
2023-12-15,Sydney,Australia,26.5,20.9,0.1,45.1,Light Rain
2023-12-15,Cairo,Egypt,1.7,-1.3,0.0,73.7,Partly Cloudy
2023-12-16,New York,USA,-11.7,-16.7,1.2,50.8,Partly Cloudy
2023-12-16,London,UK,1.2,-11.6,0.8,73.5,Snow
2023-12-16,Tokyo,Japan,-6.5,-15.6,0.3,85.8,Snow
2023-12-16,Sydney,Australia,34.3,25.6,1.9,39.2,Sunny
2023-12-16,Cairo,Egypt,3.9,-3.3,0.0,64.1,Cloudy
2023-12-17,New York,USA,-9.8,-20.1,0.6,82.4,Sunny
2023-12-17,London,UK,-1.6,-6.2,0.3,60.3,Cloudy
2023-12-17,Tokyo,Japan,-10.4,-12.4,0.7,75.1,Partly Cloudy
2023-12-17,Sydney,Australia,31.8,24.5,3.5,50.1,Sunny
2023-12-17,Cairo,Egypt,2.2,-1.4,0.0,83.7,Cloudy
2023-12-18,New York,USA,-10.8,-18.9,0.6,60.7,Snow
2023-12-18,London,UK,1.4,-7.5,5.8,59.7,Snowfall
2023-12-18,Tokyo,Japan,-7.7,-12.2,0.1,73.0,Snow
2023-12-18,Sydney,Australia,30.3,25.5,0.1,61.5,Partly Cloudy
2023-12-18,Cairo,Egypt,4.0,-4.9,0.1,32.1,Cloudy
2023-12-19,New York,USA,-11.2,-20.8,0.3,68.4,Partly Cloudy
2023-12-19,London,UK,5.3,-8.7,0.2,97.7,Cloudy
2023-12-19,Tokyo,Japan,-9.0,-16.4,0.0,54.2,Partly Cloudy
2023-12-19,Sydney,Australia,34.2,24.2,0.1,34.9,Hazy
2023-12-19,Cairo,Egypt,0.2,-1.8,0.0,73.8,Overcast
2023-12-20,New York,USA,-13.2,-20.2,0.2,39.6,Cloudy
2023-12-20,London,UK,0.6,-7.5,2.2,74.6,Drizzle
2023-12-20,Tokyo,Japan,-7.4,-18.3,0.0,86.1,Partly Cloudy
2023-12-20,Sydney,Australia,30.2,21.7,1.0,40.6,Hazy
2023-12-20,Cairo,Egypt,6.7,-2.9,0.0,33.1,Overcast
2023-12-21,New York,USA,-7.6,-22.4,0.0,80.5,Sunny
2023-12-21,London,UK,-1.8,-9.2,0.0,72.7,Partly Cloudy
2023-12-21,Tokyo,Japan,-4.2,-18.7,0.0,87.5,Drizzle
2023-12-21,Sydney,Australia,30.1,25.1,1.9,61.9,Sunny
2023-12-21,Cairo,Egypt,-2.1,-4.1,0.0,64.2,Partly Cloudy
2023-12-22,New York,USA,-10.0,-20.7,0.2,99,Snow
2023-12-22,London,UK,-0.4,-5.6,0.0,62.4,Overcast
2023-12-22,Tokyo,Japan,-5.7,-17.0,0.2,66.3,Drizzle
2023-12-22,Sydney,Australia,31.4,24.1,0.1,80.7,Sunny
2023-12-22,Cairo,Egypt,2.0,-4.0,0.5,72.1,Partly Cloudy
2023-12-23,New York,USA,-7.8,-22.4,3.1,43.9,Snow
2023-12-23,London,UK,-4.8,-7.6,0.1,39.8,Overcast
2023-12-23,Tokyo,Japan,-7.3,-16.9,0.0,45.1,Overcast
2023-12-23,Sydney,Australia,34.7,21.7,0.1,86.9,Sunny
2023-12-23,Cairo,Egypt,8.2,-6.5,0.0,79.2,Light Rain
2023-12-24,New York,USA,-12.8,-18.8,0.4,48.9,Snow
2023-12-24,London,UK,1.6,-9.3,13.5,41.1,Snowfall
2023-12-24,Tokyo,Japan,-5.1,-14.4,2.7,94.2,Cloudy
2023-12-24,Sydney,Australia,31.6,24.8,1.5,20,Hazy
2023-12-24,Cairo,Egypt,0.5,-2.8,0.2,68.2,Drizzle
2023-12-25,New York,USA,-10.3,-21.2,2.1,66.2,Partly Cloudy
2023-12-25,London,UK,-2.3,-7.0,0.3,34.1,Snow
2023-12-25,Tokyo,Japan,-3.6,-15.2,13.0,60.0,Snowfall
2023-12-25,Sydney,Australia,35.1,22.5,0.2,50.2,Sunny
2023-12-25,Cairo,Egypt,3.0,-4.2,0.0,84.8,Overcast
2023-12-26,New York,USA,-11.0,-20.4,0.8,59.3,Drizzle
2023-12-26,London,UK,0.7,-7.1,0.0,63.4,Partly Cloudy
2023-12-26,Tokyo,Japan,-9.2,-16.4,0.0,37.9,Overcast
2023-12-26,Sydney,Australia,33.6,22.4,0.6,27.8,Hazy
2023-12-26,Cairo,Egypt,0.2,-2.4,0.0,69.7,Sunny
2023-12-27,New York,USA,-6.6,-20.3,0.1,52.0,Overcast
2023-12-27,London,UK,0.6,-11.7,0.2,52.6,Overcast
2023-12-27,Tokyo,Japan,-6.6,-11.9,0.5,89.6,Partly Cloudy
2023-12-27,Sydney,Australia,29.4,24.3,0.0,46.4,Sunny
2023-12-27,Cairo,Egypt,-2.8,-4.8,0.0,64.6,Cloudy
2023-12-28,New York,USA,-12.0,-18.8,0.1,77.4,Drizzle
2023-12-28,London,UK,-3.1,-8.1,0.0,59.5,Overcast
2023-12-28,Tokyo,Japan,-6.9,-11.9,1.0,57.9,Drizzle
2023-12-28,Sydney,Australia,31.0,25.6,0.4,56.8,Sunny
2023-12-28,Cairo,Egypt,5.5,-5.6,0.0,59.3,Snow
2023-12-29,New York,USA,-8.3,-19.6,0.2,63.3,Drizzle
2023-12-29,London,UK,-3.9,-7.8,0.0,64.2,Partly Cloudy
2023-12-29,Tokyo,Japan,-8.9,-12.5,0.1,99,Drizzle
2023-12-29,Sydney,Australia,31.7,27.6,0.7,34.3,Sunny
2023-12-29,Cairo,Egypt,1.9,-3.9,0.1,52.6,Sunny
2023-12-30,New York,USA,-9.9,-20.8,1.5,96.6,Overcast
2023-12-30,London,UK,1.6,-8.2,0.0,66.9,Cloudy
2023-12-30,Tokyo,Japan,-4.7,-15.4,0.4,45.7,Partly Cloudy
2023-12-30,Sydney,Australia,34.2,23.3,0.4,47.4,Sunny
2023-12-30,Cairo,Egypt,7.2,-3.3,0.0,70.3,Cloudy
2023-12-31,New York,USA,-14.1,-17.5,0.4,69.3,Sunny
2023-12-31,London,UK,-1.6,-7.9,1.2,77.5,Cloudy
2023-12-31,Tokyo,Japan,-9.7,-19.0,0.0,81.1,Cloudy
2023-12-31,Sydney,Australia,31.7,25.5,0.0,69.1,Sunny
2023-12-31,Cairo,Egypt,4.8,-5.3,7.5,44.5,Snowfall
