date,ticker,open,high,low,close,volume
2020-01-02,AAPL,76.22,77.15,76.17,76.45,1671041
2020-01-03,AAPL,77.15,77.07,74.8,76.99,8206949
2020-01-06,AAPL,77.4,79.6,75.65,77.96,985486
2020-01-07,AAPL,80.2,80.45,77.79,78.51,7922622
2020-01-08,AAPL,79.79,79.71,77.46,79.12,5659507
2020-01-09,AAPL,79.26,79.9,78.48,79.12,1688403
2020-01-10,AAPL,78.04,79.42,76.92,77.91,8922865
2020-01-13,AAPL,80.65,81.03,79.14,79.83,11475537
2020-01-14,AAPL,82.25,83.32,78.68,81.79,3753838
2020-01-15,AAPL,82.89,84.97,81.26,83.4,3331629
2020-01-16,AAPL,83.44,84.75,80.44,82.96,1079867
2020-01-17,AAPL,83.98,85.89,83.36,84.49,12404567
2020-01-20,AAPL,85.06,86.77,85.15,85.33,3539990
2020-01-21,AAPL,87.85,88.53,87.08,87.8,1836383
2020-01-22,AAPL,88.0,89.44,87.43,87.83,20888206
2020-01-23,AAPL,85.98,88.58,84.36,87.1,1422892
2020-01-24,AAPL,88.77,88.92,88.18,88.48,5060540
2020-01-27,AAPL,85.84,85.75,84.19,85.4,2403224
2020-01-28,AAPL,85.33,87.44,83.18,85.75,8359686
2020-01-29,AAPL,82.96,84.53,82.44,83.77,2054166
2020-01-30,AAPL,84.46,87.71,83.54,84.13,1197898
2020-01-31,AAPL,86.57,87.76,85.91,86.62,5346821
2020-02-03,AAPL,86.15,86.07,85.25,85.79,22415828
2020-02-04,AAPL,86.48,87.22,86.57,86.58,1782942
2020-02-05,AAPL,84.93,85.71,83.75,84.7,5131068
2020-02-06,AAPL,86.22,88.24,84.99,86.66,3568426
2020-02-07,AAPL,87.44,87.35,86.17,87.29,23694174
2020-02-10,AAPL,87.19,87.98,85.43,87.18,1683138
2020-02-11,AAPL,86.99,89.63,86.76,87.53,2891639
2020-02-12,AAPL,86.2,86.64,84.69,85.94,4248150
2020-02-13,AAPL,86.11,86.2,81.71,85.17,4191262
2020-02-14,AAPL,84.57,85.45,82.81,84.15,4310917
2020-02-17,AAPL,87.17,88.02,85.56,86.06,1024606
2020-02-18,AAPL,84.77,85.3,84.86,85.1,3334150
2020-02-19,AAPL,87.49,89.03,83.17,86.76,6938049
2020-02-20,AAPL,83.67,85.7,83.49,84.88,3186841
2020-02-21,AAPL,82.08,83.19,82.16,82.77,4014676
2020-02-24,AAPL,82.61,82.53,81.56,82.43,1251351
2020-02-25,AAPL,80.7,82.33,78.58,80.99,5643960
2020-02-26,AAPL,79.48,80.74,78.06,79.65,6160485
2020-02-27,AAPL,78.4,82.92,76.51,78.52,513385
2020-02-28,AAPL,76.5,78.3,76.47,76.68,6549693
2020-03-02,AAPL,76.15,77.47,75.04,75.87,5902246
2020-03-03,AAPL,77.56,78.88,76.71,77.81,9424750
2020-03-04,AAPL,79.89,81.21,77.84,79.5,6703980
2020-03-05,AAPL,80.54,82.94,76.25,81.22,8047757
2020-03-06,AAPL,82.45,82.78,81.27,82.63,7857892
2020-03-09,AAPL,83.7,83.62,82.83,83.62,5115979
2020-03-10,AAPL,82.47,85.49,81.87,83.57,7475579
2020-03-11,AAPL,83.38,85.04,83.43,84.22,1866956
2020-03-12,AAPL,82.83,87.6,81.48,83.5,8313806
2020-03-13,AAPL,83.05,87.97,83.13,83.87,1355317
2020-03-16,AAPL,82.01,83.14,82.09,82.42,5034428
2020-03-17,AAPL,82.27,83.94,80.52,83.05,1531387
2020-03-18,AAPL,80.12,83.21,80.2,80.64,2144397
2020-03-19,AAPL,78.21,78.13,75.19,77.9,13724136
2020-03-20,AAPL,77.01,77.7,76.4,76.85,2870701
2020-03-23,AAPL,79.11,80.2,78.39,78.82,3997233
2020-03-24,AAPL,78.13,80.67,76.56,78.99,6478758
2020-03-25,AAPL,79.56,80.34,78.46,79.25,8289756
2020-03-26,AAPL,82.01,83.14,80.09,82.01,7656831
2020-03-27,AAPL,81.84,83.1,80.4,81.84,5633726
2020-03-30,AAPL,82.16,82.62,78.57,81.0,6637195
2020-03-31,AAPL,80.64,80.78,80.45,80.77,3902885
2020-04-01,AAPL,81.01,82.26,79.79,80.83,6359742
2020-04-02,AAPL,79.11,79.93,77.77,78.7,2688859
2020-04-03,AAPL,79.8,81.89,78.17,79.88,3020496
2020-04-06,AAPL,79.29,82.7,78.22,79.19,3464659
2020-04-07,AAPL,77.12,78.69,76.7,77.09,6631612
2020-04-08,AAPL,77.08,77.82,76.81,77.47,10371694
2020-04-09,AAPL,76.14,77.19,75.01,76.28,1238141
2020-04-10,AAPL,74.87,76.51,74.58,74.64,4168088
2020-04-13,AAPL,75.71,75.64,75.43,75.61,3575644
2020-04-14,AAPL,74.09,74.31,72.82,73.57,3833696
2020-04-15,AAPL,75.62,76.33,73.43,75.3,7426792
2020-04-16,AAPL,73.16,73.23,72.86,73.04,22108006
2020-04-17,AAPL,72.8,72.72,72.28,72.45,4482493
2020-04-20,AAPL,72.27,72.2,71.17,72.01,3512306
2020-04-21,AAPL,72.54,72.47,71.74,72.39,17894448
2020-04-22,AAPL,71.08,74.73,71.15,72.88,3105998
2020-04-23,AAPL,72.55,74.1,72.62,73.71,9473478
2020-04-24,AAPL,74.22,74.63,72.29,73.49,6973689
2020-04-27,AAPL,72.84,73.68,70.5,72.93,2448210
2020-04-28,AAPL,72.17,73.21,68.06,71.85,1857404
2020-04-29,AAPL,71.9,73.12,70.43,71.61,5623543
2020-04-30,AAPL,71.6,71.94,69.87,71.46,5931322
2020-05-01,AAPL,71.59,72.32,68.89,71.61,12848449
2020-05-04,AAPL,71.26,72.17,70.53,71.41,17920696
2020-05-05,AAPL,71.98,71.9,70.25,71.37,2190054
2020-05-06,AAPL,70.43,71.38,69.86,70.99,5714356
2020-05-07,AAPL,70.05,71.02,67.49,69.04,8291784
2020-05-08,AAPL,69.43,71.18,69.28,69.52,16187918
2020-05-11,AAPL,69.82,69.75,68.82,68.89,3949502
2020-05-12,AAPL,68.97,69.38,67.42,68.68,3870246
2020-05-13,AAPL,69.45,70.36,68.28,69.48,2797278
2020-05-14,AAPL,69.06,68.99,68.9,68.93,4613187
2020-05-15,AAPL,71.63,73.08,71.12,72.05,7271988
2020-05-18,AAPL,74.85,78.55,71.77,74.61,4980208
2020-05-19,AAPL,74.2,74.42,73.36,73.47,2111698
2020-05-20,AAPL,71.0,72.88,70.87,71.39,2525391
2020-05-21,AAPL,70.6,71.56,70.14,70.55,5711738
2020-05-22,AAPL,70.51,71.58,68.71,70.31,16353683
2020-05-25,AAPL,70.13,70.29,68.8,69.84,4030529
2020-05-26,AAPL,68.89,69.64,68.5,68.85,22304321
2020-05-27,AAPL,68.01,68.28,67.63,68.19,11919522
2020-05-28,AAPL,66.31,67.96,65.94,66.87,5103436
2020-05-29,AAPL,65.35,65.44,65.11,65.34,3854791
2020-06-01,AAPL,63.9,65.01,62.5,64.49,7764310
2020-06-02,AAPL,64.27,66.15,62.8,64.38,4725812
2020-06-03,AAPL,64.68,66.12,62.43,64.07,2185105
2020-06-04,AAPL,64.07,64.64,62.72,63.89,4303327
2020-06-05,AAPL,62.39,62.33,60.06,62.31,14442328
2020-06-08,AAPL,60.88,61.06,59.58,60.89,4440933
2020-06-09,AAPL,58.82,59.8,58.17,59.32,8810452
2020-06-10,AAPL,56.96,56.9,56.47,56.64,17647474
2020-06-11,AAPL,56.31,57.38,54.89,56.24,2525927
2020-06-12,AAPL,54.39,54.74,53.41,54.16,7756345
2020-06-15,AAPL,57.2,57.43,54.59,56.73,11665741
2020-06-16,AAPL,57.79,59.22,57.06,57.24,3516876
2020-06-17,AAPL,57.55,58.05,55.02,57.25,3060800
2020-06-18,AAPL,58.21,58.68,56.46,58.1,29006964
2020-06-19,AAPL,56.51,56.84,56.57,56.6,3656177
2020-06-22,AAPL,57.54,58.39,56.65,56.84,13505781
2020-06-23,AAPL,58.41,60.41,56.19,58.23,8126512
2020-06-24,AAPL,58.39,60.5,58.19,58.27,2491447
2020-06-25,AAPL,59.41,59.67,57.69,59.23,6758642
2020-06-26,AAPL,61.0,61.18,59.88,60.18,2106894
2020-06-29,AAPL,59.2,60.6,58.16,59.17,2107390
2020-06-30,AAPL,59.41,61.22,59.02,59.77,4313729
2020-07-01,AAPL,59.36,59.71,58.14,59.42,3745794
2020-07-02,AAPL,59.08,60.36,58.1,59.37,2999566
2020-07-03,AAPL,59.63,61.23,58.92,59.57,10301518
2020-07-06,AAPL,61.1,61.04,60.12,60.64,4732708
2020-07-07,AAPL,60.99,61.9,61.05,61.82,29760997
2020-07-08,AAPL,62.21,64.58,62.12,62.79,11480242
2020-07-09,AAPL,61.64,61.95,61.26,61.76,2069320
2020-07-10,AAPL,63.26,65.01,61.32,63.0,8951588
2020-07-13,AAPL,64.2,64.9,63.51,64.12,3831549
2020-07-14,AAPL,62.6,63.15,62.42,62.51,3292930
2020-07-15,AAPL,60.92,61.79,60.57,60.96,4738270
2020-07-16,AAPL,60.71,61.86,60.11,61.29,13831783
2020-07-17,AAPL,62.11,63.15,61.35,62.34,9046090
2020-07-20,AAPL,62.76,63.24,61.6,62.78,32920268
2020-07-21,AAPL,63.86,64.35,63.93,64.17,4032385
2020-07-22,AAPL,63.79,63.73,62.63,63.56,8849721
2020-07-23,AAPL,66.17,67.0,65.96,65.98,6311357
2020-07-24,AAPL,65.01,67.06,64.85,64.87,4167960
2020-07-27,AAPL,66.19,67.11,62.51,64.99,6402286
2020-07-28,AAPL,66.38,67.64,65.17,65.38,4245132
2020-07-29,AAPL,63.77,64.47,63.84,63.91,8686552
2020-07-30,AAPL,64.67,65.37,64.3,65.04,5584470
2020-07-31,AAPL,64.79,64.8,63.63,64.24,3159844
2020-08-03,AAPL,64.77,65.27,64.32,64.73,4071648
2020-08-04,AAPL,63.9,63.84,63.58,63.61,1749786
2020-08-05,AAPL,62.52,63.72,62.47,62.66,3263149
2020-08-06,AAPL,62.57,63.28,62.63,63.17,6752807
2020-08-07,AAPL,64.9,66.44,63.03,63.9,3068305
2020-08-10,AAPL,63.72,65.85,63.78,63.86,12376043
2020-08-11,AAPL,63.56,63.75,62.79,63.21,4382330
2020-08-12,AAPL,62.51,63.92,61.88,62.87,22344973
2020-08-13,AAPL,63.4,64.05,62.71,63.01,5961553
2020-08-14,AAPL,63.21,63.86,62.6,62.89,5676997
2020-08-17,AAPL,60.96,61.15,59.29,60.3,4725372
2020-08-18,AAPL,60.1,61.54,60.16,60.27,1681585
2020-08-19,AAPL,61.23,63.53,58.4,61.31,6132703
2020-08-20,AAPL,63.32,64.3,63.18,63.31,1299850
2020-08-21,AAPL,64.35,64.28,63.74,64.0,5389965
2020-08-24,AAPL,65.93,66.23,65.02,66.02,5050583
2020-08-25,AAPL,64.42,64.65,62.3,63.45,5225391
2020-08-26,AAPL,63.52,63.47,61.56,62.85,4641703
2020-08-27,AAPL,62.42,63.53,62.36,62.59,1696758
2020-08-28,AAPL,61.14,62.62,60.51,61.69,6731706
2020-08-31,AAPL,64.28,65.42,62.78,64.95,9194476
2020-09-01,AAPL,64.29,67.4,64.25,64.65,5942751
2020-09-02,AAPL,65.78,67.93,64.9,65.75,2658257
2020-09-03,AAPL,63.1,64.59,62.97,63.64,2709908
2020-09-04,AAPL,64.54,65.96,62.4,64.16,3955036
2020-09-07,AAPL,63.87,64.76,62.96,64.28,2606917
2020-09-08,AAPL,65.24,65.93,64.41,64.63,4053062
2020-09-09,AAPL,63.47,64.28,63.53,63.67,3434433
2020-09-10,AAPL,63.39,64.77,63.46,63.6,3945134
2020-09-11,AAPL,66.42,67.76,64.14,66.13,4037470
2020-09-14,AAPL,65.73,65.66,64.28,65.61,9267662
2020-09-15,AAPL,66.02,65.96,63.96,65.81,10074623
2020-09-16,AAPL,66.71,66.85,64.9,66.81,2688571
2020-09-17,AAPL,67.14,67.5,66.29,66.79,1411860
2020-09-18,AAPL,64.61,67.19,64.67,64.93,6717961
2020-09-21,AAPL,65.27,65.2,63.22,65.09,1511668
2020-09-22,AAPL,63.33,64.42,63.17,63.95,6017188
2020-09-23,AAPL,62.59,63.65,61.81,62.55,4072749
2020-09-24,AAPL,62.29,64.11,60.43,62.45,3587350
2020-09-25,AAPL,62.63,63.87,62.04,62.77,697541
2020-09-28,AAPL,62.35,63.44,61.82,63.05,6587798
2020-09-29,AAPL,63.22,63.67,62.11,62.81,3680363
2020-09-30,AAPL,61.38,62.5,59.03,61.61,11959510
2020-10-01,AAPL,63.99,65.46,64.05,64.72,22503529
2020-10-02,AAPL,65.25,66.1,65.13,65.51,7124128
2020-10-05,AAPL,64.4,65.88,63.42,64.49,7878741
2020-10-06,AAPL,65.16,65.77,65.23,65.26,6959264
2020-10-07,AAPL,63.69,65.33,63.56,64.36,4834984
2020-10-08,AAPL,64.19,65.13,63.91,64.88,3642156
2020-10-09,AAPL,65.45,66.73,64.94,65.26,8722082
2020-10-12,AAPL,65.57,65.82,65.6,65.67,3926034
2020-10-13,AAPL,66.47,69.39,66.54,66.63,5561833
2020-10-14,AAPL,64.87,66.06,64.93,65.45,1424003
2020-10-15,AAPL,63.57,65.13,62.95,63.93,4537256
2020-10-16,AAPL,63.52,65.16,63.59,64.21,8490012
2020-10-19,AAPL,63.37,63.41,62.96,63.15,7911641
2020-10-20,AAPL,64.52,64.46,63.31,64.24,2208746
2020-10-21,AAPL,62.82,63.77,62.58,63.58,20317847
2020-10-22,AAPL,63.39,64.07,63.11,63.16,4083419
2020-10-23,AAPL,61.78,63.02,60.91,62.0,4806136
2020-10-26,AAPL,64.74,65.85,64.13,64.48,3500575
2020-10-27,AAPL,64.56,66.91,63.45,65.47,4870486
2020-10-28,AAPL,63.95,65.4,63.65,64.36,4807905
2020-10-29,AAPL,63.4,63.99,61.77,63.74,2940434
2020-10-30,AAPL,63.84,65.64,63.9,64.1,5176588
2020-11-02,AAPL,63.96,65.5,62.49,64.0,21712242
2020-11-03,AAPL,63.62,63.57,61.53,63.27,6617507
2020-11-04,AAPL,63.83,63.77,63.36,63.55,1096307
2020-11-05,AAPL,62.41,64.91,61.76,62.73,10489276
2020-11-06,AAPL,63.38,65.63,62.29,63.63,5866637
2020-11-09,AAPL,64.16,64.83,61.99,64.69,6095678
2020-11-10,AAPL,64.96,65.63,65.02,65.02,2165140
2020-11-11,AAPL,64.23,65.59,63.57,64.03,3614491
2020-11-12,AAPL,65.31,65.78,63.68,64.77,6620536
2020-11-13,AAPL,66.58,67.83,66.65,66.8,15369633
2020-11-16,AAPL,67.92,68.86,66.18,67.87,9214459
2020-11-17,AAPL,70.12,71.19,66.55,69.3,12082617
2020-11-18,AAPL,68.82,69.85,68.24,68.9,573517
2020-11-19,AAPL,69.54,69.78,69.03,69.38,9511583
2020-11-20,AAPL,70.8,71.81,70.87,71.21,4493205
2020-11-23,AAPL,72.4,72.59,70.44,72.06,5246315
2020-11-24,AAPL,73.53,73.45,71.39,73.39,8325174
2020-11-25,AAPL,73.3,74.14,73.32,73.54,3857637
2020-11-26,AAPL,71.2,73.42,70.38,71.75,6490875
2020-11-27,AAPL,70.55,70.83,69.49,70.12,1046064
2020-11-30,AAPL,71.95,72.73,70.93,71.82,3498570
2020-12-01,AAPL,71.83,73.15,71.52,72.15,8220081
2020-12-02,AAPL,71.7,74.66,68.94,71.52,9569670
2020-12-03,AAPL,71.4,71.45,69.41,70.91,33054516
2020-12-04,AAPL,71.83,72.39,70.96,71.07,1752969
2020-12-07,AAPL,70.13,71.81,69.86,70.6,5399711
2020-12-08,AAPL,67.19,67.57,65.39,66.89,4109065
2020-12-09,AAPL,66.7,68.55,65.33,66.46,7588305
2020-12-10,AAPL,67.33,67.26,64.33,66.83,2813707
2020-12-11,AAPL,66.7,68.88,66.37,67.05,792332
2020-12-14,AAPL,67.07,68.13,66.62,67.18,5885733
2020-12-15,AAPL,66.39,67.9,66.23,66.32,4962463
2020-12-16,AAPL,64.41,64.35,64.04,64.1,7184438
2020-12-17,AAPL,65.32,65.71,63.71,65.06,7076781
2020-12-18,AAPL,64.48,64.74,64.24,64.71,26308068
2020-12-21,AAPL,66.31,67.66,63.82,66.3,481566
2020-12-22,AAPL,67.96,70.69,65.5,67.75,11734806
2020-12-23,AAPL,67.75,68.93,67.0,67.98,14205735
2020-12-24,AAPL,69.59,70.8,68.58,69.47,5114751
2020-12-25,AAPL,66.73,68.9,65.92,67.38,3762448
2020-12-28,AAPL,66.67,66.6,65.71,66.28,7717918
2020-12-29,AAPL,64.11,66.5,62.02,64.12,10105008
2020-12-30,AAPL,64.34,65.05,64.14,64.38,5847735
2020-12-31,AAPL,64.61,64.54,63.34,64.39,2614648
2021-01-01,AAPL,64.1,64.93,62.9,64.16,2529233
2021-01-04,AAPL,64.66,65.32,64.36,65.07,13625534
2021-01-05,AAPL,65.09,66.74,63.37,65.12,3504856
2021-01-06,AAPL,67.19,67.59,66.17,66.88,2086462
2021-01-07,AAPL,67.51,67.53,66.0,66.31,4520106
2021-01-08,AAPL,67.0,68.06,67.06,67.24,3555285
2021-01-11,AAPL,70.05,70.56,68.6,69.28,5989735
2021-01-12,AAPL,68.91,70.4,68.98,69.81,4304721
2021-01-13,AAPL,70.29,71.46,67.66,69.15,14960463
2021-01-14,AAPL,68.91,68.84,66.81,68.66,8209121
2021-01-15,AAPL,68.02,70.41,67.95,69.15,1258751
2021-01-18,AAPL,69.67,69.93,68.8,69.67,14297193
2021-01-19,AAPL,71.66,73.35,71.66,71.92,13961883
2021-01-20,AAPL,72.12,73.3,70.67,71.73,561798
2021-01-21,AAPL,72.17,73.03,70.46,71.57,7882067
2021-01-22,AAPL,68.92,68.91,68.34,68.89,3792358
2021-01-25,AAPL,69.16,69.3,67.5,67.52,5315073
2021-01-26,AAPL,66.23,67.44,63.95,66.11,3054539
2021-01-27,AAPL,65.86,66.64,64.1,65.75,1038924
2021-01-28,AAPL,64.49,64.88,63.9,64.67,2686827
2021-01-29,AAPL,64.24,66.33,64.31,64.82,470517
2021-02-01,AAPL,65.75,65.69,65.56,65.65,8323341
2021-02-02,AAPL,64.61,65.14,63.17,64.11,20478266
2021-02-03,AAPL,64.55,64.63,62.78,64.32,1415209
2021-02-04,AAPL,63.16,65.01,63.19,63.57,972564
2021-02-05,AAPL,63.92,64.45,62.86,64.0,8558773
2021-02-08,AAPL,63.39,64.42,61.59,63.51,3932408
2021-02-09,AAPL,62.07,62.62,62.13,62.54,19957741
2021-02-10,AAPL,61.1,62.87,61.07,61.52,7882489
2021-02-11,AAPL,61.1,61.67,61.16,61.61,5599460
2021-02-12,AAPL,60.37,62.7,59.54,60.8,1700649
2021-02-15,AAPL,60.96,61.03,60.06,60.63,19054101
2021-02-16,AAPL,60.58,61.58,59.77,60.56,7520372
2021-02-17,AAPL,61.19,62.83,59.86,61.04,4380515
2021-02-18,AAPL,59.44,60.28,58.45,59.09,7787730
2021-02-19,AAPL,59.22,60.55,59.25,59.34,2192920
2021-02-22,AAPL,60.39,60.34,57.5,59.9,13469306
2021-02-23,AAPL,61.98,62.63,62.04,62.4,8553938
2021-02-24,AAPL,62.32,62.26,60.55,62.1,3781819
2021-02-25,AAPL,63.14,64.16,62.95,63.48,2005621
2021-02-26,AAPL,62.25,62.65,62.14,62.23,6957330
2021-03-01,AAPL,61.96,63.42,60.84,62.96,4799101
2021-03-02,AAPL,63.08,64.63,62.57,63.31,6871143
2021-03-03,AAPL,62.7,63.41,62.43,62.57,4468992
2021-03-04,AAPL,64.03,64.75,62.35,63.43,943251
2021-03-05,AAPL,63.84,65.11,63.9,63.94,1870809
2021-03-08,AAPL,59.97,61.39,59.93,60.97,5697332
2021-03-09,AAPL,60.58,61.78,60.49,60.68,6121025
2021-03-10,AAPL,58.72,59.22,56.26,57.86,1266718
2021-03-11,AAPL,58.42,58.96,58.18,58.3,1515982
2021-03-12,AAPL,57.43,59.2,57.44,57.61,5942484
2021-03-15,AAPL,58.45,59.54,58.34,58.49,9741050
2021-03-16,AAPL,59.12,59.18,57.81,58.65,29966561
2021-03-17,AAPL,60.02,62.01,59.63,60.27,8213721
2021-03-18,AAPL,59.82,59.76,58.36,59.64,7570149
2021-03-19,AAPL,57.76,59.26,57.76,57.89,4772820
2021-03-22,AAPL,56.95,57.97,57.01,57.26,2932056
2021-03-23,AAPL,57.88,59.11,56.49,57.24,5857007
2021-03-24,AAPL,55.37,55.93,54.11,55.11,5184170
2021-03-25,AAPL,57.19,57.58,55.37,56.92,2732751
2021-03-26,AAPL,55.88,55.82,54.63,55.61,3936034
2021-03-29,AAPL,55.45,55.73,53.01,54.88,6940976
2021-03-30,AAPL,53.71,53.9,52.7,53.82,5567100
2021-03-31,AAPL,54.13,54.96,54.07,54.29,3021957
2021-04-01,AAPL,54.05,55.14,53.73,54.45,8043911
2021-04-02,AAPL,54.65,55.41,54.7,54.93,67919562
2021-04-05,AAPL,55.48,56.19,54.26,54.61,12198916
2021-04-06,AAPL,54.76,55.7,53.4,54.84,5619531
2021-04-07,AAPL,57.19,57.68,56.92,57.66,5982560
2021-04-08,AAPL,57.52,58.36,56.77,57.22,3587875
2021-04-09,AAPL,55.59,57.98,55.42,55.81,5158673
2021-04-12,AAPL,57.44,58.61,57.45,57.86,3749225
2021-04-13,AAPL,59.46,59.4,58.51,59.2,3040766
2021-04-14,AAPL,55.83,57.91,55.8,56.19,12717411
2021-04-15,AAPL,55.33,56.38,54.55,55.47,3593264
2021-04-16,AAPL,55.25,55.9,54.48,54.8,16653003
2021-04-19,AAPL,52.48,53.56,50.74,52.76,6566332
2021-04-20,AAPL,53.55,55.15,51.31,53.15,3269058
2021-04-21,AAPL,52.88,52.83,51.38,52.71,6685896
2021-04-22,AAPL,52.29,52.24,51.04,52.12,5361339
2021-04-23,AAPL,52.55,52.98,51.66,52.57,9172734
2021-04-26,AAPL,53.38,53.85,52.53,53.4,1652700
2021-04-27,AAPL,53.79,55.6,53.37,53.9,29567165
2021-04-28,AAPL,54.89,55.51,53.72,54.7,4846593
2021-04-29,AAPL,52.88,53.49,51.13,53.14,10602594
2021-04-30,AAPL,53.16,53.3,53.21,53.29,10607365
2021-05-03,AAPL,54.44,55.03,54.17,54.3,4407669
2021-05-04,AAPL,53.09,53.45,53.08,53.28,7541909
2021-05-05,AAPL,54.93,55.94,54.16,54.9,1329615
2021-05-06,AAPL,55.81,57.3,55.86,56.13,11603600
2021-05-07,AAPL,55.24,56.16,54.7,55.18,1935804
2021-05-10,AAPL,55.54,56.37,55.59,55.8,4431074
2021-05-11,AAPL,54.04,54.6,54.09,54.42,15325919
2021-05-12,AAPL,53.54,54.41,53.6,53.85,9807735
2021-05-13,AAPL,55.6,57.72,54.59,55.27,1782296
2021-05-14,AAPL,56.73,57.56,55.91,56.69,1424659
2021-05-17,AAPL,54.06,54.28,54.11,54.19,7199988
2021-05-18,AAPL,55.21,55.16,53.23,55.04,2761906
2021-05-19,AAPL,53.94,54.86,53.35,54.63,6755499
2021-05-20,AAPL,57.45,58.4,56.56,56.76,3832309
2021-05-21,AAPL,57.86,58.36,55.65,57.64,8239638
2021-05-24,AAPL,55.92,56.76,55.45,55.73,8471580
2021-05-25,AAPL,56.62,57.47,55.77,56.82,9986909
2021-05-26,AAPL,54.8,56.6,54.03,55.26,14147913
2021-05-27,AAPL,53.23,53.33,52.84,53.18,14487065
2021-05-28,AAPL,54.16,54.78,52.76,53.17,14502737
2021-05-31,AAPL,52.96,53.97,51.23,52.69,4644536
2021-06-01,AAPL,51.65,52.83,51.42,52.39,5848758
2021-06-02,AAPL,53.62,54.01,52.37,53.53,788235
2021-06-03,AAPL,53.67,54.01,52.99,53.2,5589942
2021-06-04,AAPL,53.6,53.79,52.18,53.42,1619467
2021-06-07,AAPL,52.28,54.88,52.33,52.34,4357904
2021-06-08,AAPL,49.97,51.2,50.02,50.65,27859474
2021-06-09,AAPL,49.52,49.95,48.61,49.43,10143341
2021-06-10,AAPL,49.38,50.88,49.43,49.62,4651824
2021-06-11,AAPL,49.73,49.68,48.82,49.63,12421758
2021-06-14,AAPL,49.11,49.68,48.5,49.37,27794677
2021-06-15,AAPL,49.0,49.2,48.66,48.82,9259454
2021-06-16,AAPL,49.67,49.68,48.32,49.14,6546240
2021-06-17,AAPL,49.76,50.65,49.05,49.99,10329996
2021-06-18,AAPL,48.62,49.42,47.48,48.91,1020965
2021-06-21,AAPL,48.07,48.82,47.63,48.33,8132911
2021-06-22,AAPL,48.64,49.3,47.96,48.38,8123959
2021-06-23,AAPL,46.88,48.04,45.23,46.93,5501753
2021-06-24,AAPL,47.12,48.0,46.76,46.88,12785241
2021-06-25,AAPL,46.7,47.57,46.75,47.35,1902081
2021-06-28,AAPL,46.36,47.53,46.41,46.48,36301626
2021-06-29,AAPL,45.94,47.47,45.36,46.2,12259875
2021-06-30,AAPL,46.74,46.7,46.45,46.66,2179897
2021-07-01,AAPL,47.09,49.77,47.07,47.27,2062792
2021-07-02,AAPL,46.35,47.46,45.72,46.71,5578557
2021-07-05,AAPL,46.18,46.92,44.67,46.23,12013538
2021-07-06,AAPL,47.4,47.35,45.74,47.1,12154006
2021-07-07,AAPL,47.08,48.59,47.13,47.34,7950376
2021-07-08,AAPL,48.24,49.24,47.52,47.87,3311540
2021-07-09,AAPL,48.87,50.36,47.82,48.85,21514005
2021-07-12,AAPL,48.83,50.38,48.66,49.09,12108680
2021-07-13,AAPL,50.31,51.13,48.1,50.46,5707320
2021-07-14,AAPL,51.37,52.18,50.43,51.16,23863751
2021-07-15,AAPL,50.66,51.52,49.55,50.82,4621758
2021-07-16,AAPL,51.13,52.28,50.23,50.89,1846523
2021-07-19,AAPL,51.77,51.93,49.61,51.57,2249158
2021-07-20,AAPL,52.11,52.69,52.16,52.2,5530653
2021-07-21,AAPL,51.12,51.19,50.28,51.09,6789675
2021-07-22,AAPL,51.4,51.73,49.87,51.52,5649652
2021-07-23,AAPL,52.49,53.25,51.56,51.91,8929184
2021-07-26,AAPL,52.81,54.73,52.87,52.92,6812731
2021-07-27,AAPL,53.69,53.82,53.54,53.54,3968864
2021-07-28,AAPL,53.0,53.36,52.48,52.87,3375751
2021-07-29,AAPL,52.35,54.01,51.91,52.55,12885626
2021-07-30,AAPL,52.94,52.93,52.32,52.71,26463934
2021-08-02,AAPL,53.0,53.93,52.69,53.25,20918718
2021-08-03,AAPL,53.29,53.49,53.05,53.45,1147538
2021-08-04,AAPL,52.65,53.28,51.92,52.51,16750836
2021-08-05,AAPL,52.9,55.19,52.75,53.08,1611900
2021-08-06,AAPL,52.66,53.62,52.5,53.12,6194499
2021-08-09,AAPL,53.31,53.48,52.39,52.81,13110510
2021-08-10,AAPL,52.67,53.16,52.44,52.52,2206207
2021-08-11,AAPL,51.68,53.16,51.69,51.89,8057656
2021-08-12,AAPL,52.73,52.68,51.85,52.52,11249120
2021-08-13,AAPL,52.1,53.34,52.04,52.42,4758038
2021-08-16,AAPL,53.01,53.78,51.54,52.65,2252269
2021-08-17,AAPL,54.3,55.57,53.13,53.68,9459014
2021-08-18,AAPL,54.73,56.57,54.0,55.29,7993364
2021-08-19,AAPL,55.75,55.69,55.27,55.41,5851961
2021-08-20,AAPL,55.74,56.94,55.0,56.09,8805601
2021-08-23,AAPL,55.74,55.69,55.59,55.69,7538887
2021-08-24,AAPL,56.14,57.65,54.5,56.48,816768
2021-08-25,AAPL,56.71,56.94,56.77,56.83,3277996
2021-08-26,AAPL,55.92,57.37,55.98,56.25,6435026
2021-08-27,AAPL,56.06,57.63,55.3,56.24,3337037
2021-08-30,AAPL,56.95,56.89,56.61,56.64,2636292
2021-08-31,AAPL,56.44,58.0,56.5,57.1,4492083
2021-09-01,AAPL,56.42,56.37,55.92,56.29,10744122
2021-09-02,AAPL,55.94,56.69,55.51,55.76,7933127
2021-09-03,AAPL,54.71,55.35,53.9,54.55,1428546
2021-09-06,AAPL,55.28,56.37,54.97,55.43,5195800
2021-09-07,AAPL,56.49,57.27,55.72,56.97,1860651
2021-09-08,AAPL,56.1,56.04,55.62,55.83,1544246
2021-09-09,AAPL,56.03,57.51,55.4,56.04,5764493
2021-09-10,AAPL,55.75,56.08,54.42,55.69,15570477
2021-09-13,AAPL,56.24,58.83,54.98,56.76,5951475
2021-09-14,AAPL,57.83,59.03,57.02,58.14,7694437
2021-09-15,AAPL,55.84,57.3,55.9,56.26,15979345
2021-09-16,AAPL,55.59,57.42,55.65,56.43,14897335
2021-09-17,AAPL,55.48,56.13,55.53,55.76,1206306
2021-09-20,AAPL,55.07,55.26,53.33,55.04,5221760
2021-09-21,AAPL,55.73,57.44,55.2,55.62,3914686
2021-09-22,AAPL,55.35,56.88,54.25,55.58,15326918
2021-09-23,AAPL,55.93,57.31,55.4,56.02,5850567
2021-09-24,AAPL,57.26,57.58,57.31,57.48,2536311
2021-09-27,AAPL,58.4,60.71,57.03,58.09,35908505
2021-09-28,AAPL,57.04,57.97,55.89,56.9,12970315
2021-09-29,AAPL,57.39,58.6,57.12,57.5,2982199
2021-09-30,AAPL,56.04,57.3,55.25,56.22,6751934
2021-10-01,AAPL,56.48,56.72,56.54,56.63,4961088
2021-10-04,AAPL,58.14,60.22,57.45,58.17,11085736
2021-10-05,AAPL,57.38,59.18,57.27,57.75,2284897
2021-10-06,AAPL,56.67,57.45,55.92,56.51,17934036
2021-10-07,AAPL,56.16,57.71,55.51,56.36,8750479
2021-10-08,AAPL,57.59,57.85,57.48,57.57,2026256
2021-10-11,AAPL,56.62,56.89,56.15,56.44,5124347
2021-10-12,AAPL,55.13,55.11,54.68,54.68,3606503
2021-10-13,AAPL,54.47,55.72,54.52,54.77,4836046
2021-10-14,AAPL,54.11,54.69,53.2,53.49,10079845
2021-10-15,AAPL,52.51,53.78,52.56,52.8,3076387
2021-10-18,AAPL,52.76,53.75,52.25,52.84,3605805
2021-10-19,AAPL,52.22,52.61,52.27,52.33,991970
2021-10-20,AAPL,52.73,53.18,52.38,52.45,2045431
2021-10-21,AAPL,52.67,53.07,51.68,52.8,3862128
2021-10-22,AAPL,54.38,55.8,53.79,54.53,789129
2021-10-25,AAPL,53.5,53.63,53.55,53.55,5315725
2021-10-26,AAPL,54.0,53.95,52.69,53.85,10044566
2021-10-27,AAPL,54.86,55.67,54.75,54.81,7348340
2021-10-28,AAPL,55.45,56.25,55.22,55.66,3202552
2021-10-29,AAPL,56.96,56.91,56.2,56.65,3194235
2021-11-01,AAPL,56.17,56.8,54.69,56.0,23428285
2021-11-02,AAPL,56.28,57.79,56.07,56.5,24152021
2021-11-03,AAPL,56.49,56.44,55.91,56.41,21558084
2021-11-04,AAPL,55.59,55.76,54.77,55.57,2589879
2021-11-05,AAPL,55.64,56.59,55.55,55.8,7868953
2021-11-08,AAPL,54.64,56.02,54.65,55.0,4148783
2021-11-09,AAPL,54.17,55.72,53.13,54.45,64518535
2021-11-10,AAPL,54.26,55.19,52.54,54.31,4620056
2021-11-11,AAPL,53.28,54.24,51.54,53.5,3791145
2021-11-12,AAPL,51.93,52.96,50.97,51.76,2390999
2021-11-15,AAPL,51.98,52.77,49.87,51.48,10171689
2021-11-16,AAPL,50.82,51.16,50.67,50.98,3073338
2021-11-17,AAPL,51.34,52.57,50.73,50.97,4809263
2021-11-18,AAPL,51.17,52.34,50.72,51.17,5968215
2021-11-19,AAPL,52.56,52.51,51.9,52.1,4572874
2021-11-22,AAPL,51.65,51.66,50.67,51.57,3527842
2021-11-23,AAPL,53.31,53.26,51.15,52.76,5704270
2021-11-24,AAPL,50.95,51.67,50.49,51.24,7545370
2021-11-25,AAPL,52.4,52.84,52.17,52.23,3192604
2021-11-26,AAPL,52.26,52.48,50.71,52.36,2483334
2021-11-29,AAPL,50.99,51.28,49.35,50.96,1544653
2021-11-30,AAPL,50.99,52.65,51.04,51.4,4456505
2021-12-01,AAPL,50.9,52.5,50.82,51.14,1070477
2021-12-02,AAPL,49.12,49.67,48.41,49.5,2051969
2021-12-03,AAPL,48.95,48.97,48.69,48.82,4470236
2021-12-06,AAPL,48.74,49.56,48.32,48.55,12334779
2021-12-07,AAPL,49.3,50.0,48.89,49.3,2999954
2021-12-08,AAPL,48.37,48.46,48.38,48.45,2578593
2021-12-09,AAPL,48.31,48.32,46.82,47.62,2871419
2021-12-10,AAPL,49.9,50.36,49.95,50.16,7141284
2021-12-13,AAPL,50.49,50.44,48.04,49.88,17055887
2021-12-14,AAPL,49.51,49.62,48.69,49.48,4085150
2021-12-15,AAPL,48.67,50.41,48.2,48.28,6060709
2021-12-16,AAPL,48.16,50.84,47.21,48.44,6789918
2021-12-17,AAPL,48.57,49.26,47.18,48.57,7304006
2021-12-20,AAPL,48.26,48.71,47.87,48.3,4879382
2021-12-21,AAPL,47.64,47.59,46.05,47.13,2720343
2021-12-22,AAPL,46.82,47.43,46.87,47.18,5609474
2021-12-23,AAPL,46.57,46.66,45.78,46.21,17579910
2021-12-24,AAPL,46.52,46.99,45.65,46.59,13010677
2021-12-27,AAPL,45.18,45.62,43.81,45.2,19915245
2021-12-28,AAPL,44.58,45.35,44.34,44.47,1304482
2021-12-29,AAPL,44.9,45.05,44.38,44.56,3815852
2021-12-30,AAPL,44.39,44.68,43.98,44.47,6873202
2021-12-31,AAPL,43.3,43.43,43.14,43.36,1285326
2022-01-03,AAPL,44.63,45.44,44.18,45.28,11777696
2022-01-04,AAPL,44.69,45.42,44.73,44.81,5808600
2022-01-05,AAPL,45.37,45.32,44.81,45.02,2454035
2022-01-06,AAPL,44.29,45.02,44.05,44.65,20091176
2022-01-07,AAPL,43.26,43.89,43.3,43.41,11184631
2022-01-10,AAPL,42.79,43.28,42.84,43.11,5094920
2022-01-11,AAPL,41.81,42.31,40.52,42.09,11187701
2022-01-12,AAPL,41.35,42.22,40.88,41.14,5526957
2022-01-13,AAPL,40.23,40.37,39.45,39.98,2048039
2022-01-14,AAPL,40.4,40.47,40.36,40.42,1644771
2022-01-17,AAPL,41.64,42.33,40.99,41.82,6270379
2022-01-18,AAPL,42.81,43.1,42.25,42.6,10198859
2022-01-19,AAPL,42.43,43.29,41.67,42.61,3284450
2022-01-20,AAPL,42.29,43.06,40.53,42.24,23380716
2022-01-21,AAPL,43.37,43.9,41.79,43.24,2387100
2022-01-24,AAPL,43.69,44.29,43.29,43.94,21761431
2022-01-25,AAPL,44.75,46.7,44.31,45.11,1381052
2022-01-26,AAPL,45.16,45.68,44.09,44.69,1163079
2022-01-27,AAPL,46.98,47.08,47.02,47.05,1857243
2022-01-28,AAPL,47.55,47.7,46.68,47.21,10533357
2022-01-31,AAPL,47.4,48.08,45.92,47.18,9996584
2022-02-01,AAPL,47.32,48.37,46.48,47.52,3087784
2022-02-02,AAPL,46.27,46.91,45.96,46.34,4147826
2022-02-03,AAPL,46.18,47.44,45.84,46.68,2487807
2022-02-04,AAPL,47.16,48.88,46.74,47.43,10686524
2022-02-07,AAPL,47.17,47.75,47.22,47.27,7720052
2022-02-08,AAPL,46.7,47.3,46.59,46.95,1666000
2022-02-09,AAPL,47.16,47.6,45.95,46.66,2090984
2022-02-10,AAPL,45.94,47.82,44.74,46.71,11206083
2022-02-11,AAPL,45.36,46.71,44.75,45.4,2349346
2022-02-14,AAPL,45.4,45.86,43.21,45.22,4032548
2022-02-15,AAPL,45.42,46.49,43.01,44.8,5205999
2022-02-16,AAPL,45.57,46.22,45.35,45.66,6679929
2022-02-17,AAPL,48.03,48.14,47.28,47.63,7402687
2022-02-18,AAPL,46.69,49.5,46.02,46.72,2224806
2022-02-21,AAPL,43.82,46.28,41.88,43.87,11082440
2022-02-22,AAPL,43.87,44.15,42.6,43.47,5461588
2022-02-23,AAPL,44.61,45.31,43.44,44.39,4317465
2022-02-24,AAPL,44.07,44.27,42.9,43.72,7109395
2022-02-25,AAPL,43.24,44.33,43.22,43.89,13405662
2022-02-28,AAPL,44.78,45.94,44.54,45.15,5874829
2022-03-01,AAPL,45.92,47.38,45.73,45.86,12403842
2022-03-02,AAPL,45.43,47.47,44.93,45.86,2776614
2022-03-03,AAPL,46.0,46.19,44.84,46.04,7266886
2022-03-04,AAPL,45.59,45.92,45.22,45.57,7790820
2022-03-07,AAPL,45.99,46.98,45.84,46.17,3728061
2022-03-08,AAPL,47.04,47.08,44.59,46.54,1569692
2022-03-09,AAPL,47.38,47.33,45.79,46.76,4022252
2022-03-10,AAPL,45.89,47.75,45.43,46.13,13148585
2022-03-11,AAPL,47.33,48.07,45.16,46.81,6185941
2022-03-14,AAPL,46.03,47.05,45.59,45.99,3081817
2022-03-15,AAPL,46.27,46.97,44.06,46.51,1781073
2022-03-16,AAPL,47.13,49.03,46.42,46.77,3514633
2022-03-17,AAPL,45.57,48.16,45.58,46.28,4341399
2022-03-18,AAPL,47.63,47.77,46.69,47.2,16486538
2022-03-21,AAPL,46.69,47.12,45.68,46.63,2515302
2022-03-22,AAPL,46.47,47.06,46.51,46.55,10836253
2022-03-23,AAPL,47.4,48.52,47.45,47.8,6004590
2022-03-24,AAPL,47.72,47.68,47.2,47.59,2907628
2022-03-25,AAPL,48.01,47.96,47.15,47.67,12169740
2022-03-28,AAPL,48.53,50.32,48.47,48.54,4967634
2022-03-29,AAPL,49.05,50.22,48.39,49.04,7463991
2022-03-30,AAPL,47.96,48.36,46.05,47.92,2202135
2022-03-31,AAPL,48.35,48.8,48.11,48.24,3923493
2022-04-01,AAPL,49.27,49.72,48.8,49.47,2089048
2022-04-04,AAPL,48.78,50.3,46.91,49.15,8535821
2022-04-05,AAPL,51.19,51.14,49.86,50.77,30846885
2022-04-06,AAPL,51.05,51.31,50.53,51.01,10430950
2022-04-07,AAPL,50.63,50.84,50.42,50.5,5222532
2022-04-08,AAPL,49.94,51.62,49.99,50.34,2590037
2022-04-11,AAPL,49.71,51.56,48.76,50.31,6827111
2022-04-12,AAPL,49.48,51.32,49.52,50.22,2981529
2022-04-13,AAPL,50.58,50.88,48.77,50.43,7542767
2022-04-14,AAPL,49.85,50.4,48.91,49.75,8522315
2022-04-15,AAPL,49.03,49.99,48.88,48.89,2719225
2022-04-18,AAPL,49.31,49.44,48.53,48.99,53563248
2022-04-19,AAPL,48.61,49.87,48.28,49.34,4734499
2022-04-20,AAPL,50.05,50.0,49.3,49.88,3789639
2022-04-21,AAPL,50.16,50.36,49.01,50.22,8664508
2022-04-22,AAPL,51.73,51.68,50.46,51.53,3511700
2022-04-25,AAPL,50.85,51.13,50.52,51.01,785716
2022-04-26,AAPL,51.27,51.61,49.18,50.87,1778945
2022-04-27,AAPL,50.87,51.64,50.12,50.54,1612248
2022-04-28,AAPL,51.51,53.22,50.72,51.22,4176956
2022-04-29,AAPL,50.85,51.75,50.9,50.95,1769764
2022-05-02,AAPL,51.43,51.68,51.21,51.32,634287
2022-05-03,AAPL,52.65,53.73,52.7,52.71,13353174
2022-05-04,AAPL,53.41,53.57,52.65,52.93,15608215
2022-05-05,AAPL,53.53,53.48,51.0,52.9,5477247
2022-05-06,AAPL,52.12,52.07,51.43,51.74,13316700
2022-05-09,AAPL,51.89,52.95,51.24,52.2,4198105
2022-05-10,AAPL,50.72,52.01,50.01,51.06,8006826
2022-05-11,AAPL,51.19,51.26,50.07,50.58,5540049
2022-05-12,AAPL,51.3,52.53,50.43,51.11,11684354
2022-05-13,AAPL,49.37,49.32,47.69,48.91,2967715
2022-05-16,AAPL,50.46,51.72,48.9,49.8,3127268
2022-05-17,AAPL,50.38,50.46,48.46,50.28,3160307
2022-05-18,AAPL,49.66,49.83,48.1,49.33,1483183
2022-05-19,AAPL,50.22,50.44,48.87,50.1,3111323
2022-05-20,AAPL,50.84,51.66,50.14,50.74,7985524
2022-05-23,AAPL,52.25,52.19,51.21,52.04,1285917
2022-05-24,AAPL,51.82,53.53,51.73,51.98,6079301
2022-05-25,AAPL,53.3,53.54,52.55,52.92,7677050
2022-05-26,AAPL,51.96,52.49,50.81,51.47,2316863
2022-05-27,AAPL,52.24,53.35,52.29,52.35,14151751
2022-05-30,AAPL,51.34,51.86,50.83,51.62,1313869
2022-05-31,AAPL,50.51,52.68,49.34,50.74,6697094
2022-06-01,AAPL,48.86,49.09,48.77,48.97,3977975
2022-06-02,AAPL,48.21,49.01,47.19,48.0,3095525
2022-06-03,AAPL,48.5,49.69,48.31,48.79,4262257
2022-06-06,AAPL,49.21,49.52,47.83,49.17,2801253
2022-06-07,AAPL,49.5,51.62,48.72,49.86,23973893
2022-06-08,AAPL,48.64,49.25,48.58,48.97,2598904
2022-06-09,AAPL,49.89,50.17,49.94,50.12,5572553
2022-06-10,AAPL,51.55,51.5,50.37,51.24,9742448
2022-06-13,AAPL,52.79,53.6,52.1,52.32,5428408
2022-06-14,AAPL,51.91,53.82,51.66,52.42,8650964
2022-06-15,AAPL,51.01,51.93,50.3,51.28,1461798
2022-06-16,AAPL,52.72,53.12,51.95,52.4,12666867
2022-06-17,AAPL,53.02,54.56,52.51,53.21,8485532
2022-06-20,AAPL,52.11,53.31,51.07,52.36,1683985
2022-06-21,AAPL,53.67,53.75,53.27,53.55,8415862
2022-06-22,AAPL,53.59,53.54,52.93,53.0,24408783
2022-06-23,AAPL,53.13,54.42,52.53,52.95,8306935
2022-06-24,AAPL,53.76,54.65,50.68,53.52,9028157
2022-06-27,AAPL,52.34,53.46,52.39,52.48,9817264
2022-06-28,AAPL,53.15,53.54,53.13,53.27,4550088
2022-06-29,AAPL,50.82,51.3,50.34,50.96,7556133
2022-06-30,AAPL,51.04,52.09,50.18,50.91,9676407
2022-07-01,AAPL,50.44,51.57,50.08,50.49,5343616
2022-07-04,AAPL,51.03,52.38,50.83,51.28,1015034
2022-07-05,AAPL,51.43,52.57,49.88,51.29,1697953
2022-07-06,AAPL,50.38,52.66,50.14,51.49,3868494
2022-07-07,AAPL,51.02,52.01,51.07,51.18,1117430
2022-07-08,AAPL,51.65,52.19,51.36,51.77,6294447
2022-07-11,AAPL,51.71,53.36,51.74,51.94,2597920
2022-07-12,AAPL,51.79,52.97,50.64,51.6,11056711
2022-07-13,AAPL,51.54,52.49,51.59,51.74,1872239
2022-07-14,AAPL,52.33,52.58,52.32,52.56,2542277
2022-07-15,AAPL,52.21,52.69,51.3,52.32,5956254
2022-07-18,AAPL,51.69,51.93,51.3,51.66,20314269
2022-07-19,AAPL,52.85,53.0,52.84,52.86,1766149
2022-07-20,AAPL,53.46,54.17,53.37,53.44,17349965
2022-07-21,AAPL,52.18,52.62,52.23,52.48,2333358
2022-07-22,AAPL,51.27,52.4,51.32,51.41,3602235
2022-07-25,AAPL,54.36,55.87,54.08,54.68,10425524
2022-07-26,AAPL,55.96,57.18,55.51,55.69,49937206
2022-07-27,AAPL,55.4,56.02,54.89,55.27,8282605
2022-07-28,AAPL,56.28,56.93,56.07,56.18,2779439
2022-07-29,AAPL,56.64,58.12,53.87,56.64,1831165
2022-08-01,AAPL,55.97,57.24,55.2,55.81,7785050
2022-08-02,AAPL,57.72,58.69,56.13,57.88,3368728
2022-08-03,AAPL,57.94,59.08,55.46,57.82,6196307
2022-08-04,AAPL,57.07,57.92,56.18,57.77,8142281
2022-08-05,AAPL,56.57,57.56,54.45,56.26,1352673
2022-08-08,AAPL,56.34,56.28,55.75,56.03,29033928
2022-08-09,AAPL,55.16,55.95,55.11,55.65,1390313
2022-08-10,AAPL,56.48,57.09,55.8,56.2,5693204
2022-08-11,AAPL,56.82,58.11,56.2,56.64,10052608
2022-08-12,AAPL,55.98,57.95,56.04,56.35,2750746
2022-08-15,AAPL,56.52,57.41,56.21,56.26,9592752
2022-08-16,AAPL,56.43,57.44,54.33,56.01,3126801
2022-08-17,AAPL,55.33,55.67,52.56,55.43,16418616
2022-08-18,AAPL,56.87,56.84,55.27,56.74,2676846
2022-08-19,AAPL,58.13,60.13,57.48,58.12,3949664
2022-08-22,AAPL,57.86,59.69,57.24,58.17,5313960
2022-08-23,AAPL,59.68,59.79,58.8,59.54,4175494
2022-08-24,AAPL,57.8,58.88,57.36,57.99,2500642
2022-08-25,AAPL,59.02,59.27,57.43,58.14,1219900
2022-08-26,AAPL,59.78,59.72,58.99,59.32,2469976
2022-08-29,AAPL,58.92,58.86,58.12,58.67,3961977
2022-08-30,AAPL,58.23,58.29,56.98,57.92,3130348
2022-08-31,AAPL,58.8,59.05,57.07,58.15,6354497
2022-09-01,AAPL,58.23,59.47,56.17,58.35,2387644
2022-09-02,AAPL,58.32,58.27,56.21,58.22,2712083
2022-09-05,AAPL,58.39,61.22,56.4,58.72,12783981
2022-09-06,AAPL,61.95,63.15,62.01,62.16,4225234
2022-09-07,AAPL,63.21,64.6,61.75,62.89,7816163
2022-09-08,AAPL,64.34,64.28,62.87,63.18,2119207
2022-09-09,AAPL,61.75,62.49,60.53,61.82,940614
2022-09-12,AAPL,62.31,65.04,61.54,62.84,2999788
2022-09-13,AAPL,61.83,62.12,61.89,61.93,7191690
2022-09-14,AAPL,62.17,64.19,61.69,62.46,16977827
2022-09-15,AAPL,63.63,64.09,62.36,63.48,4758159
2022-09-16,AAPL,61.91,63.66,61.97,62.4,7730803
2022-09-19,AAPL,61.1,62.97,60.58,61.71,15445278
2022-09-20,AAPL,61.51,62.87,60.74,61.85,4470820
2022-09-21,AAPL,61.01,61.93,58.85,61.02,4581197
2022-09-22,AAPL,62.35,64.46,61.14,62.22,10856412
2022-09-23,AAPL,65.16,65.09,63.78,64.74,1973670
2022-09-26,AAPL,66.3,69.0,65.49,66.16,2676503
2022-09-27,AAPL,66.69,67.41,66.46,66.72,3486052
2022-09-28,AAPL,68.5,68.71,66.25,68.1,13018450
2022-09-29,AAPL,66.56,68.74,66.05,67.3,4723479
2022-09-30,AAPL,65.98,66.11,64.26,65.81,10997015
2022-10-03,AAPL,66.39,66.96,65.38,66.09,8725247
2022-10-04,AAPL,65.29,68.52,64.95,65.49,5305329
2022-10-05,AAPL,65.94,68.2,64.6,66.44,2953482
2022-10-06,AAPL,68.3,68.24,67.02,68.17,1255760
2022-10-07,AAPL,66.9,69.45,65.64,66.46,5685991
2022-10-10,AAPL,65.09,66.73,63.28,65.89,15677371
2022-10-11,AAPL,65.79,68.36,65.26,65.58,4851979
2022-10-12,AAPL,65.48,65.93,63.68,65.38,2751696
2022-10-13,AAPL,65.23,66.15,64.16,64.66,26230859
2022-10-14,AAPL,64.3,65.38,63.82,64.9,3762448
2022-10-17,AAPL,64.05,64.68,62.13,63.8,3047900
2022-10-18,AAPL,62.84,63.32,61.72,62.8,3109220
2022-10-19,AAPL,61.6,62.41,60.63,62.1,4062055
2022-10-20,AAPL,62.69,64.8,61.61,63.15,2443685
2022-10-21,AAPL,63.12,63.05,61.51,62.67,5268189
2022-10-24,AAPL,64.24,64.86,64.1,64.2,6498639
2022-10-25,AAPL,64.43,66.1,62.4,64.88,2835524
2022-10-26,AAPL,65.11,66.35,64.16,65.41,7644055
2022-10-27,AAPL,66.33,66.35,65.1,65.65,6193063
2022-10-28,AAPL,66.15,66.08,64.05,65.21,6134707
2022-10-31,AAPL,65.28,66.84,63.76,65.4,3470304
2022-11-01,AAPL,63.38,64.96,63.3,64.59,10037602
2022-11-02,AAPL,64.93,64.86,64.54,64.63,2030628
2022-11-03,AAPL,64.45,65.37,63.21,64.3,2085605
2022-11-04,AAPL,64.49,64.42,63.46,64.05,12364146
2022-11-07,AAPL,65.51,65.58,63.69,64.65,8796423
2022-11-08,AAPL,64.24,65.43,63.23,64.34,2837370
2022-11-09,AAPL,64.56,66.05,61.67,63.99,2768048
2022-11-10,AAPL,61.33,61.86,61.39,61.81,26094433
2022-11-11,AAPL,61.76,63.24,59.02,61.25,1809810
2022-11-14,AAPL,61.57,61.67,57.89,61.08,14456049
2022-11-15,AAPL,61.53,62.49,61.59,61.61,944478
2022-11-16,AAPL,62.27,62.21,60.48,61.29,3234760
2022-11-17,AAPL,61.57,61.67,60.3,61.53,8571873
2022-11-18,AAPL,59.24,59.61,58.23,59.14,1367308
2022-11-21,AAPL,58.47,58.95,58.44,58.56,2416704
2022-11-22,AAPL,56.99,59.04,57.05,57.33,5036289
2022-11-23,AAPL,58.05,59.87,56.46,58.17,4457033
2022-11-24,AAPL,59.42,60.42,57.24,58.89,15743162
2022-11-25,AAPL,57.7,57.92,57.75,57.82,4535788
2022-11-28,AAPL,56.94,56.88,56.44,56.85,1611254
2022-11-29,AAPL,55.83,56.8,55.89,56.03,9153578
2022-11-30,AAPL,53.93,55.19,51.78,53.58,12962832
2022-12-01,AAPL,54.79,55.29,54.67,55.16,5504614
2022-12-02,AAPL,54.95,56.71,55.0,55.99,2447097
2022-12-05,AAPL,55.91,56.94,55.67,56.27,2643683
2022-12-06,AAPL,54.35,54.55,54.4,54.54,29280308
2022-12-07,AAPL,54.62,55.85,54.23,55.51,2058645
2022-12-08,AAPL,57.37,57.31,56.14,56.45,12338504
2022-12-09,AAPL,56.94,57.28,56.41,57.17,2437418
2022-12-12,AAPL,57.27,58.92,56.08,57.33,4680604
2022-12-13,AAPL,55.91,56.13,54.25,56.11,5291286
2022-12-14,AAPL,56.31,59.71,56.06,56.46,3139627
2022-12-15,AAPL,56.4,56.34,55.55,56.24,2225120
2022-12-16,AAPL,55.72,56.86,55.77,55.89,4856820
2022-12-19,AAPL,54.71,55.09,54.25,54.81,2185192
2022-12-20,AAPL,53.4,54.56,53.24,54.02,3648200
2022-12-21,AAPL,53.96,53.91,52.39,53.62,8167951
2022-12-22,AAPL,53.52,53.67,50.18,52.98,4398822
2022-12-23,AAPL,53.22,53.79,52.9,53.06,35802837
2022-12-26,AAPL,53.55,53.98,53.3,53.57,7274344
2022-12-27,AAPL,52.64,52.68,51.47,52.58,1915733
2022-12-28,AAPL,52.11,52.22,50.92,51.85,6953927
2022-12-29,AAPL,49.94,50.17,49.85,50.14,1626882
2022-12-30,AAPL,50.35,50.62,50.17,50.56,3160581
2023-01-02,AAPL,48.43,49.83,47.43,49.09,10153163
2023-01-03,AAPL,48.33,48.92,47.49,48.52,4289459
2023-01-04,AAPL,50.09,50.92,49.31,50.1,6931968
2023-01-05,AAPL,49.48,49.9,48.15,49.54,8649468
2023-01-06,AAPL,49.21,49.61,48.39,48.81,17509193
2023-01-09,AAPL,49.02,49.82,48.44,49.54,2348532
2023-01-10,AAPL,48.83,49.08,48.88,48.92,11136933
2023-01-11,AAPL,49.73,51.89,49.06,50.28,3192463
2023-01-12,AAPL,51.39,52.36,51.05,51.11,9031590
2023-01-13,AAPL,48.59,48.54,46.53,48.28,2849324
2023-01-16,AAPL,50.29,50.24,49.73,49.94,6148462
2023-01-17,AAPL,49.98,51.32,47.82,49.71,3475121
2023-01-18,AAPL,51.61,52.91,50.79,51.96,12027295
2023-01-19,AAPL,53.55,54.66,52.92,53.03,5001939
2023-01-20,AAPL,52.17,53.53,52.22,52.41,4973302
2023-01-23,AAPL,51.77,52.07,50.39,51.1,26745325
2023-01-24,AAPL,51.24,53.32,50.97,51.06,2911255
2023-01-25,AAPL,49.68,50.54,48.44,49.52,6809274
2023-01-26,AAPL,48.86,48.86,48.55,48.56,7890805
2023-01-27,AAPL,47.93,47.88,47.29,47.75,25633920
2023-01-30,AAPL,49.48,50.44,49.4,49.74,3225615
2023-01-31,AAPL,48.75,51.08,48.71,49.17,2613239
2023-02-01,AAPL,51.26,51.76,49.68,51.64,8254974
2023-02-02,AAPL,52.19,52.51,51.26,52.06,16687235
2023-02-03,AAPL,52.63,53.07,50.8,52.3,4787904
2023-02-06,AAPL,53.58,53.56,51.17,53.16,2602006
2023-02-07,AAPL,53.49,53.56,51.76,53.18,5510931
2023-02-08,AAPL,52.47,54.25,52.27,52.67,4026997
2023-02-09,AAPL,53.45,53.4,52.94,53.39,2453879
2023-02-10,AAPL,52.88,54.72,52.74,53.05,6222985
2023-02-13,AAPL,53.98,54.55,53.75,54.13,1662528
2023-02-14,AAPL,54.0,54.53,52.96,53.8,3953862
2023-02-15,AAPL,54.54,55.68,54.31,54.53,6150111
2023-02-16,AAPL,54.72,55.08,53.86,54.64,7498584
2023-02-17,AAPL,56.74,58.42,55.6,56.26,12149873
2023-02-20,AAPL,56.17,57.14,54.58,56.43,1410535
2023-02-21,AAPL,55.94,56.41,55.46,55.65,25456043
2023-02-22,AAPL,55.86,56.57,55.89,55.96,4571910
2023-02-23,AAPL,54.94,55.44,53.7,54.7,4182731
2023-02-24,AAPL,53.86,54.67,53.63,53.95,5430149
2023-02-27,AAPL,55.51,55.56,54.2,55.06,16358610
2023-02-28,AAPL,54.66,56.46,53.42,54.64,6555471
2023-03-01,AAPL,55.16,55.12,54.66,54.93,4926197
2023-03-02,AAPL,54.22,54.63,54.27,54.55,3097552
2023-03-03,AAPL,55.76,55.98,54.97,55.82,3574148
2023-03-06,AAPL,55.69,57.03,55.38,56.55,5210742
2023-03-07,AAPL,57.56,59.03,54.85,57.5,13462013
2023-03-08,AAPL,56.93,57.68,56.67,56.8,2200218
2023-03-09,AAPL,58.1,58.53,55.76,57.48,4937857
2023-03-10,AAPL,59.01,59.05,58.42,58.95,7123942
2023-03-13,AAPL,59.23,59.17,58.12,58.57,34560751
2023-03-14,AAPL,57.81,57.76,56.25,57.14,2497530
2023-03-15,AAPL,58.61,58.55,57.34,58.0,2184282
2023-03-16,AAPL,58.63,58.76,58.41,58.53,4148382
2023-03-17,AAPL,57.31,57.26,56.87,57.06,3914174
2023-03-20,AAPL,55.7,57.09,52.1,56.27,8905047
2023-03-21,AAPL,56.69,58.55,55.46,56.86,2360041
2023-03-22,AAPL,57.08,58.87,56.85,57.03,2597588
2023-03-23,AAPL,55.76,56.7,55.24,55.82,1245322
2023-03-24,AAPL,55.34,58.03,54.49,55.67,4036658
2023-03-27,AAPL,55.39,55.77,54.28,55.25,2257821
2023-03-28,AAPL,56.44,56.84,55.78,56.24,6093201
2023-03-29,AAPL,52.99,53.74,52.86,53.51,5559799
2023-03-30,AAPL,54.91,55.14,52.93,54.56,7177961
2023-03-31,AAPL,54.4,55.71,53.44,54.62,16223243
2023-04-03,AAPL,53.75,53.69,52.04,53.62,9733122
2023-04-04,AAPL,52.27,53.07,50.59,52.21,3939983
2023-04-05,AAPL,52.73,52.67,51.09,52.42,1981710
2023-04-06,AAPL,52.19,53.61,52.2,52.53,3251942
2023-04-07,AAPL,52.97,53.44,52.85,53.35,1675253
2023-04-10,AAPL,55.0,55.02,53.87,54.89,11655510
2023-04-11,AAPL,54.28,55.68,54.26,54.81,17108107
2023-04-12,AAPL,55.7,55.64,54.65,55.34,6964719
2023-04-13,AAPL,56.85,56.8,56.11,56.59,5298255
2023-04-14,AAPL,56.83,57.33,56.26,56.73,4321333
2023-04-17,AAPL,58.16,58.1,57.92,57.96,10514680
2023-04-18,AAPL,57.38,58.2,57.09,57.76,3974824
2023-04-19,AAPL,56.28,57.1,55.99,56.28,3767904
2023-04-20,AAPL,55.46,58.38,54.18,55.94,3379474
2023-04-21,AAPL,57.28,57.56,56.58,57.39,31354958
2023-04-24,AAPL,58.2,59.62,57.85,58.58,4504525
2023-04-25,AAPL,58.65,59.68,57.24,58.46,7325243
2023-04-26,AAPL,60.12,61.51,60.18,60.45,3862929
2023-04-27,AAPL,62.49,62.7,61.24,62.09,1363803
2023-04-28,AAPL,63.56,64.02,62.99,63.31,4746976
2023-05-01,AAPL,65.26,65.2,64.55,64.7,1810026
2023-05-02,AAPL,65.86,68.07,63.62,65.88,3888782
2023-05-03,AAPL,66.31,67.77,62.21,66.18,27241776
2023-05-04,AAPL,65.85,68.03,64.49,66.44,18274510
2023-05-05,AAPL,66.53,67.08,64.7,66.83,14471121
2023-05-08,AAPL,68.2,69.2,67.44,68.21,2585106
2023-05-09,AAPL,66.33,68.51,66.39,66.95,4915467
2023-05-10,AAPL,67.46,68.71,67.43,67.7,11970716
2023-05-11,AAPL,68.4,68.35,67.39,67.59,3649753
2023-05-12,AAPL,67.55,69.86,65.51,67.72,2095122
2023-05-15,AAPL,70.02,71.61,68.68,70.21,3548679
2023-05-16,AAPL,70.16,71.52,68.87,69.96,2763412
2023-05-17,AAPL,69.1,69.35,65.96,68.83,1621668
2023-05-18,AAPL,71.68,73.13,71.75,72.6,15279805
2023-05-19,AAPL,73.65,75.73,72.72,74.29,3385748
2023-05-22,AAPL,75.58,78.51,75.16,75.79,3452964
2023-05-23,AAPL,76.97,78.73,76.24,77.4,1617308
2023-05-24,AAPL,75.83,77.99,75.55,75.99,5439339
2023-05-25,AAPL,75.4,78.37,73.73,75.49,2236480
2023-05-26,AAPL,74.98,76.27,74.87,75.07,16019320
2023-05-29,AAPL,75.56,77.67,74.51,75.0,5136888
2023-05-30,AAPL,75.66,76.61,74.94,75.68,4241387
2023-05-31,AAPL,77.18,77.11,76.85,77.06,7402874
2023-06-01,AAPL,78.8,80.01,78.55,79.16,2185976
2023-06-02,AAPL,80.47,81.83,79.08,80.02,7197540
2023-06-05,AAPL,78.75,79.22,78.83,79.12,2148579
2023-06-06,AAPL,78.78,78.98,77.94,78.64,3270206
2023-06-07,AAPL,77.68,79.39,75.66,78.05,17075518
2023-06-08,AAPL,73.67,78.55,73.66,74.94,8626535
2023-06-09,AAPL,75.96,77.35,74.32,75.9,18707193
2023-06-12,AAPL,73.87,74.22,73.49,73.83,1718470
2023-06-13,AAPL,74.31,74.86,74.12,74.53,3886442
2023-06-14,AAPL,74.08,74.01,73.45,73.91,913741
2023-06-15,AAPL,74.43,74.66,72.66,73.59,4816336
2023-06-16,AAPL,72.91,72.83,70.6,72.47,8478452
2023-06-19,AAPL,73.58,75.32,73.66,73.81,851465
2023-06-20,AAPL,75.16,76.62,74.55,75.55,11478266
2023-06-21,AAPL,77.86,78.32,76.59,77.7,2541207
2023-06-22,AAPL,79.6,80.18,79.68,79.85,8748749
2023-06-23,AAPL,82.96,85.23,80.68,83.24,18573395
2023-06-26,AAPL,83.43,85.19,81.03,83.32,15984316
2023-06-27,AAPL,82.19,84.3,81.8,83.24,5633406
2023-06-28,AAPL,81.6,82.27,80.45,81.98,12323840
2023-06-29,AAPL,82.1,82.52,80.71,82.21,5417700
2023-06-30,AAPL,84.67,85.84,81.19,83.39,6487710
2023-07-03,AAPL,84.05,84.69,84.14,84.44,10342863
2023-07-04,AAPL,87.94,89.06,86.62,87.79,5952466
2023-07-05,AAPL,85.77,86.03,84.71,85.93,2862015
2023-07-06,AAPL,85.3,86.53,83.96,86.38,5703411
2023-07-07,AAPL,87.26,89.03,85.16,86.66,3086910
2023-07-10,AAPL,84.01,83.93,82.69,83.92,2735048
2023-07-11,AAPL,87.9,89.21,87.51,87.97,8060847
2023-07-12,AAPL,88.1,88.86,87.17,88.35,1717814
2023-07-13,AAPL,91.81,91.72,90.94,91.71,3495697
2023-07-14,AAPL,91.39,91.29,88.9,91.15,26030608
2023-07-17,AAPL,94.98,94.88,94.34,94.85,1987782
2023-07-18,AAPL,94.25,95.52,92.87,94.41,21993962
2023-07-19,AAPL,94.86,94.76,93.7,94.75,8475149
2023-07-20,AAPL,93.55,94.73,92.43,94.27,8192299
2023-07-21,AAPL,96.5,96.94,91.72,95.15,3267038
2023-07-24,AAPL,90.81,94.86,90.77,92.67,2206442
2023-07-25,AAPL,92.63,93.08,92.72,92.85,11722996
2023-07-26,AAPL,93.2,97.17,91.83,94.11,4836662
2023-07-27,AAPL,93.94,94.17,91.52,94.04,2388268
2023-07-28,AAPL,93.15,93.05,92.05,93.05,9066666
2023-07-31,AAPL,94.09,96.32,94.18,94.21,654604
2023-08-01,AAPL,98.15,99.8,97.95,99.08,41707687
2023-08-02,AAPL,100.2,101.2,99.89,101.18,10244959
2023-08-03,AAPL,103.03,104.02,100.69,102.38,4937489
2023-08-04,AAPL,106.02,106.36,101.23,105.5,5336078
2023-08-07,AAPL,103.24,105.33,101.61,104.22,10196279
2023-08-08,AAPL,103.85,104.6,103.65,103.98,4543711
2023-08-09,AAPL,104.93,109.89,104.63,105.44,2073385
2023-08-10,AAPL,107.32,110.67,105.91,107.39,1155115
2023-08-11,AAPL,106.8,107.0,105.68,106.66,1081755
2023-08-14,AAPL,106.09,108.81,102.22,105.55,4505445
2023-08-15,AAPL,105.61,106.49,105.07,106.27,6571959
2023-08-16,AAPL,108.09,111.45,107.12,108.73,4588473
2023-08-17,AAPL,107.15,108.8,106.36,108.15,1299416
2023-08-18,AAPL,107.52,107.93,104.23,107.43,11134909
2023-08-21,AAPL,108.36,109.01,106.49,108.41,4674434
2023-08-22,AAPL,109.07,109.98,107.92,108.95,6345164
2023-08-23,AAPL,107.43,109.51,105.74,107.94,1998936
2023-08-24,AAPL,106.53,107.72,104.32,106.71,6439288
2023-08-25,AAPL,107.01,110.84,106.48,107.11,6365827
2023-08-28,AAPL,108.61,108.97,105.31,108.42,4323175
2023-08-29,AAPL,110.72,112.28,109.22,110.12,3844645
2023-08-30,AAPL,113.59,116.85,108.72,113.54,9302027
2023-08-31,AAPL,112.38,112.51,108.61,112.21,3763894
2023-09-01,AAPL,112.48,112.65,110.43,112.43,5457339
2023-09-04,AAPL,109.37,110.85,108.11,109.78,3421479
2023-09-05,AAPL,109.28,111.07,108.9,109.79,3013309
2023-09-06,AAPL,109.44,110.79,109.28,109.83,31748599
2023-09-07,AAPL,109.4,110.39,107.28,109.19,4047178
2023-09-08,AAPL,105.11,106.31,104.19,105.71,6943839
2023-09-11,AAPL,107.43,107.32,105.68,106.6,7392885
2023-09-12,AAPL,103.51,105.35,101.21,104.15,11390388
2023-09-13,AAPL,105.05,105.02,103.9,103.95,3539235
2023-09-14,AAPL,101.57,101.61,98.4,101.48,32417536
2023-09-15,AAPL,101.57,101.47,97.71,100.71,8673350
2023-09-18,AAPL,98.99,99.77,99.09,99.63,2978353
2023-09-19,AAPL,96.31,97.71,95.2,97.31,6479537
2023-09-20,AAPL,99.53,100.27,98.88,99.01,4238658
2023-09-21,AAPL,101.43,104.18,101.09,101.11,8160495
2023-09-22,AAPL,100.08,100.01,97.66,99.85,3321057
2023-09-25,AAPL,98.32,99.04,96.83,98.31,1554441
2023-09-26,AAPL,97.98,99.07,97.07,98.34,5026786
2023-09-27,AAPL,100.14,100.48,99.63,99.76,3276959
2023-09-28,AAPL,99.68,100.86,98.45,98.45,1711211
2023-09-29,AAPL,100.34,103.8,100.44,100.95,1201593
2023-10-02,AAPL,100.66,102.42,96.1,100.7,30978870
2023-10-03,AAPL,103.48,103.82,98.8,103.61,9571504
2023-10-04,AAPL,104.52,104.81,103.22,103.48,5727964
2023-10-05,AAPL,105.08,105.95,101.02,104.29,929175
2023-10-06,AAPL,102.42,103.6,102.28,102.57,1807115
2023-10-09,AAPL,99.97,99.87,99.04,99.86,3311267
2023-10-10,AAPL,101.16,103.09,99.42,100.2,5502867
2023-10-11,AAPL,103.66,107.83,101.16,103.7,5905578
2023-10-12,AAPL,100.64,103.48,98.62,100.35,4748657
2023-10-13,AAPL,103.56,103.77,102.71,103.11,6694591
2023-10-16,AAPL,104.54,106.83,103.15,104.45,12537507
2023-10-17,AAPL,104.87,106.59,102.84,105.0,2083983
2023-10-18,AAPL,104.72,106.99,103.91,105.02,10443799
2023-10-19,AAPL,107.23,109.05,104.92,106.35,3606768
2023-10-20,AAPL,108.27,108.17,104.15,105.99,3270213
2023-10-23,AAPL,105.82,105.83,103.69,104.91,4885852
2023-10-24,AAPL,104.43,106.07,103.14,105.86,1314088
2023-10-25,AAPL,105.09,108.43,104.75,106.49,4337664
2023-10-26,AAPL,105.8,106.45,102.85,105.03,6757629
2023-10-27,AAPL,104.64,105.5,104.07,104.94,15567994
2023-10-30,AAPL,103.95,105.32,104.05,104.68,12965346
2023-10-31,AAPL,105.83,105.86,102.6,104.86,5138665
2023-11-01,AAPL,104.19,104.59,103.8,103.96,7825320
2023-11-02,AAPL,103.17,104.6,102.78,102.97,1541621
2023-11-03,AAPL,105.18,107.22,102.83,104.99,8421219
2023-11-06,AAPL,103.91,103.81,101.55,103.52,5976897
2023-11-07,AAPL,106.98,108.26,104.48,105.94,4528391
2023-11-08,AAPL,104.94,109.2,103.01,105.11,5487465
2023-11-09,AAPL,103.92,105.5,103.93,104.72,5761003
2023-11-10,AAPL,104.9,104.79,103.87,103.87,19765629
2023-11-13,AAPL,109.54,110.66,105.45,108.65,11307994
2023-11-14,AAPL,110.48,111.85,110.42,111.16,7949000
2023-11-15,AAPL,113.49,114.08,111.82,113.22,2248019
2023-11-16,AAPL,116.52,116.78,114.96,116.48,1626335
2023-11-17,AAPL,116.55,119.07,111.66,116.05,2958109
2023-11-20,AAPL,108.69,109.67,108.8,109.66,19193172
2023-11-21,AAPL,110.79,110.68,108.43,109.75,658606
2023-11-22,AAPL,111.22,111.11,108.42,110.01,6387226
2023-11-23,AAPL,115.1,115.31,112.31,114.78,9754715
2023-11-24,AAPL,114.99,115.13,111.16,114.79,2544045
2023-11-27,AAPL,113.68,114.15,112.43,113.45,4989060
2023-11-28,AAPL,112.75,113.52,111.15,111.4,16689460
2023-11-29,AAPL,113.23,113.12,110.79,112.33,2679935
2023-11-30,AAPL,112.12,113.98,112.23,112.44,19523172
2023-12-01,AAPL,113.23,117.58,111.95,113.3,6048792
2023-12-04,AAPL,108.6,108.5,102.21,108.23,1852894
2023-12-05,AAPL,108.69,110.06,106.56,108.73,4736862
2023-12-06,AAPL,109.1,111.59,108.15,109.54,2950319
2023-12-07,AAPL,108.53,109.91,106.26,108.37,6517087
2023-12-08,AAPL,111.51,115.68,107.81,111.35,4485051
2023-12-11,AAPL,112.7,113.95,110.32,112.95,2437686
2023-12-12,AAPL,112.09,114.09,110.21,112.46,2240634
2023-12-13,AAPL,114.22,118.7,109.88,114.17,8287089
2023-12-14,AAPL,113.31,113.69,109.69,112.45,3972977
2023-12-15,AAPL,111.61,113.45,108.36,113.38,8494884
2023-12-18,AAPL,112.94,115.65,112.23,112.72,3804576
2023-12-19,AAPL,112.5,115.31,111.1,112.88,6529144
2023-12-20,AAPL,109.52,112.07,108.09,109.02,6876492
2023-12-21,AAPL,110.39,110.55,106.94,109.67,2913727
2023-12-22,AAPL,109.71,110.76,107.02,110.62,2246142
2023-12-25,AAPL,109.5,112.14,105.62,109.86,7794776
2023-12-26,AAPL,109.75,114.76,109.36,110.04,8179560
2023-12-27,AAPL,112.14,112.32,109.92,110.8,2042277
2023-12-28,AAPL,114.35,116.03,111.97,113.91,3001049
2023-12-29,AAPL,115.39,115.89,112.98,114.64,5020198
2024-01-01,AAPL,114.12,114.0,112.31,113.4,8452954
2024-01-02,AAPL,118.52,118.4,113.33,117.91,1143615
2024-01-03,AAPL,119.09,119.32,118.28,118.86,4593233
2024-01-04,AAPL,120.38,120.87,117.51,120.76,744508
2024-01-05,AAPL,118.76,120.85,117.21,118.93,4618085
2024-01-08,AAPL,116.7,118.67,116.6,117.44,3582075
2024-01-09,AAPL,114.6,117.82,111.55,116.13,2204759
2024-01-10,AAPL,117.03,116.92,114.75,116.69,2663829
2024-01-11,AAPL,114.96,119.12,111.9,115.08,12234502
2024-01-12,AAPL,112.01,115.49,108.88,112.28,6876060
2024-01-15,AAPL,108.35,109.3,108.46,108.98,4542700
2024-01-16,AAPL,109.53,109.69,106.68,108.79,46735324
2024-01-17,AAPL,111.29,114.09,111.39,111.5,4984427
2024-01-18,AAPL,115.08,121.49,112.72,115.16,4740582
2024-01-19,AAPL,114.86,116.66,112.15,115.33,3398074
2024-01-22,AAPL,112.94,118.18,112.09,114.78,10067873
2024-01-23,AAPL,117.73,119.12,113.69,117.65,3720307
2024-01-24,AAPL,113.68,115.6,111.56,113.37,12204602
2024-01-25,AAPL,114.95,120.21,113.25,114.71,3136563
2024-01-26,AAPL,116.03,117.63,115.15,116.34,20688147
2024-01-29,AAPL,118.79,119.18,115.14,117.79,2653870
2024-01-30,AAPL,119.44,120.8,115.31,118.73,1087872
2024-01-31,AAPL,118.05,118.52,113.6,117.95,1265364
2024-02-01,AAPL,117.16,119.11,117.08,117.62,1543655
2024-02-02,AAPL,120.36,123.65,118.24,120.19,5052677
2024-02-05,AAPL,119.09,124.01,116.81,119.67,2882734
2024-02-06,AAPL,120.07,120.72,120.07,120.56,35429410
2024-02-07,AAPL,121.59,122.84,121.71,122.18,7804487
2024-02-08,AAPL,124.51,129.1,124.08,124.34,3870886
2024-02-09,AAPL,122.56,122.69,121.65,122.34,7714396
2024-02-12,AAPL,125.56,127.4,124.66,125.69,1565733
2024-02-13,AAPL,126.02,126.93,124.48,126.34,8259253
2024-02-14,AAPL,123.54,124.89,122.65,123.93,8404378
2024-02-15,AAPL,122.43,124.56,122.1,122.77,6722905
2024-02-16,AAPL,125.32,125.71,119.34,124.95,1691571
2024-02-19,AAPL,124.95,125.87,121.52,123.75,3361170
2024-02-20,AAPL,121.97,123.48,121.13,122.3,22437752
2024-02-21,AAPL,126.23,126.11,123.66,125.91,10136923
2024-02-22,AAPL,124.34,126.19,123.14,124.31,1176952
2024-02-23,AAPL,124.39,126.77,119.84,125.85,4561126
2024-02-26,AAPL,130.6,130.47,120.54,128.64,7433505
2024-02-27,AAPL,129.07,131.85,129.2,130.3,5452142
2024-02-28,AAPL,128.12,132.02,127.92,129.68,5225503
2024-02-29,AAPL,130.1,134.05,129.9,131.41,7755746
2024-03-01,AAPL,129.71,131.91,128.4,130.87,1464107
2024-03-04,AAPL,130.07,131.37,127.52,130.72,2335748
2024-03-05,AAPL,131.46,131.91,129.4,130.87,2720551
2024-03-06,AAPL,134.89,135.1,130.73,132.85,5238379
2024-03-07,AAPL,132.71,133.23,131.24,132.59,9319915
2024-03-08,AAPL,134.4,137.26,133.13,134.85,8614484
2024-03-11,AAPL,132.63,133.71,132.23,133.11,1679236
2024-03-12,AAPL,131.13,135.85,129.57,130.61,6377842
2024-03-13,AAPL,127.55,130.97,127.68,128.37,7572578
2024-03-14,AAPL,132.43,134.78,129.08,130.84,3110067
2024-03-15,AAPL,127.81,128.06,125.55,127.34,7818438
2024-03-18,AAPL,129.6,129.89,122.53,128.04,7784569
2024-03-19,AAPL,122.49,124.17,119.8,123.38,2131651
2024-03-20,AAPL,122.23,122.63,121.67,121.81,2013323
2024-03-21,AAPL,120.64,123.4,120.75,121.95,12101763
2024-03-22,AAPL,123.41,125.41,122.29,123.81,12215718
2024-03-25,AAPL,122.92,124.3,121.54,123.22,24559297
2024-03-26,AAPL,119.75,123.48,119.57,120.6,4509449
2024-03-27,AAPL,121.3,121.18,117.9,119.17,5528038
2024-03-28,AAPL,120.45,121.5,120.1,120.74,1563436
2024-03-29,AAPL,123.02,125.42,121.18,122.7,1344751
2024-04-01,AAPL,123.74,125.45,120.61,124.48,1851232
2024-04-02,AAPL,123.11,126.42,122.03,123.2,4008184
2024-04-03,AAPL,117.47,125.17,116.51,119.19,6509382
2024-04-04,AAPL,117.37,118.45,114.59,118.02,9786683
2024-04-05,AAPL,117.56,118.21,116.9,117.33,4962976
2024-04-08,AAPL,117.91,119.83,117.61,119.45,2863405
2024-04-09,AAPL,118.89,119.7,118.02,119.55,18358404
2024-04-10,AAPL,122.76,127.3,120.35,123.89,4626914
2024-04-11,AAPL,125.19,127.1,125.31,125.73,1529943
2024-04-12,AAPL,126.21,129.58,124.82,126.8,8187328
2024-04-15,AAPL,125.21,125.08,121.39,124.66,5354160
2024-04-16,AAPL,128.47,128.51,127.04,128.27,2368427
2024-04-17,AAPL,130.32,132.02,129.8,130.11,1795835
2024-04-18,AAPL,126.79,126.67,123.79,126.57,9492871
2024-04-19,AAPL,125.65,129.98,125.52,126.1,2286688
2024-04-22,AAPL,130.34,130.21,125.51,129.89,3934798
2024-04-23,AAPL,133.13,133.0,132.64,132.85,3874589
2024-04-24,AAPL,133.26,134.38,132.53,132.78,1689098
2024-04-25,AAPL,131.86,133.86,127.29,131.58,6033769
2024-04-26,AAPL,134.29,136.69,133.11,133.87,4148970
2024-04-29,AAPL,134.59,135.85,132.83,134.51,11205632
2024-04-30,AAPL,130.71,131.4,129.07,130.8,4487751
2024-05-01,AAPL,130.7,130.57,128.41,130.21,6917211
2024-05-02,AAPL,129.25,131.84,127.86,129.9,2562763
2024-05-03,AAPL,128.13,130.45,127.62,129.43,7661781
2024-05-06,AAPL,126.46,130.08,126.59,126.73,6038153
2024-05-07,AAPL,126.58,129.46,125.38,126.34,7814723
2024-05-08,AAPL,131.46,134.37,129.24,132.69,2337411
2024-05-09,AAPL,137.18,141.39,136.17,137.78,4311492
2024-05-10,AAPL,136.9,136.77,134.59,136.46,5676496
2024-05-13,AAPL,134.92,136.86,132.18,134.19,4758489
2024-05-14,AAPL,139.41,140.05,137.64,138.68,12337555
2024-05-15,AAPL,139.6,139.97,138.03,139.72,11755007
2024-05-16,AAPL,137.29,137.41,134.31,136.78,5147667
2024-05-17,AAPL,134.3,136.42,134.16,134.22,6368434
2024-05-20,AAPL,140.2,140.64,137.17,140.3,7522407
2024-05-21,AAPL,142.32,143.58,141.63,141.78,2219176
2024-05-22,AAPL,140.63,144.61,138.93,140.93,1116525
2024-05-23,AAPL,138.58,141.46,133.54,136.36,10231754
2024-05-24,AAPL,143.18,144.44,138.08,140.23,2395406
2024-05-27,AAPL,140.14,141.99,136.13,139.99,7548672
2024-05-28,AAPL,139.18,143.54,137.56,137.72,5988420
2024-05-29,AAPL,136.66,136.53,134.69,135.72,11275969
2024-05-30,AAPL,132.22,133.34,130.7,131.99,4722209
2024-05-31,AAPL,128.88,128.88,126.35,127.76,3240797
2024-06-03,AAPL,130.68,134.3,130.66,131.28,2130848
2024-06-04,AAPL,128.91,128.99,124.84,128.02,4180950
2024-06-05,AAPL,132.56,133.17,131.55,132.77,8294911
2024-06-06,AAPL,135.95,137.4,136.0,136.09,11990590
2024-06-07,AAPL,138.63,142.99,137.1,138.34,9342129
2024-06-10,AAPL,136.33,136.8,134.59,136.55,5315303
2024-06-11,AAPL,140.89,140.75,135.43,139.83,3065390
2024-06-12,AAPL,139.88,139.74,136.78,138.13,11217291
2024-06-13,AAPL,137.2,142.48,129.12,137.04,3615621
2024-06-14,AAPL,135.75,138.05,134.99,135.95,4315340
2024-06-17,AAPL,136.24,139.7,134.13,137.22,6357158
2024-06-18,AAPL,138.83,140.3,136.31,138.83,34843359
2024-06-19,AAPL,143.32,149.46,143.47,143.73,2087126
2024-06-20,AAPL,145.55,153.28,145.51,146.05,3473356
2024-06-21,AAPL,149.07,149.65,144.38,147.7,3351828
2024-06-24,AAPL,139.68,141.42,137.55,140.58,12775320
2024-06-25,AAPL,137.66,138.59,134.38,137.61,3337570
2024-06-26,AAPL,136.12,140.14,136.26,137.05,3278627
2024-06-27,AAPL,135.27,137.38,134.62,136.06,4797698
2024-06-28,AAPL,142.21,144.36,137.31,140.63,7797299
2024-07-01,AAPL,135.2,137.16,130.32,135.95,4358819
2024-07-02,AAPL,137.84,141.0,133.82,136.77,797905
2024-07-03,AAPL,136.17,138.55,134.86,136.0,6193589
2024-07-04,AAPL,135.34,135.72,134.04,134.89,10892997
2024-07-05,AAPL,136.27,138.17,133.31,135.3,15989155
2024-07-08,AAPL,134.83,137.68,134.71,134.96,8193654
2024-07-09,AAPL,136.45,137.14,133.65,135.8,15436708
2024-07-10,AAPL,135.07,137.37,133.49,135.45,3541620
2024-07-11,AAPL,130.9,135.38,131.03,131.14,1834407
2024-07-12,AAPL,134.04,140.51,133.48,134.29,8287872
2024-07-15,AAPL,133.17,135.04,132.33,132.94,3680666
2024-07-16,AAPL,134.23,134.1,130.09,132.93,3715499
2024-07-17,AAPL,133.83,134.7,133.59,133.68,9990776
2024-07-18,AAPL,135.99,141.19,135.5,135.56,5530053
2024-07-19,AAPL,138.81,138.92,137.56,138.67,5002163
2024-07-22,AAPL,138.04,138.46,134.25,136.92,533901
2024-07-23,AAPL,133.81,134.1,133.94,134.03,10873120
2024-07-24,AAPL,135.29,135.15,132.6,134.64,1065915
2024-07-25,AAPL,137.24,137.1,135.72,136.55,867763
2024-07-26,AAPL,139.7,139.9,136.15,139.77,5740659
2024-07-29,AAPL,139.17,139.04,137.66,138.59,12556091
2024-07-30,AAPL,137.69,148.29,134.14,139.34,8489215
2024-07-31,AAPL,141.9,146.24,140.17,142.68,4640105
2024-08-01,AAPL,142.07,143.51,140.31,142.54,1751835
2024-08-02,AAPL,149.61,152.31,146.85,149.53,3046246
2024-08-05,AAPL,147.07,149.45,143.49,146.59,6415068
2024-08-06,AAPL,149.94,150.69,143.74,149.23,18872145
2024-08-07,AAPL,148.54,148.47,145.73,147.87,9659435
2024-08-08,AAPL,148.07,154.63,147.71,148.98,4555844
2024-08-09,AAPL,150.18,150.93,149.12,149.69,14228819
2024-08-12,AAPL,147.65,148.39,144.9,147.24,5997602
2024-08-13,AAPL,147.71,148.68,143.96,147.31,2011186
2024-08-14,AAPL,152.87,152.71,147.5,152.33,3036293
2024-08-15,AAPL,157.79,158.09,155.36,157.37,2978761
2024-08-16,AAPL,156.41,158.56,155.06,157.34,4345960
2024-08-19,AAPL,159.84,160.18,152.97,158.99,343739
2024-08-20,AAPL,158.08,160.48,155.36,158.57,6264439
2024-08-21,AAPL,161.07,162.6,158.5,161.9,13722736
2024-08-22,AAPL,162.81,164.94,162.97,163.67,1170666
2024-08-23,AAPL,164.27,170.66,163.77,166.09,16426337
2024-08-26,AAPL,163.15,169.03,162.9,164.01,8330010
2024-08-27,AAPL,163.22,163.83,163.38,163.43,16517519
2024-08-28,AAPL,162.64,163.13,161.37,161.87,3779361
2024-08-29,AAPL,160.62,163.66,160.53,161.19,1427553
2024-08-30,AAPL,157.82,160.37,157.44,158.93,13316956
2024-09-02,AAPL,163.21,163.61,159.38,162.1,2200615
2024-09-03,AAPL,159.71,165.65,159.45,161.28,12445067
2024-09-04,AAPL,157.29,158.51,151.96,157.34,23607007
2024-09-05,AAPL,158.53,163.77,157.32,158.72,1850378
2024-09-06,AAPL,151.02,154.03,149.51,152.62,468283
2024-09-09,AAPL,155.15,156.84,152.99,153.46,5529061
2024-09-10,AAPL,152.35,154.49,150.13,152.88,5669639
2024-09-11,AAPL,151.74,152.8,144.63,150.9,1004032
2024-09-12,AAPL,148.09,150.39,145.53,147.53,2717987
2024-09-13,AAPL,148.31,148.72,144.63,147.32,2681237
2024-09-16,AAPL,152.99,154.88,150.76,152.14,1437076
2024-09-17,AAPL,144.93,147.03,144.48,145.04,11463485
2024-09-18,AAPL,147.46,150.46,146.42,146.74,27568655
2024-09-19,AAPL,148.2,150.39,147.78,147.84,2568653
2024-09-20,AAPL,146.41,149.48,144.99,148.46,3202041
2024-09-23,AAPL,149.56,152.23,145.48,149.43,2519440
2024-09-24,AAPL,152.9,155.3,151.06,152.69,9057824
2024-09-25,AAPL,154.62,154.88,152.25,153.73,3407129
2024-09-26,AAPL,150.86,153.26,146.28,151.07,2708508
2024-09-27,AAPL,152.15,152.21,151.02,151.79,6756503
2024-09-30,AAPL,152.64,153.54,147.89,151.66,7393939
2024-10-01,AAPL,152.06,155.81,146.76,152.92,3260402
2024-10-02,AAPL,155.58,159.56,154.37,155.71,13262890
2024-10-03,AAPL,156.17,158.61,156.32,156.88,4163606
2024-10-04,AAPL,157.41,159.25,154.41,156.68,2644722
2024-10-07,AAPL,162.09,164.66,155.21,161.29,11601646
2024-10-08,AAPL,155.94,160.16,152.74,157.98,5360205
2024-10-09,AAPL,162.62,165.96,160.5,162.28,3202945
2024-10-10,AAPL,161.41,162.49,161.09,161.26,12452665
2024-10-11,AAPL,163.11,166.18,161.34,162.31,2178091
2024-10-14,AAPL,162.25,165.07,158.44,162.98,8683149
2024-10-15,AAPL,161.21,163.98,155.23,160.33,4956523
2024-10-16,AAPL,160.74,161.77,156.33,160.26,5890288
2024-10-17,AAPL,160.0,161.07,160.16,160.99,1280733
2024-10-18,AAPL,158.59,158.92,155.09,158.45,10841460
2024-10-21,AAPL,158.19,160.26,157.1,157.78,10527639
2024-10-22,AAPL,160.22,161.11,156.85,160.36,43483711
2024-10-23,AAPL,165.05,170.63,162.75,164.52,8398483
2024-10-24,AAPL,170.44,171.24,170.61,170.98,5265835
2024-10-25,AAPL,170.49,171.73,170.04,170.75,2049892
2024-10-28,AAPL,169.51,175.39,169.68,170.49,5694919
2024-10-29,AAPL,168.63,171.54,164.49,169.89,22292536
2024-10-30,AAPL,169.6,171.52,167.94,168.16,4906496
2024-10-31,AAPL,170.03,172.47,164.28,168.84,7828952
2024-11-01,AAPL,168.21,172.29,166.42,170.23,6677560
2024-11-04,AAPL,166.94,168.26,166.48,168.19,3675001
2024-11-05,AAPL,164.81,170.07,164.97,165.25,11468494
2024-11-06,AAPL,167.64,167.48,161.47,166.26,3753337
2024-11-07,AAPL,165.17,166.34,163.94,164.9,3571602
2024-11-08,AAPL,169.86,170.27,166.17,169.01,1460685
2024-11-11,AAPL,168.57,172.4,165.88,168.8,1559883
2024-11-12,AAPL,168.44,169.36,164.94,167.62,3323427
2024-11-13,AAPL,168.0,167.84,161.75,167.1,2977855
2024-11-14,AAPL,167.44,170.69,165.4,168.4,3393379
2024-11-15,AAPL,173.27,178.33,171.56,173.72,5313770
2024-11-18,AAPL,178.46,181.2,174.93,177.7,8419478
2024-11-19,AAPL,177.36,180.97,175.51,178.96,9504819
2024-11-20,AAPL,184.1,186.47,179.77,182.27,2520339
2024-11-21,AAPL,172.96,176.5,172.41,174.16,9397149
2024-11-22,AAPL,175.0,174.83,172.13,174.37,4806689
2024-11-25,AAPL,180.3,180.12,178.94,179.56,5088906
2024-11-26,AAPL,178.83,181.53,178.96,179.99,4902265
2024-11-27,AAPL,176.88,176.8,175.33,175.41,9516882
2024-11-28,AAPL,171.33,177.01,170.2,173.58,12481025
2024-11-29,AAPL,172.69,177.19,172.08,173.26,4269902
2024-12-02,AAPL,176.83,176.65,172.24,176.54,8016391
2024-12-03,AAPL,176.48,178.5,174.24,177.1,2382985
2024-12-04,AAPL,172.33,177.33,166.07,174.37,9346930
2024-12-05,AAPL,178.7,178.8,174.96,177.14,11632211
2024-12-06,AAPL,176.85,183.08,177.02,178.94,7771032
2024-12-09,AAPL,178.34,179.51,170.48,178.18,1096001
2024-12-10,AAPL,175.34,176.02,173.77,175.62,4904273
2024-12-11,AAPL,177.2,178.27,173.52,174.78,1820898
2024-12-12,AAPL,177.69,178.16,177.52,178.06,10974508
2024-12-13,AAPL,181.84,183.6,177.24,182.46,796289
2024-12-16,AAPL,176.08,178.82,175.53,175.75,11026735
2024-12-17,AAPL,176.19,177.44,168.75,174.5,5873991
2024-12-18,AAPL,167.92,171.13,168.0,168.58,8159981
2024-12-19,AAPL,167.91,167.97,166.02,166.92,14839539
2024-12-20,AAPL,168.84,174.45,168.62,169.34,5633121
2024-12-23,AAPL,164.99,164.82,162.89,164.71,1520086
2024-12-24,AAPL,158.67,159.92,153.29,158.33,5961275
2024-12-25,AAPL,153.63,158.19,153.2,153.89,8596131
2024-12-26,AAPL,152.06,155.31,152.21,152.49,1323147
2024-12-27,AAPL,152.11,157.67,152.15,154.28,1431447
2024-12-30,AAPL,148.7,150.18,148.85,149.87,67487135
2024-12-31,AAPL,153.5,158.69,152.94,154.02,9356623
2020-01-02,MSFT,162.32,164.88,161.49,162.86,14809203
2020-01-03,MSFT,163.24,164.37,159.65,163.03,657949
2020-01-06,MSFT,162.92,165.28,161.31,162.15,9531290
2020-01-07,MSFT,159.49,161.94,159.18,159.97,2413000
2020-01-08,MSFT,159.64,161.31,157.21,159.52,1315977
2020-01-09,MSFT,159.47,159.81,154.38,158.15,3835354
2020-01-10,MSFT,160.42,161.5,157.62,159.66,5606184
2020-01-13,MSFT,158.23,160.69,151.7,157.4,3966138
2020-01-14,MSFT,159.87,161.93,158.17,159.83,5031619
2020-01-15,MSFT,161.24,167.42,158.08,161.46,2953547
2020-01-16,MSFT,160.13,162.58,154.18,159.57,2755647
2020-01-17,MSFT,157.3,159.4,157.46,158.32,6711612
2020-01-20,MSFT,156.54,160.76,154.04,157.26,1664345
2020-01-21,MSFT,153.43,153.28,152.39,153.26,7869125
2020-01-22,MSFT,158.61,159.67,151.08,156.63,9240937
2020-01-23,MSFT,154.16,156.76,152.39,154.04,1880055
2020-01-24,MSFT,156.54,159.71,155.08,156.79,4813464
2020-01-27,MSFT,158.18,162.15,154.51,157.63,7728418
2020-01-28,MSFT,165.07,166.01,164.27,164.9,11961945
2020-01-29,MSFT,164.1,168.82,163.75,166.8,9712652
2020-01-30,MSFT,166.45,169.56,166.05,167.68,700898
2020-01-31,MSFT,171.72,175.4,167.16,171.08,16456231
2020-02-03,MSFT,174.65,176.45,170.89,173.79,1309567
2020-02-04,MSFT,180.69,180.5,178.2,179.67,3956001
2020-02-05,MSFT,182.66,182.47,180.19,181.13,2395221
2020-02-06,MSFT,178.1,180.94,176.26,179.18,18142311
2020-02-07,MSFT,187.71,191.7,187.51,187.99,4368942
2020-02-10,MSFT,189.99,189.8,187.3,189.05,1907383
2020-02-11,MSFT,190.33,190.86,184.17,190.23,6259816
2020-02-12,MSFT,193.96,198.86,192.79,193.53,3217204
2020-02-13,MSFT,200.36,203.43,198.41,200.26,7039521
2020-02-14,MSFT,198.17,197.98,195.58,197.92,1725201
2020-02-17,MSFT,194.46,197.86,190.38,194.28,3898887
2020-02-18,MSFT,198.04,202.1,196.6,198.25,1278092
2020-02-19,MSFT,203.21,203.0,196.74,201.12,3365888
2020-02-20,MSFT,204.68,205.23,204.88,204.99,5267355
2020-02-21,MSFT,208.03,214.58,207.53,207.53,1691646
2020-02-24,MSFT,205.22,210.17,200.92,207.07,3319754
2020-02-25,MSFT,206.07,207.65,204.15,206.44,22629806
2020-02-26,MSFT,212.92,216.92,209.49,212.48,3327884
2020-02-27,MSFT,213.75,216.65,211.98,214.58,5327634
2020-02-28,MSFT,212.02,215.72,208.43,212.55,13298794
2020-03-02,MSFT,212.8,215.58,206.84,211.13,2611498
2020-03-03,MSFT,212.52,221.36,205.09,212.14,2325251
2020-03-04,MSFT,210.39,218.41,202.58,209.33,4250724
2020-03-05,MSFT,207.97,209.22,206.0,206.57,7995810
2020-03-06,MSFT,205.35,207.03,205.56,206.26,1351740
2020-03-09,MSFT,206.29,212.02,205.78,205.96,11338384
2020-03-10,MSFT,209.33,215.25,204.82,210.4,12856611
2020-03-11,MSFT,221.85,221.63,216.24,218.99,5431630
2020-03-12,MSFT,221.81,224.37,217.3,217.92,1937114
2020-03-13,MSFT,215.32,229.77,215.54,215.96,5533999
2020-03-16,MSFT,217.91,218.67,215.68,215.69,2289146
2020-03-17,MSFT,219.82,226.16,219.04,219.72,2927672
2020-03-18,MSFT,215.91,217.57,214.85,216.21,16848523
2020-03-19,MSFT,221.81,221.59,220.03,220.37,2601378
2020-03-20,MSFT,219.26,223.3,216.98,220.91,1728455
2020-03-23,MSFT,223.47,227.25,219.77,222.97,5497962
2020-03-24,MSFT,235.1,238.99,234.4,235.14,5299113
2020-03-25,MSFT,235.51,237.53,233.51,235.54,2412976
2020-03-26,MSFT,228.22,232.03,228.13,228.79,4343526
2020-03-27,MSFT,235.61,235.38,227.32,234.5,11961161
2020-03-30,MSFT,238.28,239.2,234.02,237.96,3567099
2020-03-31,MSFT,237.81,237.58,235.64,236.5,15758839
2020-04-01,MSFT,237.49,244.58,234.28,238.09,6961130
2020-04-02,MSFT,239.09,248.4,236.22,242.52,9793520
2020-04-03,MSFT,238.53,241.16,235.15,240.63,7696312
2020-04-06,MSFT,237.9,237.66,235.34,237.19,11586251
2020-04-07,MSFT,242.39,252.07,240.48,240.92,842869
2020-04-08,MSFT,239.42,240.6,238.11,239.67,3466255
2020-04-09,MSFT,243.96,248.2,239.79,240.8,10222957
2020-04-10,MSFT,235.81,239.66,233.98,235.11,3879639
2020-04-13,MSFT,237.46,242.16,236.17,238.22,2236191
2020-04-14,MSFT,239.74,244.46,239.98,240.63,4775155
2020-04-15,MSFT,246.55,252.41,243.79,246.39,1493972
2020-04-16,MSFT,242.82,243.18,240.43,242.4,7140109
2020-04-17,MSFT,240.2,245.29,239.83,241.57,5910486
2020-04-20,MSFT,239.5,243.14,232.34,241.49,23015410
2020-04-21,MSFT,240.88,245.99,241.12,241.44,15942925
2020-04-22,MSFT,235.01,239.16,232.68,235.06,7738373
2020-04-23,MSFT,233.36,236.49,233.59,234.16,8145534
2020-04-24,MSFT,232.85,233.13,228.08,233.07,5849570
2020-04-27,MSFT,231.69,236.32,231.92,232.39,4381331
2020-04-28,MSFT,236.01,237.67,233.76,235.2,2835618
2020-04-29,MSFT,235.34,238.32,232.83,235.82,5885234
2020-04-30,MSFT,237.61,239.76,232.06,236.41,5072331
2020-05-01,MSFT,234.34,236.34,231.66,235.65,2207041
2020-05-04,MSFT,241.48,241.24,235.6,237.62,4169301
2020-05-05,MSFT,239.76,244.42,235.21,241.09,14334163
2020-05-06,MSFT,244.73,244.49,242.15,243.28,7695208
2020-05-07,MSFT,247.13,246.88,243.31,245.74,13398679
2020-05-08,MSFT,251.63,254.99,250.98,251.94,5183807
2020-05-11,MSFT,241.37,247.3,236.98,244.37,6303431
2020-05-12,MSFT,238.29,241.58,236.69,237.2,4617598
2020-05-13,MSFT,241.07,243.87,235.25,239.3,1556527
2020-05-14,MSFT,239.81,241.91,234.54,239.02,8463433
2020-05-15,MSFT,243.97,247.16,240.94,245.56,2858870
2020-05-18,MSFT,233.22,237.39,229.7,235.43,23562633
2020-05-19,MSFT,228.69,230.21,225.71,229.86,3490217
2020-05-20,MSFT,238.01,240.7,238.24,238.63,4540804
2020-05-21,MSFT,235.85,237.69,230.61,236.51,3532127
2020-05-22,MSFT,239.89,249.16,238.19,242.78,7790214
2020-05-25,MSFT,247.21,246.97,244.5,246.35,3758991
2020-05-26,MSFT,245.34,249.46,237.05,243.68,4351755
2020-05-27,MSFT,250.56,250.31,247.4,248.61,1616867
2020-05-28,MSFT,249.75,259.31,242.96,250.44,5953566
2020-05-29,MSFT,240.6,242.95,236.28,240.38,8905851
2020-06-01,MSFT,236.49,241.96,235.06,236.28,2125520
2020-06-02,MSFT,245.56,245.31,239.11,244.55,3546867
2020-06-03,MSFT,241.23,244.78,238.6,241.65,10474937
2020-06-04,MSFT,234.73,234.49,231.17,234.43,6531082
2020-06-05,MSFT,235.79,242.2,231.61,234.63,5105463
2020-06-08,MSFT,234.27,235.57,234.5,234.74,6099662
2020-06-09,MSFT,237.8,246.28,238.04,239.0,8071066
2020-06-10,MSFT,236.93,237.84,231.96,237.35,3715512
2020-06-11,MSFT,239.65,242.52,237.68,238.3,8791207
2020-06-12,MSFT,227.26,237.47,227.49,228.89,17683090
2020-06-15,MSFT,224.49,225.61,217.37,224.07,4351993
2020-06-16,MSFT,228.7,229.11,223.43,226.93,1360859
2020-06-17,MSFT,229.28,238.98,228.24,229.65,2201139
2020-06-18,MSFT,221.99,223.4,222.21,222.31,4923788
2020-06-19,MSFT,222.6,229.47,216.23,222.06,14343781
2020-06-22,MSFT,221.25,224.61,217.75,221.94,4968850
2020-06-23,MSFT,222.74,226.88,217.56,222.53,17146200
2020-06-24,MSFT,226.78,228.39,224.55,226.39,2617454
2020-06-25,MSFT,226.7,229.38,224.4,227.94,7196914
2020-06-26,MSFT,233.54,239.88,232.94,233.43,3145097
2020-06-29,MSFT,238.95,241.2,236.0,237.75,18123501
2020-06-30,MSFT,240.67,243.07,238.03,241.85,2763538
2020-07-01,MSFT,241.32,256.0,239.47,241.77,8762517
2020-07-02,MSFT,241.87,243.31,227.66,240.87,3170725
2020-07-03,MSFT,237.66,239.74,235.25,239.26,11163004
2020-07-06,MSFT,242.73,242.48,240.23,242.24,3438629
2020-07-07,MSFT,236.73,242.89,232.67,237.59,6379846
2020-07-08,MSFT,237.19,237.24,235.63,236.17,5526098
2020-07-09,MSFT,231.56,231.33,226.56,230.51,17058077
2020-07-10,MSFT,234.87,238.74,230.47,237.31,3125930
2020-07-13,MSFT,244.33,245.34,239.79,242.81,10415231
2020-07-14,MSFT,239.03,240.1,239.27,239.47,2615332
2020-07-15,MSFT,237.35,242.4,236.66,238.6,1153133
2020-07-16,MSFT,238.37,241.86,237.11,239.38,2092839
2020-07-17,MSFT,234.42,235.86,233.58,233.59,24201487
2020-07-20,MSFT,235.17,244.99,233.02,237.43,3464040
2020-07-21,MSFT,230.86,236.96,229.04,231.37,377290
2020-07-22,MSFT,234.59,234.36,232.53,234.28,5963028
2020-07-23,MSFT,242.41,247.46,241.73,242.42,2067730
2020-07-24,MSFT,239.86,243.25,233.33,239.93,3599144
2020-07-27,MSFT,238.01,239.66,238.25,239.2,6553529
2020-07-28,MSFT,240.95,248.99,239.44,242.67,2111006
2020-07-29,MSFT,236.84,242.11,237.08,237.8,8415673
2020-07-30,MSFT,234.36,234.13,228.71,231.89,629962
2020-07-31,MSFT,230.45,233.81,225.37,228.36,8088879
2020-08-03,MSFT,235.35,235.11,229.26,234.57,7614810
2020-08-04,MSFT,235.14,237.04,229.07,234.51,7751319
2020-08-05,MSFT,229.02,235.37,226.27,229.52,5493908
2020-08-06,MSFT,224.11,223.88,214.56,222.31,3103335
2020-08-07,MSFT,220.37,225.22,217.9,220.25,3210100
2020-08-10,MSFT,220.17,224.77,219.62,223.59,8031556
2020-08-11,MSFT,223.42,223.65,220.53,221.44,2441898
2020-08-12,MSFT,221.11,223.84,218.26,221.26,4563549
2020-08-13,MSFT,218.31,222.09,218.53,219.19,21208301
2020-08-14,MSFT,223.49,232.44,221.98,223.96,3868970
2020-08-17,MSFT,225.99,225.76,217.15,222.81,6587616
2020-08-18,MSFT,223.51,227.12,221.77,222.44,5327043
2020-08-19,MSFT,219.22,219.0,216.13,218.33,45155157
2020-08-20,MSFT,219.56,219.34,212.5,217.72,2047298
2020-08-21,MSFT,214.96,220.62,212.29,213.65,1800712
2020-08-24,MSFT,212.54,217.95,210.13,213.89,13485176
2020-08-25,MSFT,210.26,211.78,210.47,211.31,4804071
2020-08-26,MSFT,222.42,222.2,219.08,219.97,4350273
2020-08-27,MSFT,216.4,218.0,214.43,215.61,2535955
2020-08-28,MSFT,213.72,218.66,209.63,214.31,1149975
2020-08-31,MSFT,216.23,216.02,209.13,214.79,2355902
2020-09-01,MSFT,210.82,214.19,210.31,211.66,2610406
2020-09-02,MSFT,215.76,221.68,209.21,214.82,1719323
2020-09-03,MSFT,215.65,215.44,214.13,215.06,5597363
2020-09-04,MSFT,217.45,220.45,213.22,216.26,3987159
2020-09-07,MSFT,221.14,221.57,218.54,220.02,32890206
2020-09-08,MSFT,218.17,219.01,213.06,216.31,9519538
2020-09-09,MSFT,216.83,220.45,216.62,216.84,6268838
2020-09-10,MSFT,219.49,220.79,218.32,219.49,3705398
2020-09-11,MSFT,218.94,219.48,215.93,217.86,7945549
2020-09-14,MSFT,218.79,226.92,215.74,217.39,5135018
2020-09-15,MSFT,217.98,222.15,218.2,218.81,2535641
2020-09-16,MSFT,219.98,221.81,214.18,220.08,7492287
2020-09-17,MSFT,223.84,225.55,224.06,224.16,5065017
2020-09-18,MSFT,222.42,229.91,220.68,222.56,2325952
2020-09-21,MSFT,223.32,231.18,222.82,223.23,2520168
2020-09-22,MSFT,218.18,222.62,213.56,217.49,4720947
2020-09-23,MSFT,215.74,216.84,209.64,214.71,3181791
2020-09-24,MSFT,211.74,213.37,211.06,211.35,5368305
2020-09-25,MSFT,214.24,217.8,212.16,213.64,4598135
2020-09-28,MSFT,209.24,214.89,205.29,211.48,13875348
2020-09-29,MSFT,215.4,215.76,209.86,214.91,25724150
2020-09-30,MSFT,218.03,221.53,218.25,218.79,6542345
2020-10-01,MSFT,216.65,218.41,216.86,216.99,7179175
2020-10-02,MSFT,224.17,231.2,224.4,225.8,6488074
2020-10-05,MSFT,225.07,226.75,223.08,225.57,11399325
2020-10-06,MSFT,224.8,227.16,223.59,224.81,4218937
2020-10-07,MSFT,225.53,225.31,223.07,224.92,6732497
2020-10-08,MSFT,217.87,219.98,217.24,218.39,1365623
2020-10-09,MSFT,218.6,224.78,218.82,219.54,4554835
2020-10-12,MSFT,216.07,218.45,210.97,215.77,3642378
2020-10-13,MSFT,215.5,218.9,214.18,216.93,5273787
2020-10-14,MSFT,212.47,216.58,211.52,214.14,1621104
2020-10-15,MSFT,215.63,216.05,215.84,215.9,1698823
2020-10-16,MSFT,213.52,213.31,209.28,212.05,7399383
2020-10-19,MSFT,206.58,209.96,206.78,206.81,3453135
2020-10-20,MSFT,201.66,206.63,198.13,200.66,3202526
2020-10-21,MSFT,197.84,205.92,198.04,199.11,3856734
2020-10-22,MSFT,200.76,203.28,200.96,201.6,10269764
2020-10-23,MSFT,198.39,202.11,194.1,198.41,2655024
2020-10-26,MSFT,198.34,201.59,196.89,198.71,11745691
2020-10-27,MSFT,204.96,205.74,205.17,205.6,6609536
2020-10-28,MSFT,202.95,204.29,200.48,202.49,6770683
2020-10-29,MSFT,206.95,209.08,206.12,206.78,5990912
2020-10-30,MSFT,203.0,206.95,202.35,203.09,9692650
2020-11-02,MSFT,202.9,202.7,197.26,200.0,4055826
2020-11-03,MSFT,199.69,204.43,199.89,200.44,4188709
2020-11-04,MSFT,199.26,199.06,196.43,198.16,13434402
2020-11-05,MSFT,201.51,208.24,199.84,202.09,6938329
2020-11-06,MSFT,203.18,207.62,198.62,202.22,4678246
2020-11-09,MSFT,203.06,213.12,200.93,204.25,10622619
2020-11-10,MSFT,210.82,210.61,203.77,210.21,25759320
2020-11-11,MSFT,213.12,215.0,209.28,214.05,3395209
2020-11-12,MSFT,219.67,224.71,219.89,220.15,21095543
2020-11-13,MSFT,217.46,220.73,214.78,216.58,4840184
2020-11-16,MSFT,214.56,219.04,208.22,213.95,20809601
2020-11-17,MSFT,212.41,215.75,209.01,210.99,3161339
2020-11-18,MSFT,213.13,213.64,212.32,213.18,16524761
2020-11-19,MSFT,211.39,215.77,211.6,212.64,1964941
2020-11-20,MSFT,211.08,213.74,211.15,211.82,14244801
2020-11-23,MSFT,210.29,214.57,208.95,211.88,3421449
2020-11-24,MSFT,215.65,218.51,207.12,215.18,6354328
2020-11-25,MSFT,210.77,212.27,206.91,211.74,13355277
2020-11-26,MSFT,207.85,208.68,207.66,208.32,3106644
2020-11-27,MSFT,211.02,215.62,211.23,211.48,2180598
2020-11-30,MSFT,207.08,209.09,200.87,206.89,4119891
2020-12-01,MSFT,200.81,207.09,198.04,200.86,5289305
2020-12-02,MSFT,202.03,205.89,199.54,202.18,8236771
2020-12-03,MSFT,211.28,211.79,208.16,208.95,3204349
2020-12-04,MSFT,207.29,214.86,201.92,208.88,2425795
2020-12-07,MSFT,209.27,212.45,209.47,209.78,1626265
2020-12-08,MSFT,207.21,207.55,202.14,206.07,6062621
2020-12-09,MSFT,208.81,210.37,205.24,210.14,4011497
2020-12-10,MSFT,205.3,208.63,205.51,205.9,2814336
2020-12-11,MSFT,206.88,210.49,203.44,205.41,2165785
2020-12-14,MSFT,207.03,209.64,202.24,205.2,5056491
2020-12-15,MSFT,210.24,214.1,209.91,210.08,15032123
2020-12-16,MSFT,207.39,208.01,207.59,207.95,2505863
2020-12-17,MSFT,209.87,211.37,207.12,209.2,3416116
2020-12-18,MSFT,206.7,213.97,206.43,209.81,1488328
2020-12-21,MSFT,209.47,211.07,207.12,208.92,1243725
2020-12-22,MSFT,207.4,210.99,202.23,207.07,3295430
2020-12-23,MSFT,206.52,210.47,201.27,207.64,3872246
2020-12-24,MSFT,207.96,213.6,205.56,206.81,7209840
2020-12-25,MSFT,216.36,216.15,212.16,215.83,6309654
2020-12-28,MSFT,212.18,213.91,212.05,213.1,6741915
2020-12-29,MSFT,214.35,214.41,210.37,213.7,6785574
2020-12-30,MSFT,215.87,220.46,212.6,215.43,71472443
2020-12-31,MSFT,224.44,224.21,214.32,221.97,7295175
2021-01-01,MSFT,227.61,227.85,226.14,227.41,3133787
2021-01-04,MSFT,225.17,225.82,216.55,224.59,30730229
2021-01-05,MSFT,227.61,232.37,223.91,228.54,4407813
2021-01-06,MSFT,222.11,224.8,216.32,223.13,6767461
2021-01-07,MSFT,222.06,232.26,222.28,224.32,13353114
2021-01-08,MSFT,226.82,231.98,224.68,225.45,2782804
2021-01-11,MSFT,231.21,239.24,228.7,229.01,7030949
2021-01-12,MSFT,231.22,238.59,231.02,231.72,14614511
2021-01-13,MSFT,219.1,225.02,212.26,219.89,2988670
2021-01-14,MSFT,219.62,222.79,217.97,219.37,1408040
2021-01-15,MSFT,221.04,222.79,213.7,221.3,6051500
2021-01-18,MSFT,221.05,222.05,214.73,220.01,11309691
2021-01-19,MSFT,231.19,238.37,227.91,230.01,1787733
2021-01-20,MSFT,222.66,225.48,222.89,223.52,12210725
2021-01-21,MSFT,222.35,227.5,221.83,222.22,3752754
2021-01-22,MSFT,224.87,229.8,225.09,225.64,6508272
2021-01-25,MSFT,228.22,238.13,224.78,229.82,5694346
2021-01-26,MSFT,233.3,234.93,228.03,232.1,2280397
2021-01-27,MSFT,238.87,243.55,234.36,239.94,3065317
2021-01-28,MSFT,241.83,243.43,236.79,243.25,4500518
2021-01-29,MSFT,247.43,249.92,236.16,244.22,5110279
2021-02-01,MSFT,242.4,242.15,239.35,241.89,8366020
2021-02-02,MSFT,246.94,246.69,246.09,246.56,5091666
2021-02-03,MSFT,236.7,237.08,232.47,236.53,287379
2021-02-04,MSFT,240.53,242.31,239.38,239.95,1442379
2021-02-05,MSFT,235.47,241.83,235.15,235.68,8926585
2021-02-08,MSFT,241.51,241.26,237.92,240.97,1081800
2021-02-09,MSFT,238.02,245.25,237.65,239.6,1977558
2021-02-10,MSFT,242.89,250.72,242.32,244.33,4049071
2021-02-11,MSFT,247.9,252.95,246.85,247.83,1473047
2021-02-12,MSFT,249.01,250.25,243.27,247.82,18316325
2021-02-15,MSFT,250.02,250.77,247.2,249.01,4444522
2021-02-16,MSFT,255.32,255.07,245.84,254.09,2823350
2021-02-17,MSFT,254.79,254.53,244.86,254.37,3054558
2021-02-18,MSFT,243.24,246.6,242.97,243.92,4715952
2021-02-19,MSFT,241.84,243.09,234.43,242.13,1185431
2021-02-22,MSFT,244.36,248.83,240.86,242.05,3161824
2021-02-23,MSFT,240.4,245.39,240.64,241.81,6471107
2021-02-24,MSFT,244.48,245.66,242.28,245.39,4089289
2021-02-25,MSFT,244.54,253.28,244.79,244.89,12047871
2021-02-26,MSFT,243.37,245.93,240.37,245.83,2753778
2021-03-01,MSFT,250.16,251.42,249.26,251.05,4582750
2021-03-02,MSFT,242.83,247.18,241.65,244.55,2601761
2021-03-03,MSFT,250.18,255.43,248.06,249.97,1123955
2021-03-04,MSFT,249.08,249.74,247.4,249.29,2277942
2021-03-05,MSFT,242.56,245.83,233.81,244.23,5087947
2021-03-08,MSFT,243.98,247.98,239.08,241.31,5864603
2021-03-09,MSFT,237.33,238.71,231.8,236.73,5966906
2021-03-10,MSFT,239.76,239.52,236.02,239.48,18578524
2021-03-11,MSFT,239.78,250.86,240.02,241.14,14789191
2021-03-12,MSFT,241.42,243.04,237.52,241.75,3644143
2021-03-15,MSFT,240.14,239.99,234.8,237.73,3716303
2021-03-16,MSFT,238.95,242.31,234.59,236.33,5741153
2021-03-17,MSFT,236.73,238.9,234.16,236.61,14699977
2021-03-18,MSFT,238.48,242.88,236.49,239.17,3834665
2021-03-19,MSFT,242.58,242.33,236.01,241.6,7165905
2021-03-22,MSFT,243.96,244.73,241.85,242.46,7396153
2021-03-23,MSFT,234.8,236.59,233.04,235.5,3104512
2021-03-24,MSFT,231.92,231.69,225.5,230.26,17386219
2021-03-25,MSFT,238.42,244.83,229.87,237.6,2033768
2021-03-26,MSFT,233.23,236.68,233.46,235.54,4878601
2021-03-29,MSFT,232.55,234.24,232.79,233.98,9677838
2021-03-30,MSFT,235.47,240.99,235.71,237.04,6660905
2021-03-31,MSFT,235.88,238.41,235.25,235.67,8827939
2021-04-01,MSFT,233.88,234.85,230.4,233.36,4792674
2021-04-02,MSFT,226.72,230.67,224.36,228.46,18328114
2021-04-05,MSFT,229.89,231.19,227.2,230.14,7298790
2021-04-06,MSFT,224.03,228.89,224.25,224.48,7171202
2021-04-07,MSFT,217.49,219.0,213.38,217.13,25744115
2021-04-08,MSFT,210.75,213.2,209.34,209.84,6529844
2021-04-09,MSFT,209.31,212.69,205.01,209.02,11541383
2021-04-12,MSFT,207.55,210.92,204.92,207.8,8898346
2021-04-13,MSFT,205.9,211.26,206.1,206.35,9000873
2021-04-14,MSFT,202.66,207.72,202.87,203.0,2033142
2021-04-15,MSFT,205.4,207.82,199.64,206.02,12743074
2021-04-16,MSFT,204.24,210.92,200.36,203.45,7949403
2021-04-19,MSFT,202.43,206.14,201.17,203.73,3358697
2021-04-20,MSFT,202.77,204.15,202.23,202.55,2696493
2021-04-21,MSFT,198.05,197.86,196.39,197.66,1569599
2021-04-22,MSFT,197.16,199.93,197.35,199.21,22756677
2021-04-23,MSFT,201.95,203.92,200.2,201.35,1809867
2021-04-26,MSFT,199.24,208.12,199.44,200.9,12999598
2021-04-27,MSFT,202.95,208.71,202.07,202.12,1446714
2021-04-28,MSFT,204.68,210.91,197.61,203.72,2502607
2021-04-29,MSFT,211.11,212.56,206.96,210.94,2975788
2021-04-30,MSFT,205.98,207.85,200.4,207.42,4053719
2021-05-03,MSFT,207.16,211.96,207.36,208.61,412037
2021-05-04,MSFT,210.29,213.82,204.21,209.24,1210460
2021-05-05,MSFT,207.17,213.72,206.04,207.49,9252182
2021-05-06,MSFT,214.54,217.47,212.68,213.16,8822139
2021-05-07,MSFT,212.89,219.57,208.59,212.49,5714769
2021-05-10,MSFT,213.71,213.49,208.3,213.47,14117823
2021-05-11,MSFT,214.82,214.6,207.58,213.29,3315486
2021-05-12,MSFT,213.26,214.72,210.91,214.18,7599545
2021-05-13,MSFT,212.12,213.3,207.89,209.99,3525805
2021-05-14,MSFT,212.9,215.74,206.19,211.5,8515953
2021-05-17,MSFT,213.37,213.5,211.0,212.91,3875155
2021-05-18,MSFT,205.91,211.6,205.72,208.35,3667335
2021-05-19,MSFT,210.73,211.8,209.01,209.88,4400254
2021-05-20,MSFT,213.83,214.07,211.43,212.5,6230385
2021-05-21,MSFT,211.8,211.59,210.72,211.1,1282365
2021-05-24,MSFT,210.65,212.12,199.82,210.6,1850888
2021-05-25,MSFT,207.89,214.68,205.24,208.49,7262443
2021-05-26,MSFT,200.32,201.2,194.73,199.1,2344674
2021-05-27,MSFT,198.95,204.38,197.5,200.96,5278379
2021-05-28,MSFT,195.38,198.17,189.87,196.53,7905425
2021-05-31,MSFT,205.64,207.66,200.02,204.27,5800607
2021-06-01,MSFT,207.98,207.77,203.56,206.38,3320845
2021-06-02,MSFT,200.82,208.52,201.02,202.85,6405719
2021-06-03,MSFT,202.66,205.05,199.04,203.07,4210789
2021-06-04,MSFT,198.56,205.03,194.29,200.05,983300
2021-06-07,MSFT,202.63,206.56,202.83,204.12,13432584
2021-06-08,MSFT,203.45,205.81,203.65,203.91,6689093
2021-06-09,MSFT,201.18,203.99,197.99,201.11,4824681
2021-06-10,MSFT,195.43,195.24,193.94,195.15,3124992
2021-06-11,MSFT,199.44,203.49,197.86,199.82,3822136
2021-06-14,MSFT,210.18,210.95,206.69,209.27,6709264
2021-06-15,MSFT,207.72,211.45,200.75,207.87,5191794
2021-06-16,MSFT,210.77,211.23,208.22,210.52,2849743
2021-06-17,MSFT,208.85,213.95,205.13,209.73,1822759
2021-06-18,MSFT,212.71,212.5,209.38,211.41,3770397
2021-06-21,MSFT,208.79,211.23,206.28,209.54,1541234
2021-06-22,MSFT,206.63,209.63,202.78,207.67,57337618
2021-06-23,MSFT,206.13,207.69,205.82,207.41,8931810
2021-06-24,MSFT,208.25,210.86,202.47,208.1,969584
2021-06-25,MSFT,210.92,210.71,206.37,209.92,1383515
2021-06-28,MSFT,212.49,218.51,207.42,213.15,7269377
2021-06-29,MSFT,214.18,218.81,211.2,211.66,1417172
2021-06-30,MSFT,211.49,213.84,210.89,212.32,5131392
2021-07-01,MSFT,211.05,210.94,207.13,210.7,1745179
2021-07-02,MSFT,207.62,211.06,200.9,206.73,7844157
2021-07-05,MSFT,212.78,214.2,213.0,213.17,9659744
2021-07-06,MSFT,214.96,219.03,214.2,215.26,5049797
2021-07-07,MSFT,212.73,215.5,212.91,213.06,2968867
2021-07-08,MSFT,212.36,212.6,208.29,210.77,3772222
2021-07-09,MSFT,215.39,216.95,209.1,215.12,7867924
2021-07-12,MSFT,223.24,225.43,223.23,223.4,3500778
2021-07-13,MSFT,228.24,233.12,222.87,227.79,4636419
2021-07-14,MSFT,225.68,227.36,216.87,223.42,2466301
2021-07-15,MSFT,222.25,234.66,220.67,223.62,13622293
2021-07-16,MSFT,228.04,227.81,224.38,225.86,14133964
2021-07-19,MSFT,225.46,228.31,225.69,225.95,3752977
2021-07-20,MSFT,215.64,223.56,212.49,219.31,1260606
2021-07-21,MSFT,219.38,224.37,217.32,220.54,1265186
2021-07-22,MSFT,216.61,218.1,216.27,217.31,5280015
2021-07-23,MSFT,215.56,221.16,210.5,216.35,9225657
2021-07-26,MSFT,208.11,210.93,208.32,209.25,3231545
2021-07-27,MSFT,205.87,205.79,197.46,204.94,4300730
2021-07-28,MSFT,198.37,207.53,196.7,201.18,961937
2021-07-29,MSFT,203.4,204.13,201.75,203.76,14004793
2021-07-30,MSFT,199.25,201.12,196.48,198.26,1316491
2021-08-02,MSFT,197.24,202.79,194.18,198.76,5597459
2021-08-03,MSFT,200.6,200.83,199.81,200.48,3878084
2021-08-04,MSFT,203.14,205.11,203.34,203.7,3768442
2021-08-05,MSFT,200.78,203.82,198.46,201.65,3822504
2021-08-06,MSFT,202.19,205.73,195.84,199.74,2960008
2021-08-09,MSFT,202.23,204.96,198.33,202.99,7323283
2021-08-10,MSFT,207.02,206.98,198.15,204.75,4655792
2021-08-11,MSFT,205.34,210.23,202.01,205.44,4137472
2021-08-12,MSFT,205.05,205.17,199.55,204.94,3613949
2021-08-13,MSFT,209.97,209.93,205.86,208.13,6486677
2021-08-16,MSFT,213.39,216.31,203.54,210.03,4905627
2021-08-17,MSFT,201.57,206.65,198.97,200.76,13942497
2021-08-18,MSFT,202.21,202.01,200.67,201.57,9915534
2021-08-19,MSFT,201.74,212.54,199.29,200.77,6940694
2021-08-20,MSFT,208.02,209.58,207.64,208.12,5779994
2021-08-23,MSFT,211.07,213.55,205.24,209.59,3018907
2021-08-24,MSFT,206.77,210.08,203.0,206.83,6940016
2021-08-25,MSFT,206.5,207.72,204.36,205.4,1768079
2021-08-26,MSFT,201.03,208.2,196.43,202.5,3256808
2021-08-27,MSFT,207.62,208.89,206.87,207.0,8183147
2021-08-30,MSFT,206.46,209.12,200.08,208.36,2501280
2021-08-31,MSFT,208.61,208.4,202.32,207.59,10260026
2021-09-01,MSFT,208.37,209.03,202.38,207.46,1226585
2021-09-02,MSFT,206.26,207.07,201.44,203.78,8808308
2021-09-03,MSFT,202.11,206.74,202.31,202.87,12156994
2021-09-06,MSFT,201.41,201.66,198.85,201.59,16977779
2021-09-07,MSFT,202.08,204.16,202.28,202.45,2696915
2021-09-08,MSFT,205.25,206.77,199.79,204.18,2983884
2021-09-09,MSFT,202.99,205.06,195.34,202.86,7099182
2021-09-10,MSFT,203.83,204.8,195.96,203.71,3725173
2021-09-13,MSFT,206.74,209.42,201.64,207.06,1680748
2021-09-14,MSFT,209.82,215.12,204.69,212.16,7081706
2021-09-15,MSFT,209.54,214.04,209.53,210.86,2923724
2021-09-16,MSFT,206.11,206.93,204.93,205.23,7792909
2021-09-17,MSFT,205.02,209.98,205.23,207.76,1818843
2021-09-20,MSFT,205.41,206.36,205.62,205.89,9478640
2021-09-21,MSFT,208.66,209.01,204.9,207.5,4745872
2021-09-22,MSFT,211.39,213.16,205.29,209.07,9793148
2021-09-23,MSFT,211.12,215.85,207.14,211.12,12815928
2021-09-24,MSFT,211.81,212.53,202.37,209.55,10282144
2021-09-27,MSFT,212.61,216.09,209.96,212.57,3696749
2021-09-28,MSFT,212.37,212.94,208.54,210.46,7327180
2021-09-29,MSFT,208.16,207.95,203.43,207.33,1545452
2021-09-30,MSFT,207.15,206.95,204.96,206.83,32497344
2021-10-01,MSFT,204.75,204.54,200.65,204.11,15313609
2021-10-04,MSFT,202.0,207.74,201.95,203.0,11058501
2021-10-05,MSFT,200.86,207.05,198.84,200.33,2972809
2021-10-06,MSFT,192.53,194.95,188.05,193.25,1888440
2021-10-07,MSFT,194.5,201.01,194.7,195.47,10317174
2021-10-08,MSFT,196.15,195.96,192.72,195.69,7404028
2021-10-11,MSFT,201.02,200.82,196.87,199.73,6136040
2021-10-12,MSFT,206.57,209.64,202.55,206.83,2873930
2021-10-13,MSFT,205.77,211.57,204.11,204.84,7035632
2021-10-14,MSFT,200.75,205.32,196.97,200.82,4126245
2021-10-15,MSFT,197.53,199.17,194.57,198.13,1742401
2021-10-18,MSFT,197.52,201.81,197.01,197.29,2008401
2021-10-19,MSFT,194.4,195.84,193.92,195.57,1581336
2021-10-20,MSFT,193.26,196.7,190.37,194.77,6692749
2021-10-21,MSFT,194.82,195.96,189.49,194.98,8953461
2021-10-22,MSFT,197.35,197.7,195.2,196.86,6907606
2021-10-25,MSFT,195.57,197.44,192.2,194.95,1866342
2021-10-26,MSFT,196.92,199.84,197.12,198.45,5375946
2021-10-27,MSFT,198.41,201.17,198.61,199.17,9557466
2021-10-28,MSFT,197.67,198.47,197.87,198.33,3336375
2021-10-29,MSFT,196.11,198.78,193.32,196.18,4411371
2021-11-01,MSFT,197.73,197.53,196.12,196.64,3993218
2021-11-02,MSFT,198.64,202.73,198.19,199.88,7956458
2021-11-03,MSFT,201.45,203.12,194.61,199.72,7992244
2021-11-04,MSFT,203.72,209.62,198.39,202.43,4436024
2021-11-05,MSFT,207.38,209.0,207.59,207.9,2099443
2021-11-08,MSFT,217.34,220.36,213.12,214.88,7929905
2021-11-09,MSFT,213.38,216.53,211.42,214.09,4341787
2021-11-10,MSFT,214.41,223.21,213.82,215.29,3983199
2021-11-11,MSFT,221.42,221.19,218.37,220.67,5619569
2021-11-12,MSFT,229.55,229.32,228.61,228.66,15729056
2021-11-15,MSFT,239.38,241.01,236.47,237.83,5588171
2021-11-16,MSFT,242.03,241.79,239.19,240.81,4453103
2021-11-17,MSFT,243.45,251.25,241.12,242.19,8398694
2021-11-18,MSFT,248.26,252.17,248.2,248.66,15478977
2021-11-19,MSFT,251.16,250.9,249.88,250.74,6403450
2021-11-22,MSFT,250.45,256.91,242.99,250.09,6431998
2021-11-23,MSFT,242.5,242.26,232.35,242.13,5582510
2021-11-24,MSFT,250.59,252.09,248.5,249.19,4328008
2021-11-25,MSFT,251.96,253.44,250.63,252.9,25509782
2021-11-26,MSFT,254.95,259.71,250.58,255.57,1882297
2021-11-29,MSFT,251.94,254.59,249.14,251.76,7068454
2021-11-30,MSFT,249.0,250.4,249.25,249.62,2366594
2021-12-01,MSFT,246.95,246.7,243.79,245.89,9901656
2021-12-02,MSFT,243.14,243.23,236.9,242.17,11033264
2021-12-03,MSFT,238.94,243.05,239.18,239.38,5320606
2021-12-06,MSFT,234.8,239.56,227.99,235.59,1340943
2021-12-07,MSFT,240.89,241.76,235.79,239.6,6553123
2021-12-08,MSFT,241.5,247.38,239.7,240.77,23957142
2021-12-09,MSFT,235.56,238.21,234.65,236.95,7629002
2021-12-10,MSFT,234.8,243.74,231.58,232.47,1067727
2021-12-13,MSFT,230.11,239.33,224.32,232.81,11300984
2021-12-14,MSFT,241.2,241.82,236.09,238.55,3551183
2021-12-15,MSFT,232.43,239.85,231.89,232.15,3511236
2021-12-16,MSFT,236.02,240.82,231.12,235.28,6130569
2021-12-17,MSFT,230.48,235.47,226.24,233.0,7891461
2021-12-20,MSFT,228.38,238.37,224.64,228.38,2645129
2021-12-21,MSFT,229.83,237.09,230.06,230.59,13615073
2021-12-22,MSFT,236.68,238.73,232.66,236.74,2342449
2021-12-23,MSFT,237.5,241.32,236.69,239.59,2035926
2021-12-24,MSFT,237.09,241.66,233.19,236.81,6381949
2021-12-27,MSFT,232.98,233.28,226.46,231.58,7420663
2021-12-28,MSFT,237.06,237.49,234.22,236.62,2456324
2021-12-29,MSFT,237.71,243.41,237.95,238.47,1688184
2021-12-30,MSFT,240.42,244.94,240.08,240.81,6369513
2021-12-31,MSFT,237.62,246.86,232.49,236.73,2849947
2022-01-03,MSFT,238.19,242.81,234.93,236.73,3525446
2022-01-04,MSFT,240.75,244.84,233.93,240.64,2661429
2022-01-05,MSFT,248.71,257.94,248.19,248.95,4873036
2022-01-06,MSFT,242.02,245.87,239.71,243.0,5540527
2022-01-07,MSFT,247.12,248.72,247.26,247.75,7688191
2022-01-10,MSFT,244.31,244.87,242.61,244.72,2928375
2022-01-11,MSFT,241.35,246.57,237.49,242.04,5679762
2022-01-12,MSFT,246.02,245.77,242.82,245.05,3937910
2022-01-13,MSFT,244.38,244.64,241.24,244.59,5309838
2022-01-14,MSFT,248.22,249.77,246.04,246.24,1551660
2022-01-17,MSFT,244.13,243.89,240.93,243.48,17170508
2022-01-18,MSFT,248.75,252.33,247.97,249.51,9914250
2022-01-19,MSFT,251.81,251.55,248.27,251.44,3641407
2022-01-20,MSFT,261.18,262.76,253.12,259.48,1986240
2022-01-21,MSFT,256.45,259.18,256.71,257.35,3282562
2022-01-24,MSFT,259.73,269.0,248.08,259.15,5111620
2022-01-25,MSFT,266.18,268.69,263.61,263.92,4978778
2022-01-26,MSFT,259.18,263.06,253.62,260.26,26678066
2022-01-27,MSFT,265.3,265.03,262.8,264.1,13787053
2022-01-28,MSFT,265.83,273.14,259.52,267.63,4612729
2022-01-31,MSFT,266.99,277.33,263.16,268.29,9332415
2022-02-01,MSFT,271.58,271.61,265.31,269.1,5929073
2022-02-02,MSFT,260.05,269.62,257.43,261.81,3640623
2022-02-03,MSFT,268.13,278.29,265.02,266.54,6989591
2022-02-04,MSFT,263.46,265.06,258.71,261.11,36615653
2022-02-07,MSFT,257.54,262.97,257.37,260.21,5477803
2022-02-08,MSFT,256.6,256.35,249.74,255.08,3418972
2022-02-09,MSFT,253.3,253.76,245.34,250.15,9867337
2022-02-10,MSFT,244.19,249.3,240.61,244.98,3733607
2022-02-11,MSFT,248.43,248.19,243.26,247.2,4272669
2022-02-14,MSFT,248.82,251.8,238.45,248.69,7374873
2022-02-15,MSFT,244.94,244.69,243.18,244.38,7056116
2022-02-16,MSFT,249.1,251.16,247.29,248.22,5284813
2022-02-17,MSFT,254.69,258.65,253.32,254.46,6318269
2022-02-18,MSFT,263.29,272.52,263.56,264.28,3167379
2022-02-21,MSFT,257.65,263.0,254.56,258.39,8127319
2022-02-22,MSFT,265.84,274.99,259.96,264.28,6441873
2022-02-23,MSFT,274.05,274.45,270.46,273.03,4220551
2022-02-24,MSFT,264.78,271.81,262.24,265.53,2638070
2022-02-25,MSFT,272.42,272.94,267.74,268.77,3989285
2022-02-28,MSFT,272.27,283.11,270.11,274.88,1448721
2022-03-01,MSFT,266.47,269.86,265.62,266.15,5085468
2022-03-02,MSFT,264.0,264.54,262.27,263.42,21530486
2022-03-03,MSFT,267.69,270.14,265.1,265.98,1685507
2022-03-04,MSFT,266.55,272.69,261.21,269.92,8984863
2022-03-07,MSFT,268.71,270.47,268.86,269.09,5829806
2022-03-08,MSFT,275.11,275.09,269.63,274.42,4382164
2022-03-09,MSFT,274.51,283.93,273.21,273.38,1972897
2022-03-10,MSFT,268.27,268.41,267.35,267.78,4214492
2022-03-11,MSFT,271.22,276.38,265.45,269.01,5507720
2022-03-14,MSFT,266.51,266.24,264.14,265.67,2527852
2022-03-15,MSFT,268.4,272.26,266.92,267.79,19213780
2022-03-16,MSFT,258.05,264.25,254.31,260.71,7959143
2022-03-17,MSFT,256.53,257.12,255.82,256.24,1159262
2022-03-18,MSFT,248.34,250.51,244.91,248.89,1943572
2022-03-21,MSFT,253.09,259.33,250.87,252.11,937864
2022-03-22,MSFT,243.36,243.12,241.03,243.06,3791654
2022-03-23,MSFT,245.8,249.45,238.53,243.57,4548403
2022-03-24,MSFT,244.09,248.65,239.05,242.11,2480368
2022-03-25,MSFT,237.11,238.37,237.35,237.49,4390886
2022-03-28,MSFT,229.05,231.38,223.65,230.5,4202291
2022-03-29,MSFT,232.32,233.94,231.64,232.98,3972387
2022-03-30,MSFT,237.69,238.66,237.93,237.93,22682639
2022-03-31,MSFT,232.51,234.56,232.74,232.86,9750572
2022-04-01,MSFT,237.93,245.71,236.02,238.66,3088816
2022-04-04,MSFT,239.19,238.95,229.68,236.91,3321609
2022-04-05,MSFT,236.98,237.37,233.17,235.88,1029213
2022-04-06,MSFT,234.58,235.34,226.98,234.96,2058770
2022-04-07,MSFT,233.4,237.89,231.45,233.34,10743769
2022-04-08,MSFT,236.98,240.01,235.41,238.17,4495218
2022-04-11,MSFT,236.86,237.95,233.61,235.45,13559552
2022-04-12,MSFT,241.75,245.71,236.26,240.93,8284856
2022-04-13,MSFT,241.09,246.15,238.65,241.1,9725274
2022-04-14,MSFT,239.07,246.47,238.22,239.78,7822793
2022-04-15,MSFT,237.97,239.73,237.25,237.48,4351452
2022-04-18,MSFT,241.33,248.72,235.43,240.36,8280096
2022-04-19,MSFT,242.03,244.09,241.79,242.78,17187211
2022-04-20,MSFT,240.58,244.9,235.92,239.21,21994227
2022-04-21,MSFT,230.38,233.5,230.61,230.9,3771598
2022-04-22,MSFT,228.27,234.25,225.2,228.43,17374242
2022-04-25,MSFT,228.91,229.61,225.18,228.76,5122457
2022-04-26,MSFT,227.89,232.35,225.05,228.3,2683566
2022-04-27,MSFT,233.77,238.43,230.17,230.24,5068740
2022-04-28,MSFT,227.36,229.27,225.33,226.23,13501677
2022-04-29,MSFT,228.5,228.27,224.11,227.65,3480341
2022-05-02,MSFT,226.15,230.51,217.06,226.2,4172187
2022-05-03,MSFT,225.22,225.0,223.47,223.77,2857505
2022-05-04,MSFT,217.99,221.78,216.33,217.62,7336170
2022-05-05,MSFT,209.5,213.99,204.51,210.56,6881560
2022-05-06,MSFT,215.01,216.11,211.68,214.76,21697758
2022-05-09,MSFT,219.55,223.09,219.29,220.13,2569681
2022-05-10,MSFT,231.33,239.12,230.1,231.1,11970674
2022-05-11,MSFT,230.4,234.3,230.12,230.94,5983818
2022-05-12,MSFT,225.55,225.32,219.77,223.51,5207092
2022-05-13,MSFT,225.13,227.42,221.42,224.24,2078982
2022-05-16,MSFT,217.38,218.06,213.39,215.31,10499749
2022-05-17,MSFT,219.81,224.65,218.39,221.71,2391761
2022-05-18,MSFT,222.74,222.62,214.16,221.59,3196448
2022-05-19,MSFT,220.74,223.16,216.59,220.56,11940045
2022-05-20,MSFT,217.4,224.51,214.31,218.78,3682264
2022-05-23,MSFT,215.95,219.29,214.52,218.28,2227711
2022-05-24,MSFT,207.15,211.09,207.36,208.91,3435118
2022-05-25,MSFT,205.8,214.69,203.87,208.92,2703178
2022-05-26,MSFT,215.85,219.76,214.9,215.47,1815436
2022-05-27,MSFT,212.91,212.7,211.91,212.61,3737903
2022-05-30,MSFT,211.81,212.48,205.21,210.26,1102146
2022-05-31,MSFT,215.8,219.18,213.76,214.31,5505456
2022-06-01,MSFT,215.77,217.88,215.99,216.76,5961605
2022-06-02,MSFT,221.5,221.3,221.05,221.21,4045986
2022-06-03,MSFT,223.84,228.68,218.56,225.24,2980929
2022-06-06,MSFT,229.34,236.59,229.08,231.55,5988671
2022-06-07,MSFT,235.04,234.8,233.37,234.72,12244291
2022-06-08,MSFT,243.35,249.0,234.41,243.0,19669918
2022-06-09,MSFT,243.22,252.14,242.33,244.95,6331970
2022-06-10,MSFT,235.13,240.51,232.27,238.15,2869547
2022-06-13,MSFT,241.25,246.66,236.6,241.08,3661755
2022-06-14,MSFT,238.22,239.61,233.16,239.37,2631536
2022-06-15,MSFT,240.69,241.98,233.36,239.47,2225217
2022-06-16,MSFT,233.9,250.31,233.99,236.12,23229443
2022-06-17,MSFT,235.41,238.59,235.65,236.0,5019318
2022-06-20,MSFT,231.66,232.45,225.8,231.39,9189878
2022-06-21,MSFT,231.79,235.14,231.93,233.74,7768394
2022-06-22,MSFT,237.23,236.99,232.0,236.08,5479852
2022-06-23,MSFT,242.21,244.34,233.39,241.59,10146073
2022-06-24,MSFT,245.02,251.39,242.28,244.42,6897132
2022-06-27,MSFT,238.57,242.35,232.09,238.98,11943108
2022-06-28,MSFT,236.82,236.59,229.57,235.63,5520632
2022-06-29,MSFT,236.12,237.21,230.16,233.79,4718817
2022-06-30,MSFT,237.34,241.04,237.58,238.15,4607809
2022-07-01,MSFT,233.74,233.91,226.26,231.7,14798448
2022-07-04,MSFT,232.24,237.11,231.0,232.03,21504009
2022-07-05,MSFT,231.79,235.6,228.71,235.58,13934562
2022-07-06,MSFT,229.28,229.15,228.3,229.07,3482493
2022-07-07,MSFT,230.77,232.34,225.67,231.12,3761722
2022-07-08,MSFT,226.83,229.02,225.47,226.59,1696541
2022-07-11,MSFT,228.27,235.9,221.5,227.05,9818667
2022-07-12,MSFT,228.01,227.78,218.66,226.24,602881
2022-07-13,MSFT,229.11,231.47,229.34,229.46,4327425
2022-07-14,MSFT,234.16,243.18,232.46,234.93,3780903
2022-07-15,MSFT,242.69,244.05,234.64,240.81,4302719
2022-07-18,MSFT,243.57,251.01,243.06,245.93,2727811
2022-07-19,MSFT,241.19,250.4,236.35,242.48,12605686
2022-07-20,MSFT,241.92,247.56,239.81,243.03,9394386
2022-07-21,MSFT,252.18,259.97,246.01,250.95,2190874
2022-07-22,MSFT,259.03,261.1,256.37,256.57,8176257
2022-07-25,MSFT,252.48,260.15,252.33,254.66,11739161
2022-07-26,MSFT,254.65,257.24,254.09,254.09,1895413
2022-07-27,MSFT,257.95,258.66,257.6,257.86,3196866
2022-07-28,MSFT,258.19,260.94,253.86,256.53,1262648
2022-07-29,MSFT,259.63,262.96,255.46,259.88,5181809
2022-08-01,MSFT,256.87,263.05,252.73,255.45,1388142
2022-08-02,MSFT,258.97,259.99,255.22,258.87,4740714
2022-08-03,MSFT,260.71,261.36,256.66,260.32,1837037
2022-08-04,MSFT,263.06,265.82,262.23,262.92,11507034
2022-08-05,MSFT,257.93,261.69,256.42,259.5,7145194
2022-08-08,MSFT,256.16,255.91,253.56,255.26,2460721
2022-08-09,MSFT,257.36,268.48,247.05,257.62,5512022
2022-08-10,MSFT,254.39,263.52,254.64,256.94,10028741
2022-08-11,MSFT,254.9,263.51,255.15,255.48,6099387
2022-08-12,MSFT,259.33,262.7,255.21,257.38,5233748
2022-08-15,MSFT,264.57,266.42,264.84,265.44,3286268
2022-08-16,MSFT,267.43,275.71,267.7,268.61,7235195
2022-08-17,MSFT,268.18,274.94,266.81,270.35,5510435
2022-08-18,MSFT,268.07,268.04,267.45,267.49,3267536
2022-08-19,MSFT,272.49,272.21,266.3,267.96,5545901
2022-08-22,MSFT,267.48,267.75,261.3,267.0,7202052
2022-08-23,MSFT,272.29,273.62,272.56,273.23,2682361
2022-08-24,MSFT,273.68,274.36,272.1,274.19,2403308
2022-08-25,MSFT,272.48,272.31,269.4,271.3,11847427
2022-08-26,MSFT,266.8,271.77,259.12,266.01,5893979
2022-08-29,MSFT,263.17,266.57,261.34,266.07,2579560
2022-08-30,MSFT,263.2,267.08,256.08,265.32,2935346
2022-08-31,MSFT,263.84,266.54,256.16,263.0,5976466
2022-09-01,MSFT,265.31,265.59,258.59,262.78,7434569
2022-09-02,MSFT,264.3,266.04,257.0,263.64,3236053
2022-09-05,MSFT,274.14,278.68,269.64,271.55,10531395
2022-09-06,MSFT,272.31,273.27,261.25,270.72,4821608
2022-09-07,MSFT,263.18,270.95,262.85,266.83,3133108
2022-09-08,MSFT,268.34,271.88,268.28,269.72,5322414
2022-09-09,MSFT,263.2,275.11,255.75,264.85,9381904
2022-09-12,MSFT,268.97,271.02,260.11,270.91,3836137
2022-09-13,MSFT,273.56,275.96,272.01,272.23,20354026
2022-09-14,MSFT,278.28,278.0,273.07,277.37,888103
2022-09-15,MSFT,276.51,282.59,276.79,280.5,1803635
2022-09-16,MSFT,285.8,289.89,286.09,286.3,5274543
2022-09-19,MSFT,285.53,289.46,281.8,286.85,17793258
2022-09-20,MSFT,289.58,293.86,284.1,287.44,3051379
2022-09-21,MSFT,291.53,292.21,280.84,289.79,1741802
2022-09-22,MSFT,284.08,283.8,275.82,283.01,6385056
2022-09-23,MSFT,284.92,284.64,280.37,281.95,27658807
2022-09-26,MSFT,278.0,287.75,278.27,278.62,839996
2022-09-27,MSFT,275.47,279.07,275.42,277.55,10553639
2022-09-28,MSFT,284.41,287.87,276.81,283.42,2377741
2022-09-29,MSFT,280.41,283.57,275.73,281.88,7990828
2022-09-30,MSFT,288.49,294.84,284.66,290.07,4696454
2022-10-03,MSFT,293.45,293.16,288.13,292.06,5046093
2022-10-04,MSFT,289.95,295.34,284.31,290.05,35044872
2022-10-05,MSFT,286.81,290.07,278.26,285.1,3477436
2022-10-06,MSFT,285.37,285.29,275.87,283.51,27867609
2022-10-07,MSFT,283.81,283.83,281.55,282.67,7384370
2022-10-10,MSFT,281.97,282.04,276.6,281.58,2042132
2022-10-11,MSFT,281.56,281.28,266.73,277.7,27055713
2022-10-12,MSFT,287.17,290.24,284.75,287.34,2434708
2022-10-13,MSFT,295.83,303.81,296.12,296.42,7732947
2022-10-14,MSFT,287.55,287.94,286.21,286.23,7228700
2022-10-17,MSFT,286.42,287.48,283.07,283.43,2201865
2022-10-18,MSFT,279.79,287.33,273.13,280.18,6961266
2022-10-19,MSFT,277.84,281.09,274.09,280.13,11490351
2022-10-20,MSFT,292.82,298.47,290.47,290.54,1778796
2022-10-21,MSFT,300.49,300.19,290.68,297.7,3915813
2022-10-24,MSFT,298.0,302.77,298.3,300.33,3372886
2022-10-25,MSFT,299.36,305.14,296.22,301.93,7737292
2022-10-26,MSFT,296.95,307.6,294.74,298.86,19174708
2022-10-27,MSFT,300.97,300.67,299.72,300.1,1547665
2022-10-28,MSFT,292.04,291.75,289.3,290.61,1379955
2022-10-31,MSFT,289.8,295.57,286.12,288.38,3488424
2022-11-01,MSFT,290.28,304.78,289.97,291.49,5455199
2022-11-02,MSFT,292.14,295.47,292.43,293.7,7931835
2022-11-03,MSFT,293.47,298.1,282.22,292.59,4941509
2022-11-04,MSFT,281.24,295.82,275.84,280.75,10196674
2022-11-07,MSFT,299.24,300.08,285.26,296.24,9442386
2022-11-08,MSFT,308.71,308.86,307.9,308.23,14007595
2022-11-09,MSFT,304.39,310.47,295.87,305.65,5168759
2022-11-10,MSFT,302.18,308.57,299.98,304.09,29591692
2022-11-11,MSFT,290.81,300.79,283.67,293.33,25779823
2022-11-14,MSFT,291.6,292.5,282.12,288.11,1152567
2022-11-15,MSFT,290.02,301.81,287.77,292.09,2341904
2022-11-16,MSFT,293.48,299.39,292.43,293.08,2746992
2022-11-17,MSFT,292.65,292.74,290.75,291.0,3928157
2022-11-18,MSFT,290.71,292.61,291.0,291.21,1673566
2022-11-21,MSFT,293.21,293.44,292.17,292.89,8458472
2022-11-22,MSFT,297.49,300.41,289.73,298.22,5148974
2022-11-23,MSFT,294.26,303.9,291.26,298.35,3645061
2022-11-24,MSFT,290.42,297.04,290.71,291.11,6573848
2022-11-25,MSFT,293.66,296.01,286.2,294.69,2996787
2022-11-28,MSFT,299.51,302.02,294.83,300.22,1188092
2022-11-29,MSFT,290.76,292.47,289.9,291.66,2170399
2022-11-30,MSFT,291.56,299.69,287.47,291.17,5357564
2022-12-01,MSFT,293.36,297.0,285.34,292.92,9572103
2022-12-02,MSFT,295.72,295.42,293.71,294.22,6917097
2022-12-05,MSFT,289.02,296.54,289.23,291.65,1870887
2022-12-06,MSFT,283.03,287.68,283.23,284.58,5730430
2022-12-07,MSFT,283.16,293.0,280.11,285.14,11773348
2022-12-08,MSFT,281.61,285.25,277.42,279.22,7162159
2022-12-09,MSFT,278.27,285.86,273.14,278.52,10671610
2022-12-12,MSFT,275.52,275.24,265.33,274.22,2984350
2022-12-13,MSFT,275.26,275.87,271.09,275.27,3007376
2022-12-14,MSFT,274.66,279.55,274.94,276.65,3599842
2022-12-15,MSFT,280.09,282.78,270.92,281.81,3281126
2022-12-16,MSFT,288.34,288.09,285.69,287.73,1575790
2022-12-19,MSFT,286.82,292.33,280.32,287.96,5179120
2022-12-20,MSFT,286.06,290.9,282.48,284.91,2712225
2022-12-21,MSFT,284.95,289.28,279.42,282.84,8767665
2022-12-22,MSFT,277.26,281.65,276.81,279.15,1133867
2022-12-23,MSFT,276.28,279.05,274.28,275.86,4788581
2022-12-26,MSFT,273.63,279.09,270.73,272.64,5477975
2022-12-27,MSFT,282.24,281.96,280.91,280.95,2489772
2022-12-28,MSFT,283.92,290.57,279.51,281.72,5987852
2022-12-29,MSFT,294.81,297.03,290.94,294.61,4311738
2022-12-30,MSFT,297.62,297.51,286.96,296.27,10357476
2023-01-02,MSFT,301.76,307.15,301.63,303.53,5516988
2023-01-03,MSFT,300.36,307.36,294.71,302.98,3193765
2023-01-04,MSFT,304.24,315.43,294.04,304.83,6007055
2023-01-05,MSFT,304.42,305.5,298.53,299.95,4081212
2023-01-06,MSFT,297.26,299.96,288.53,298.8,18506060
2023-01-09,MSFT,297.02,298.16,296.03,296.7,25086671
2023-01-10,MSFT,290.05,290.08,284.75,289.72,9937022
2023-01-11,MSFT,291.96,294.43,285.47,290.45,5252882
2023-01-12,MSFT,295.43,295.14,290.52,291.87,12408343
2023-01-13,MSFT,294.81,294.51,284.1,291.44,1537273
2023-01-16,MSFT,288.77,292.72,285.89,292.36,2993786
2023-01-17,MSFT,292.87,292.58,285.95,292.49,2388268
2023-01-18,MSFT,291.48,293.81,284.71,291.41,3924748
2023-01-19,MSFT,290.56,294.05,289.94,292.07,3559627
2023-01-20,MSFT,303.56,305.08,301.2,302.5,3731593
2023-01-23,MSFT,305.83,305.53,302.34,305.12,3172846
2023-01-24,MSFT,305.58,307.88,302.85,305.39,2000826
2023-01-25,MSFT,308.92,315.48,306.02,307.69,1663332
2023-01-26,MSFT,313.68,317.01,307.69,310.87,3865819
2023-01-27,MSFT,303.58,314.21,303.89,305.65,3517009
2023-01-30,MSFT,307.09,311.48,306.76,308.55,1680805
2023-01-31,MSFT,292.92,296.51,287.97,291.9,5989720
2023-02-01,MSFT,289.56,297.71,289.85,291.73,6844621
2023-02-02,MSFT,294.42,295.48,292.5,294.32,13371260
2023-02-03,MSFT,295.79,303.46,296.0,299.71,4099653
2023-02-06,MSFT,300.15,300.93,297.43,298.22,6492106
2023-02-07,MSFT,292.86,296.67,284.3,290.21,5509432
2023-02-08,MSFT,292.24,296.15,286.04,293.66,5730276
2023-02-09,MSFT,302.82,314.05,296.29,300.72,20498996
2023-02-10,MSFT,295.2,294.9,292.56,293.23,6518175
2023-02-13,MSFT,305.68,311.99,293.92,302.27,3606445
2023-02-14,MSFT,301.1,305.65,294.14,301.69,2476895
2023-02-15,MSFT,305.87,312.23,304.25,306.13,2086416
2023-02-16,MSFT,301.09,306.43,293.28,301.92,2254138
2023-02-17,MSFT,295.12,298.41,282.92,296.49,4495708
2023-02-20,MSFT,301.38,306.66,301.68,303.19,4364369
2023-02-21,MSFT,294.7,297.15,292.58,296.84,4203868
2023-02-22,MSFT,304.66,311.19,298.37,302.79,2959422
2023-02-23,MSFT,299.21,302.34,297.56,300.31,2154846
2023-02-24,MSFT,314.33,314.01,300.5,311.83,3254225
2023-02-27,MSFT,309.52,315.81,306.54,309.3,2583951
2023-02-28,MSFT,311.64,315.4,307.53,310.46,13349927
2023-03-01,MSFT,310.04,309.73,301.72,307.74,2289692
2023-03-02,MSFT,305.5,308.23,299.15,306.08,2971609
2023-03-03,MSFT,318.96,321.93,308.87,313.67,3845664
2023-03-06,MSFT,323.84,325.48,318.08,321.37,3830981
2023-03-07,MSFT,318.71,322.6,314.65,319.75,12659749
2023-03-08,MSFT,319.84,328.09,320.16,321.24,5070368
2023-03-09,MSFT,316.57,320.72,311.15,317.35,2942071
2023-03-10,MSFT,318.14,324.61,313.24,320.56,8458353
2023-03-13,MSFT,321.8,321.48,318.03,320.79,5883323
2023-03-14,MSFT,325.9,334.73,322.34,324.45,7768496
2023-03-15,MSFT,321.97,325.25,316.97,320.98,2968038
2023-03-16,MSFT,327.25,331.99,323.6,324.92,4497612
2023-03-17,MSFT,332.86,334.08,330.05,333.25,1375468
2023-03-20,MSFT,344.48,347.79,339.73,342.35,8797337
2023-03-21,MSFT,331.68,338.14,330.04,335.1,1733295
2023-03-22,MSFT,334.63,343.16,326.61,336.07,1472691
2023-03-23,MSFT,341.21,346.45,334.44,343.39,374815
2023-03-24,MSFT,351.09,355.14,340.1,349.0,5384732
2023-03-27,MSFT,349.13,354.06,349.47,351.49,2197108
2023-03-28,MSFT,354.86,357.55,342.96,351.1,2787784
2023-03-29,MSFT,349.24,356.54,346.67,348.55,2530004
2023-03-30,MSFT,342.99,349.82,341.94,343.65,1816929
2023-03-31,MSFT,354.08,369.62,348.48,352.61,3643121
2023-04-03,MSFT,349.26,356.05,341.08,349.74,3386900
2023-04-04,MSFT,350.87,352.53,346.37,347.96,6492707
2023-04-05,MSFT,346.09,347.77,331.68,341.22,1760284
2023-04-06,MSFT,346.26,353.23,342.19,343.85,7380225
2023-04-07,MSFT,349.88,369.15,350.23,354.25,2348186
2023-04-10,MSFT,357.28,367.53,357.34,358.4,1357702
2023-04-11,MSFT,362.78,371.77,359.06,365.36,15039410
2023-04-12,MSFT,362.37,363.01,356.99,359.29,3172177
2023-04-13,MSFT,357.37,366.72,357.73,360.29,2910427
2023-04-14,MSFT,362.49,362.13,355.35,356.45,5614673
2023-04-17,MSFT,358.88,361.93,357.69,359.17,8559132
2023-04-18,MSFT,357.41,360.82,355.24,356.91,30182362
2023-04-19,MSFT,368.67,368.42,362.9,366.12,2478139
2023-04-20,MSFT,364.17,369.93,357.69,365.52,10224595
2023-04-21,MSFT,364.09,364.55,357.05,362.49,984384
2023-04-24,MSFT,367.2,370.19,364.26,367.68,11202661
2023-04-25,MSFT,353.8,369.47,354.16,357.19,5422315
2023-04-26,MSFT,364.37,364.01,354.76,362.15,4102063
2023-04-27,MSFT,359.21,358.85,354.96,358.69,1861606
2023-04-28,MSFT,363.68,370.88,357.34,364.56,6987842
2023-05-01,MSFT,368.97,377.35,366.8,371.8,4533051
2023-05-02,MSFT,364.93,375.8,358.39,367.41,1305655
2023-05-03,MSFT,367.29,372.43,354.2,369.19,5151801
2023-05-04,MSFT,379.01,381.02,375.72,379.26,2513648
2023-05-05,MSFT,379.95,381.47,378.56,379.26,4614650
2023-05-08,MSFT,376.56,383.51,363.41,376.67,3827120
2023-05-09,MSFT,370.61,383.18,366.25,373.31,3868802
2023-05-10,MSFT,354.63,362.44,354.99,359.3,4228181
2023-05-11,MSFT,352.11,354.47,346.69,349.63,970442
2023-05-12,MSFT,359.63,365.83,348.89,362.15,6328289
2023-05-15,MSFT,375.97,383.41,376.35,376.39,2487629
2023-05-16,MSFT,374.39,387.55,372.2,374.45,4997637
2023-05-17,MSFT,376.57,384.27,372.53,379.8,2673156
2023-05-18,MSFT,389.76,402.08,383.61,390.46,7481785
2023-05-19,MSFT,398.54,407.8,398.16,399.78,4176546
2023-05-22,MSFT,401.41,402.97,400.56,401.9,2337572
2023-05-23,MSFT,402.66,410.53,396.89,401.84,2868959
2023-05-24,MSFT,405.11,411.19,404.35,404.66,1415999
2023-05-25,MSFT,401.73,407.12,397.94,401.95,8038186
2023-05-26,MSFT,402.56,404.4,396.92,403.58,7734484
2023-05-29,MSFT,411.3,417.23,408.12,409.92,6178943
2023-05-30,MSFT,425.82,425.39,418.88,423.9,14205603
2023-05-31,MSFT,410.26,423.53,410.27,414.7,9934305
2023-06-01,MSFT,405.27,418.29,396.35,407.95,8176726
2023-06-02,MSFT,406.05,405.64,398.44,404.51,5798434
2023-06-05,MSFT,399.71,403.46,386.54,395.77,3498785
2023-06-06,MSFT,398.4,399.99,390.85,395.92,6756997
2023-06-07,MSFT,393.39,393.0,386.22,391.03,3777505
2023-06-08,MSFT,396.11,401.45,391.59,397.67,10873362
2023-06-09,MSFT,402.38,406.75,398.87,402.87,20497994
2023-06-12,MSFT,413.86,414.96,413.16,414.41,691393
2023-06-13,MSFT,422.59,426.56,423.01,423.96,3049248
2023-06-14,MSFT,416.45,424.17,408.37,419.2,3734903
2023-06-15,MSFT,435.41,444.81,429.47,429.59,4743585
2023-06-16,MSFT,433.69,433.25,422.71,432.52,2601701
2023-06-19,MSFT,438.39,449.05,432.48,437.23,4541951
2023-06-20,MSFT,446.5,449.26,444.01,446.07,8170267
2023-06-21,MSFT,453.65,461.5,452.18,454.78,3973342
2023-06-22,MSFT,464.33,468.43,460.33,463.5,9138770
2023-06-23,MSFT,484.4,488.26,478.59,484.28,4286442
2023-06-26,MSFT,486.49,486.75,477.95,485.23,22955360
2023-06-27,MSFT,470.98,477.47,465.16,473.2,1984332
2023-06-28,MSFT,451.72,485.23,452.18,456.79,5950585
2023-06-29,MSFT,461.3,482.25,450.46,464.25,12921989
2023-06-30,MSFT,470.18,475.43,463.57,469.21,2888285
2023-07-03,MSFT,486.74,500.4,485.94,487.29,4339832
2023-07-04,MSFT,470.7,473.15,456.03,469.42,3264729
2023-07-05,MSFT,467.17,481.49,466.45,471.03,12775890
2023-07-06,MSFT,472.37,478.05,463.0,467.87,7588583
2023-07-07,MSFT,470.69,476.91,469.48,471.27,7082023
2023-07-10,MSFT,460.8,469.32,451.58,463.79,5410928
2023-07-11,MSFT,465.49,467.65,456.11,464.69,2052886
2023-07-12,MSFT,458.51,462.36,440.29,454.32,3235970
2023-07-13,MSFT,445.85,445.41,444.28,444.45,9473220
2023-07-14,MSFT,447.35,459.47,437.25,447.76,2556731
2023-07-17,MSFT,455.29,463.67,455.36,456.42,9124687
2023-07-18,MSFT,468.1,479.33,464.24,468.59,2851236
2023-07-19,MSFT,474.58,474.45,457.69,471.19,9553744
2023-07-20,MSFT,469.71,472.15,462.41,463.35,16840709
2023-07-21,MSFT,468.19,467.72,458.4,467.14,6917688
2023-07-24,MSFT,438.87,442.96,427.82,442.27,4624931
2023-07-25,MSFT,446.08,455.45,441.89,447.45,6284247
2023-07-26,MSFT,448.21,451.88,441.48,449.14,2462157
2023-07-27,MSFT,449.5,455.08,436.07,451.67,5607782
2023-07-28,MSFT,453.94,477.21,446.83,454.47,18125386
2023-07-31,MSFT,455.73,457.26,448.45,456.57,2385310
2023-08-01,MSFT,463.26,463.88,455.48,459.39,3153352
2023-08-02,MSFT,459.33,472.91,451.99,460.89,4988168
2023-08-03,MSFT,457.02,465.52,455.68,460.67,5060290
2023-08-04,MSFT,461.17,471.91,442.45,461.22,4587683
2023-08-07,MSFT,462.07,471.22,459.93,460.46,5666975
2023-08-08,MSFT,451.65,456.54,446.71,452.42,4743673
2023-08-09,MSFT,461.56,466.01,454.38,456.47,2019618
2023-08-10,MSFT,438.75,446.57,439.19,443.12,4103274
2023-08-11,MSFT,456.02,456.91,443.78,453.86,10452041
2023-08-14,MSFT,440.87,445.78,434.58,442.18,2587662
2023-08-15,MSFT,449.84,454.46,443.38,447.49,4150038
2023-08-16,MSFT,462.04,461.81,457.0,457.49,2531627
2023-08-17,MSFT,478.09,479.59,465.31,479.54,2926741
2023-08-18,MSFT,478.88,483.69,469.24,477.96,15029505
2023-08-21,MSFT,492.31,514.08,481.48,493.12,6291636
2023-08-22,MSFT,497.49,501.43,490.77,496.09,4719829
2023-08-23,MSFT,502.7,502.2,502.01,502.18,3027158
2023-08-24,MSFT,483.95,499.06,484.44,490.26,9884309
2023-08-25,MSFT,491.94,501.7,478.48,489.78,27090749
2023-08-28,MSFT,491.29,502.95,473.58,487.96,4267896
2023-08-29,MSFT,506.23,516.99,494.7,504.52,9846136
2023-08-30,MSFT,496.16,499.9,484.5,495.02,2207395
2023-08-31,MSFT,501.0,505.28,491.19,499.72,2863671
2023-09-01,MSFT,505.65,511.86,498.72,503.7,3641446
2023-09-04,MSFT,485.64,502.63,486.13,489.73,9098139
2023-09-05,MSFT,484.14,495.73,474.34,486.29,10566235
2023-09-06,MSFT,465.88,478.92,466.0,466.87,2754445
2023-09-07,MSFT,458.35,466.07,455.08,463.07,4705790
2023-09-08,MSFT,459.58,468.47,451.44,462.67,5667357
2023-09-11,MSFT,456.97,460.57,446.15,457.67,1356174
2023-09-12,MSFT,453.25,462.53,452.26,452.98,8366668
2023-09-13,MSFT,447.98,467.03,447.0,447.0,7058603
2023-09-14,MSFT,458.19,469.69,453.91,460.44,4165670
2023-09-15,MSFT,449.68,458.3,448.47,456.43,758550
2023-09-18,MSFT,448.03,448.74,446.33,448.21,1182725
2023-09-19,MSFT,454.45,471.35,447.56,450.91,6480130
2023-09-20,MSFT,455.2,465.86,451.55,451.96,4145207
2023-09-21,MSFT,445.51,453.28,439.96,443.3,1157793
2023-09-22,MSFT,437.79,442.3,437.04,437.98,14030481
2023-09-25,MSFT,442.36,443.83,437.92,440.76,9636898
2023-09-26,MSFT,447.6,451.9,446.1,449.88,2400654
2023-09-27,MSFT,453.23,452.77,446.31,452.0,8911148
2023-09-28,MSFT,455.7,466.7,454.82,455.71,16574769
2023-09-29,MSFT,464.1,471.4,455.2,464.52,4915702
2023-10-02,MSFT,462.84,469.19,451.02,466.04,3489039
2023-10-03,MSFT,459.84,477.78,456.55,463.57,4431374
2023-10-04,MSFT,470.16,470.93,465.96,467.75,3418897
2023-10-05,MSFT,460.77,476.26,457.04,463.77,4606549
2023-10-06,MSFT,465.44,470.81,446.38,466.27,2997282
2023-10-09,MSFT,463.59,471.77,459.95,460.73,943374
2023-10-10,MSFT,468.85,468.38,448.11,467.56,1894243
2023-10-11,MSFT,464.41,474.94,464.87,465.94,2709305
2023-10-12,MSFT,492.85,498.62,486.31,488.67,19357852
2023-10-13,MSFT,466.16,470.16,466.63,469.08,2523172
2023-10-16,MSFT,460.94,468.33,458.96,465.0,6708207
2023-10-17,MSFT,464.43,472.71,462.91,468.0,20447477
2023-10-18,MSFT,474.96,479.32,464.19,474.63,9126876
2023-10-19,MSFT,479.68,479.2,453.49,473.84,13237663
2023-10-20,MSFT,464.13,463.66,457.58,459.38,3700430
2023-10-23,MSFT,456.64,461.09,447.99,459.03,6142406
2023-10-24,MSFT,476.05,481.75,465.36,474.6,5105447
2023-10-25,MSFT,455.55,464.03,452.04,453.14,7197533
2023-10-26,MSFT,452.17,455.98,438.84,453.34,26547550
2023-10-27,MSFT,444.56,444.57,429.86,442.88,1109958
2023-10-30,MSFT,431.92,447.0,432.35,433.36,6260881
2023-10-31,MSFT,415.05,419.47,409.61,415.22,5453801
2023-11-01,MSFT,408.44,415.28,399.89,408.7,12351581
2023-11-02,MSFT,402.41,421.21,390.92,401.89,8387877
2023-11-03,MSFT,410.11,417.21,407.89,408.01,2990670
2023-11-06,MSFT,414.14,419.87,409.84,411.01,5197141
2023-11-07,MSFT,415.19,416.48,404.5,412.46,5364326
2023-11-08,MSFT,415.2,418.64,412.86,416.57,5522349
2023-11-09,MSFT,419.56,420.06,414.79,418.29,1425846
2023-11-10,MSFT,411.91,413.42,410.0,411.71,15978916
2023-11-13,MSFT,418.99,435.6,417.98,423.23,1586387
2023-11-14,MSFT,426.49,430.03,423.14,425.61,10778763
2023-11-15,MSFT,422.22,428.68,414.26,423.61,25709063
2023-11-16,MSFT,420.44,434.66,420.86,421.83,2422524
2023-11-17,MSFT,408.71,415.81,400.44,404.79,3943652
2023-11-20,MSFT,403.55,405.96,403.28,405.66,2016533
2023-11-21,MSFT,401.55,405.4,388.89,396.28,1666970
2023-11-22,MSFT,403.32,406.47,401.89,402.22,12492038
2023-11-23,MSFT,389.7,402.95,390.09,392.85,4490168
2023-11-24,MSFT,381.95,390.43,378.4,383.03,5926035
2023-11-27,MSFT,377.88,382.77,374.48,378.54,4354749
2023-11-28,MSFT,371.12,374.91,371.49,372.78,4042363
2023-11-29,MSFT,372.65,372.28,371.29,371.99,10516955
2023-11-30,MSFT,365.45,368.5,356.1,365.57,4745064
2023-12-01,MSFT,360.96,366.46,358.45,361.83,4666024
2023-12-04,MSFT,354.5,357.96,354.62,356.23,3650880
2023-12-05,MSFT,362.81,364.04,355.93,363.52,9451346
2023-12-06,MSFT,362.25,363.57,348.9,359.88,22444876
2023-12-07,MSFT,373.1,374.87,365.68,370.71,4872558
2023-12-08,MSFT,380.5,386.29,373.71,380.31,6635502
2023-12-11,MSFT,380.65,381.3,369.52,378.35,4283386
2023-12-12,MSFT,376.44,382.23,372.21,378.27,5091476
2023-12-13,MSFT,388.46,392.15,374.4,388.61,8070245
2023-12-14,MSFT,390.38,393.4,381.9,391.76,1753721
2023-12-15,MSFT,399.25,401.38,398.73,399.26,5651555
2023-12-18,MSFT,405.29,411.41,395.95,405.29,6307694
2023-12-19,MSFT,404.72,410.04,403.42,403.79,530007
2023-12-20,MSFT,410.71,413.09,403.9,412.65,3628330
2023-12-21,MSFT,400.81,403.54,395.31,402.6,2661844
2023-12-22,MSFT,399.97,400.91,397.28,400.01,18791736
2023-12-25,MSFT,411.59,416.78,408.87,411.55,10976315
2023-12-26,MSFT,415.39,416.61,415.06,415.29,2192922
2023-12-27,MSFT,420.82,442.65,419.4,422.99,3369630
2023-12-28,MSFT,428.26,432.18,415.96,430.24,3172095
2023-12-29,MSFT,433.41,433.83,418.61,432.11,7475936
2024-01-01,MSFT,438.08,441.6,429.17,441.34,27865420
2024-01-02,MSFT,432.45,438.72,432.88,435.74,1735814
2024-01-03,MSFT,440.92,447.87,430.45,438.88,2952492
2024-01-04,MSFT,441.57,446.26,426.69,437.67,1109958
2024-01-05,MSFT,434.58,452.07,429.77,434.87,2849232
2024-01-08,MSFT,437.53,451.19,437.97,438.28,3809347
2024-01-09,MSFT,443.12,451.76,430.74,440.43,9324948
2024-01-10,MSFT,437.79,453.5,437.16,440.31,13472124
2024-01-11,MSFT,454.85,461.23,446.79,455.3,9199821
2024-01-12,MSFT,449.25,453.87,449.7,450.92,2742669
2024-01-15,MSFT,458.75,460.01,447.24,453.61,5429632
2024-01-16,MSFT,465.86,473.12,456.58,468.15,3834773
2024-01-17,MSFT,466.36,469.72,462.12,466.83,6935613
2024-01-18,MSFT,466.65,469.54,452.93,469.41,3888255
2024-01-19,MSFT,466.64,470.04,440.38,464.93,2450381
2024-01-22,MSFT,493.56,501.52,482.54,492.6,3400176
2024-01-23,MSFT,486.09,495.6,486.55,491.17,4420710
2024-01-24,MSFT,486.88,494.48,483.63,489.51,39208554
2024-01-25,MSFT,490.3,499.81,479.98,482.27,25237754
2024-01-26,MSFT,485.79,507.26,486.27,490.31,16368477
2024-01-29,MSFT,500.92,500.42,488.88,498.01,1768914
2024-01-30,MSFT,496.6,504.6,476.86,493.91,3380903
2024-01-31,MSFT,512.81,515.16,502.63,510.52,3073723
2024-02-01,MSFT,510.71,510.2,499.61,508.59,9780009
2024-02-02,MSFT,519.54,527.59,519.17,520.55,12672231
2024-02-05,MSFT,523.7,523.92,513.32,518.19,2422645
2024-02-06,MSFT,521.37,521.92,519.65,520.27,3633892
2024-02-07,MSFT,518.27,528.79,511.47,516.84,29294776
2024-02-08,MSFT,512.17,516.85,505.1,513.11,7363512
2024-02-09,MSFT,523.02,524.82,513.01,522.24,3694149
2024-02-12,MSFT,520.67,524.65,504.55,524.5,17277661
2024-02-13,MSFT,534.32,537.38,526.41,533.22,6783133
2024-02-14,MSFT,543.59,543.04,532.41,538.79,2072304
2024-02-15,MSFT,558.96,560.11,548.7,558.45,3947985
2024-02-16,MSFT,564.15,571.4,558.15,564.03,2649725
2024-02-19,MSFT,564.55,567.33,556.19,562.5,4639603
2024-02-20,MSFT,546.67,557.72,544.29,550.98,8164402
2024-02-21,MSFT,553.41,561.63,551.61,553.02,12550016
2024-02-22,MSFT,539.83,556.6,539.27,540.83,1900442
2024-02-23,MSFT,554.73,556.36,546.8,553.2,2128271
2024-02-26,MSFT,537.31,543.41,536.8,537.6,11323651
2024-02-27,MSFT,563.08,562.52,548.98,559.15,7525399
2024-02-28,MSFT,550.3,553.59,545.58,551.3,898446
2024-02-29,MSFT,554.62,561.24,547.3,552.89,11247693
2024-03-01,MSFT,555.74,561.23,540.36,555.42,4569212
2024-03-04,MSFT,557.97,565.82,538.25,558.84,6790459
2024-03-05,MSFT,556.82,566.1,557.38,563.41,1095922
2024-03-06,MSFT,568.05,570.62,568.5,570.37,8366295
2024-03-07,MSFT,566.16,572.03,558.66,568.86,1496218
2024-03-08,MSFT,569.06,568.5,565.45,568.43,4144976
2024-03-11,MSFT,559.6,573.6,560.16,562.69,5965336
2024-03-12,MSFT,565.47,570.17,565.55,569.14,5411112
2024-03-13,MSFT,567.4,586.98,559.73,569.68,16808153
2024-03-14,MSFT,571.81,575.47,558.82,572.54,4833620
2024-03-15,MSFT,558.66,564.56,549.32,564.05,835579
2024-03-18,MSFT,564.69,564.12,561.02,564.05,3619288
2024-03-19,MSFT,597.49,602.85,573.38,589.95,11021063
2024-03-20,MSFT,608.47,618.87,609.08,609.14,7212534
2024-03-21,MSFT,602.66,620.03,603.27,604.82,1237108
2024-03-22,MSFT,611.96,615.1,612.57,613.94,8720552
2024-03-25,MSFT,602.27,608.83,590.16,605.06,2098173
2024-03-26,MSFT,612.16,635.25,612.78,613.52,1856102
2024-03-27,MSFT,605.27,610.95,574.28,605.05,36949949
2024-03-28,MSFT,597.99,598.95,583.52,594.66,6086048
2024-03-29,MSFT,586.47,612.85,578.34,596.97,2172797
2024-04-01,MSFT,597.62,601.8,586.37,599.51,5406219
2024-04-02,MSFT,593.79,599.53,589.89,592.39,4471871
2024-04-03,MSFT,595.6,606.75,582.03,603.02,2736613
2024-04-04,MSFT,607.66,623.01,608.1,611.52,1184064
2024-04-05,MSFT,616.58,634.13,614.54,615.46,14281142
2024-04-08,MSFT,616.26,627.89,616.88,619.08,5758750
2024-04-09,MSFT,617.28,628.81,611.34,614.83,10838772
2024-04-10,MSFT,602.68,604.89,573.3,596.84,1045092
2024-04-11,MSFT,583.19,605.49,583.77,585.49,5585316
2024-04-12,MSFT,583.34,588.02,571.49,583.8,7556770
2024-04-15,MSFT,599.47,604.66,583.61,596.17,11670558
2024-04-16,MSFT,592.43,591.84,585.03,587.47,2868382
2024-04-17,MSFT,605.81,615.23,604.24,609.36,3092376
2024-04-18,MSFT,636.84,643.94,618.62,635.36,2869373
2024-04-19,MSFT,632.81,633.25,624.51,633.24,3078698
2024-04-22,MSFT,624.04,639.48,624.66,627.86,14170077
2024-04-23,MSFT,642.79,647.46,622.6,646.36,3771460
2024-04-24,MSFT,653.38,661.56,626.15,659.0,2994262
2024-04-25,MSFT,662.48,676.7,641.3,656.82,1824436
2024-04-26,MSFT,663.45,667.69,661.94,662.49,1196877
2024-04-29,MSFT,642.54,661.16,622.16,642.96,2437145
2024-04-30,MSFT,659.39,671.99,648.28,656.11,3060390
2024-05-01,MSFT,677.69,694.46,652.84,676.87,3338363
2024-05-02,MSFT,682.21,695.91,674.57,680.15,2461460
2024-05-03,MSFT,692.15,708.21,681.03,687.94,9808198
2024-05-06,MSFT,697.18,705.94,678.16,693.44,4687648
2024-05-07,MSFT,717.9,731.55,698.65,716.53,9371907
2024-05-08,MSFT,708.56,707.85,691.23,705.6,2087495
2024-05-09,MSFT,700.55,699.85,690.34,696.08,11476957
2024-05-10,MSFT,708.12,731.75,694.43,708.31,1839573
2024-05-13,MSFT,722.51,729.84,714.0,720.35,7811470
2024-05-14,MSFT,718.38,726.99,693.4,709.69,4714366
2024-05-15,MSFT,695.14,701.24,686.65,693.36,24116409
2024-05-16,MSFT,691.83,695.06,675.58,689.59,3038447
2024-05-17,MSFT,690.81,693.83,681.13,693.5,12615482
2024-05-20,MSFT,703.54,704.53,678.02,701.34,2412360
2024-05-21,MSFT,691.07,700.3,675.52,694.95,8018294
2024-05-22,MSFT,672.72,690.92,673.16,677.97,2169398
2024-05-23,MSFT,667.45,683.24,656.33,667.98,7988074
2024-05-24,MSFT,661.84,669.24,659.26,659.41,3184095
2024-05-27,MSFT,661.37,691.58,660.22,670.84,2832482
2024-05-28,MSFT,670.28,684.02,661.52,663.87,19521526
2024-05-29,MSFT,663.11,677.52,657.99,668.88,2770201
2024-05-30,MSFT,680.36,687.15,668.57,678.05,1733918
2024-05-31,MSFT,692.9,699.9,677.3,691.42,3692560
2024-06-03,MSFT,703.55,717.78,704.13,712.41,4012120
2024-06-04,MSFT,722.78,746.08,700.8,726.36,5997241
2024-06-05,MSFT,745.37,751.64,731.8,746.76,14877320
2024-06-06,MSFT,766.56,778.11,757.23,767.45,4229882
2024-06-07,MSFT,762.73,761.97,735.43,758.29,995434
2024-06-10,MSFT,762.7,765.96,757.22,765.28,1698243
2024-06-11,MSFT,763.46,774.58,741.51,755.38,978412
2024-06-12,MSFT,757.65,756.89,741.9,753.27,13881790
2024-06-13,MSFT,754.8,754.05,731.73,751.0,9758874
2024-06-14,MSFT,756.15,765.77,754.18,758.23,1818268
2024-06-17,MSFT,761.23,772.17,761.06,761.77,6755225
2024-06-18,MSFT,756.54,755.91,739.55,751.82,1338228
2024-06-19,MSFT,742.98,742.24,727.93,741.65,12057741
2024-06-20,MSFT,739.58,741.14,731.3,733.77,3878983
2024-06-21,MSFT,740.25,745.22,738.22,741.65,3538827
2024-06-24,MSFT,747.98,763.84,739.28,744.31,6680904
2024-06-25,MSFT,733.06,739.52,716.5,733.72,4373010
2024-06-26,MSFT,727.37,740.21,728.1,735.91,4969362
2024-06-27,MSFT,734.2,738.92,724.89,732.66,1445797
2024-06-28,MSFT,749.99,758.64,731.8,748.4,4682294
2024-07-01,MSFT,766.14,767.86,750.9,763.59,10089197
2024-07-02,MSFT,781.33,813.84,770.13,775.93,2623553
2024-07-03,MSFT,761.54,767.64,749.93,764.62,8042209
2024-07-04,MSFT,753.85,761.33,750.69,756.62,7606951
2024-07-05,MSFT,782.32,785.81,769.81,775.21,6673644
2024-07-08,MSFT,773.96,777.84,752.76,774.65,5875747
2024-07-09,MSFT,782.24,783.75,766.25,776.14,4060836
2024-07-10,MSFT,766.78,782.27,760.91,762.44,13046337
2024-07-11,MSFT,763.68,764.32,755.73,762.77,16589649
2024-07-12,MSFT,755.63,773.35,756.39,757.62,3024459
2024-07-15,MSFT,745.42,750.91,734.59,747.41,3037616
2024-07-16,MSFT,760.1,759.34,754.16,757.9,1831737
2024-07-17,MSFT,752.06,757.48,742.93,750.55,4741667
2024-07-18,MSFT,769.43,775.67,752.99,763.98,3924236
2024-07-19,MSFT,777.26,781.15,775.42,777.11,4079075
2024-07-22,MSFT,757.85,765.62,756.41,762.9,3368546
2024-07-23,MSFT,757.61,769.41,733.44,759.21,6327191
2024-07-24,MSFT,770.29,775.14,755.56,756.0,11782455
2024-07-25,MSFT,754.4,781.16,755.16,760.42,3689231
2024-07-26,MSFT,751.89,752.26,744.1,744.71,2278166
2024-07-29,MSFT,746.95,758.31,739.96,741.61,23291088
2024-07-30,MSFT,743.27,754.97,733.78,746.7,7404063
2024-07-31,MSFT,717.77,736.85,709.48,726.04,27702497
2024-08-01,MSFT,729.11,737.22,688.67,732.78,9522144
2024-08-02,MSFT,734.05,743.88,726.71,740.86,4797274
2024-08-05,MSFT,756.83,758.55,743.95,748.75,4174593
2024-08-06,MSFT,750.21,758.29,750.96,751.59,9139091
2024-08-07,MSFT,746.4,751.96,747.15,748.71,3429013
2024-08-08,MSFT,739.58,752.64,727.6,736.65,2502566
2024-08-09,MSFT,731.33,736.58,704.31,736.42,1288927
2024-08-12,MSFT,732.77,742.85,733.51,738.03,1230223
2024-08-13,MSFT,736.68,736.9,704.32,731.38,5379394
2024-08-14,MSFT,744.65,766.0,734.8,739.68,2132480
2024-08-15,MSFT,739.86,746.38,735.49,736.33,2314210
2024-08-16,MSFT,730.65,743.73,708.2,726.39,10084039
2024-08-19,MSFT,731.31,745.91,714.09,730.17,2084875
2024-08-20,MSFT,751.91,767.42,734.38,747.18,9087006
2024-08-21,MSFT,765.18,764.41,758.53,761.91,2776095
2024-08-22,MSFT,767.89,785.98,768.65,772.0,21451143
2024-08-23,MSFT,763.37,767.56,750.27,761.82,2785729
2024-08-26,MSFT,754.12,755.8,754.34,754.83,1855644
2024-08-27,MSFT,750.53,752.63,749.28,749.81,3991997
2024-08-28,MSFT,744.39,756.53,731.0,749.79,1831551
2024-08-29,MSFT,734.02,742.9,734.76,737.65,1623021
2024-08-30,MSFT,745.03,760.05,729.79,738.41,3249688
2024-09-02,MSFT,760.55,779.79,761.31,762.96,2617078
2024-09-03,MSFT,756.89,773.9,757.65,764.51,2802686
2024-09-04,MSFT,762.5,768.58,746.22,763.74,7522457
2024-09-05,MSFT,755.18,790.51,753.86,757.6,1875012
2024-09-06,MSFT,738.23,743.07,712.3,733.19,8127735
2024-09-09,MSFT,724.57,761.87,722.49,729.67,7238043
2024-09-10,MSFT,729.55,748.34,718.72,736.37,2947640
2024-09-11,MSFT,727.08,738.21,721.41,731.08,10544775
2024-09-12,MSFT,739.53,753.37,733.44,740.91,3847034
2024-09-13,MSFT,768.33,770.29,756.38,763.84,5875183
2024-09-16,MSFT,786.7,794.68,777.11,783.37,3272565
2024-09-17,MSFT,752.83,769.26,753.49,755.18,1906862
2024-09-18,MSFT,747.72,746.98,734.69,746.16,1219791
2024-09-19,MSFT,725.18,744.82,710.79,732.18,4681499
2024-09-20,MSFT,739.32,747.31,719.81,737.67,3208279
2024-09-23,MSFT,760.9,788.36,751.08,766.5,2615740
2024-09-24,MSFT,784.82,800.17,776.18,784.69,1900475
2024-09-25,MSFT,783.26,784.14,774.53,777.33,2428180
2024-09-26,MSFT,779.89,783.55,766.69,776.14,1358862
2024-09-27,MSFT,757.56,770.87,755.24,760.4,1026119
2024-09-30,MSFT,756.55,775.2,749.11,752.35,547101
2024-10-01,MSFT,753.4,768.58,750.22,758.7,28943170
2024-10-02,MSFT,773.7,775.57,773.79,774.45,2899560
2024-10-03,MSFT,781.25,797.92,756.15,777.2,1492068
2024-10-04,MSFT,764.64,771.26,765.37,767.92,3732611
2024-10-07,MSFT,782.05,807.55,782.83,783.63,2795634
2024-10-08,MSFT,773.2,772.43,757.9,772.28,5492398
2024-10-09,MSFT,784.28,791.87,777.71,785.09,5795464
2024-10-10,MSFT,776.88,786.82,760.8,770.79,2301471
2024-10-11,MSFT,793.26,816.54,788.92,792.39,6006254
2024-10-14,MSFT,787.83,799.42,782.59,783.72,17132554
2024-10-15,MSFT,776.03,785.94,770.95,779.24,7776746
2024-10-16,MSFT,768.43,777.23,765.06,774.96,3804587
2024-10-17,MSFT,771.51,783.62,748.16,774.05,1149658
2024-10-18,MSFT,778.98,788.44,777.47,780.56,6339388
2024-10-21,MSFT,802.97,829.17,798.36,800.98,10067484
2024-10-22,MSFT,809.94,811.25,801.85,807.58,4294859
2024-10-23,MSFT,792.34,794.01,788.82,793.97,6371236
2024-10-24,MSFT,804.07,810.65,761.1,793.33,41150861
2024-10-25,MSFT,796.58,795.78,778.26,792.12,5257926
2024-10-28,MSFT,781.79,782.97,776.63,777.04,2032060
2024-10-29,MSFT,765.37,776.1,754.33,767.2,1803428
2024-10-30,MSFT,757.76,762.18,746.25,750.16,2689260
2024-10-31,MSFT,776.16,783.47,769.08,772.94,3242721
2024-11-01,MSFT,785.22,786.55,768.13,784.62,6811010
2024-11-04,MSFT,770.85,770.08,753.67,766.71,6735451
2024-11-05,MSFT,752.76,765.4,735.01,754.05,5118667
2024-11-06,MSFT,757.88,757.13,751.76,754.47,3120390
2024-11-07,MSFT,756.37,775.31,743.12,754.49,3043916
2024-11-08,MSFT,748.75,760.67,744.32,746.55,3868701
2024-11-11,MSFT,743.6,760.82,729.6,751.04,5354627
2024-11-12,MSFT,734.79,755.08,717.02,739.35,7983930
2024-11-13,MSFT,725.57,730.61,711.72,723.69,6914914
2024-11-14,MSFT,714.85,714.8,710.91,711.25,6383703
2024-11-15,MSFT,725.44,750.94,716.52,719.75,3879600
2024-11-18,MSFT,700.97,721.15,700.85,709.67,4003895
2024-11-19,MSFT,729.24,729.24,713.52,720.94,1918259
2024-11-20,MSFT,734.54,760.07,735.28,736.82,24133721
2024-11-21,MSFT,732.9,745.55,724.8,736.36,12990933
2024-11-22,MSFT,722.56,727.76,706.41,725.74,7943175
2024-11-25,MSFT,739.18,747.57,735.1,738.31,17761498
2024-11-26,MSFT,733.4,749.61,722.32,742.57,6207314
2024-11-27,MSFT,748.3,756.21,740.92,747.05,7555054
2024-11-28,MSFT,732.58,742.82,723.85,733.38,7511535
2024-11-29,MSFT,714.08,713.57,693.39,713.24,14520510
2024-12-02,MSFT,694.61,713.42,693.44,700.1,12697218
2024-12-03,MSFT,690.77,704.83,678.21,686.74,2929491
2024-12-04,MSFT,663.21,671.95,655.86,660.45,2879083
2024-12-05,MSFT,645.77,662.88,646.42,648.19,6599958
2024-12-06,MSFT,638.64,639.12,624.13,633.8,1600544
2024-12-09,MSFT,624.44,629.36,623.43,624.39,10197817
2024-12-10,MSFT,617.47,631.7,604.39,619.89,9793249
2024-12-11,MSFT,621.65,642.64,610.9,616.07,5040172
2024-12-12,MSFT,605.36,614.03,602.88,609.77,6259283
2024-12-13,MSFT,605.84,622.13,572.82,608.89,2524285
2024-12-16,MSFT,618.62,619.82,603.41,618.25,7925856
2024-12-17,MSFT,617.1,618.52,612.24,617.57,1741550
2024-12-18,MSFT,596.9,603.7,583.2,596.31,753886
2024-12-19,MSFT,598.13,597.54,591.34,593.72,5650769
2024-12-20,MSFT,610.98,621.48,603.37,607.77,13089525
2024-12-23,MSFT,603.8,607.23,594.03,595.57,2121855
2024-12-24,MSFT,621.81,622.72,610.48,620.44,1931193
2024-12-25,MSFT,613.73,618.64,590.33,608.36,9051783
2024-12-26,MSFT,614.45,638.65,605.53,615.77,2365814
2024-12-27,MSFT,597.13,605.82,582.5,597.96,10824194
2024-12-30,MSFT,593.0,596.31,593.59,595.22,25609152
2024-12-31,MSFT,584.45,590.84,576.11,589.65,2617683
2020-01-02,GOOGL,67.32,67.27,66.76,66.9,11411288
2020-01-03,GOOGL,64.84,66.31,63.83,64.6,3443740
2020-01-06,GOOGL,65.52,66.39,65.03,65.67,13197327
2020-01-07,GOOGL,66.28,66.5,65.36,65.87,14229001
2020-01-08,GOOGL,67.68,70.09,67.75,67.84,8726335
2020-01-09,GOOGL,68.53,68.89,67.13,68.84,1282406
2020-01-10,GOOGL,68.57,69.95,67.93,68.83,1292899
2020-01-13,GOOGL,68.37,68.91,67.52,68.25,5355200
2020-01-14,GOOGL,67.88,67.81,67.02,67.77,3962083
2020-01-15,GOOGL,67.04,69.47,66.98,67.07,3369397
2020-01-16,GOOGL,66.48,67.85,65.35,67.34,8259848
2020-01-17,GOOGL,67.41,68.22,66.06,67.52,4346743
2020-01-20,GOOGL,65.86,67.88,65.11,66.29,7681573
2020-01-21,GOOGL,65.72,66.69,65.61,65.99,8625279
2020-01-22,GOOGL,66.8,66.86,65.3,66.41,4812106
2020-01-23,GOOGL,65.75,66.19,64.74,66.06,6713729
2020-01-24,GOOGL,65.45,65.89,64.4,65.33,2788631
2020-01-27,GOOGL,66.82,67.94,65.11,65.85,43647613
2020-01-28,GOOGL,65.03,67.48,64.89,65.24,7249682
2020-01-29,GOOGL,66.91,66.84,66.51,66.66,5790531
2020-01-30,GOOGL,66.96,68.39,66.08,66.89,5366789
2020-01-31,GOOGL,67.69,67.62,66.56,67.28,5377468
2020-02-03,GOOGL,68.53,71.35,67.05,68.58,5640021
2020-02-04,GOOGL,69.79,70.84,69.03,69.38,5483193
2020-02-05,GOOGL,69.54,70.02,67.55,68.98,2372422
2020-02-06,GOOGL,70.26,70.44,68.96,69.31,5634478
2020-02-07,GOOGL,68.53,69.68,67.75,68.14,4183763
2020-02-10,GOOGL,65.85,66.39,64.59,66.12,628875
2020-02-11,GOOGL,66.82,67.14,66.8,67.07,6065629
2020-02-12,GOOGL,66.61,67.08,65.34,65.54,1128560
2020-02-13,GOOGL,65.37,65.49,64.95,65.33,6099884
2020-02-14,GOOGL,64.9,65.64,63.48,65.42,7328494
2020-02-17,GOOGL,65.49,66.2,64.38,65.9,3339835
2020-02-18,GOOGL,65.04,66.23,65.1,65.23,5310277
2020-02-19,GOOGL,67.14,68.42,66.45,67.51,4036904
2020-02-20,GOOGL,68.31,69.28,68.38,68.61,7703570
2020-02-21,GOOGL,68.66,69.36,68.06,68.69,5834677
2020-02-24,GOOGL,70.86,71.66,69.09,70.7,9598114
2020-02-25,GOOGL,70.86,70.79,69.35,70.4,1672372
2020-02-26,GOOGL,72.59,74.55,69.27,72.3,10379916
2020-02-27,GOOGL,73.51,73.83,72.98,73.28,3261457
2020-02-28,GOOGL,75.77,79.73,75.13,75.8,2863361
2020-03-02,GOOGL,78.02,77.94,76.75,77.6,6244340
2020-03-03,GOOGL,75.81,76.84,73.2,75.91,26857583
2020-03-04,GOOGL,73.45,75.72,71.46,73.63,6196936
2020-03-05,GOOGL,75.08,75.92,73.76,74.94,5773957
2020-03-06,GOOGL,73.66,74.59,73.55,74.15,8344490
2020-03-09,GOOGL,74.26,75.89,71.92,74.15,9838189
2020-03-10,GOOGL,75.1,76.21,75.18,75.19,8146840
2020-03-11,GOOGL,75.97,76.73,75.74,76.2,6057751
2020-03-12,GOOGL,78.57,80.42,77.56,78.21,3947019
2020-03-13,GOOGL,77.73,79.0,77.12,77.79,5017938
2020-03-16,GOOGL,78.04,78.25,77.07,77.74,4573368
2020-03-17,GOOGL,80.08,82.66,80.16,80.69,944920
2020-03-18,GOOGL,82.37,83.09,81.51,81.81,8288610
2020-03-19,GOOGL,81.71,83.36,81.75,81.91,1811145
2020-03-20,GOOGL,80.5,83.41,80.58,80.62,1081187
2020-03-23,GOOGL,80.38,82.26,78.92,80.1,3890405
2020-03-24,GOOGL,79.31,79.46,76.85,78.49,2136070
2020-03-25,GOOGL,78.07,82.36,76.99,78.64,4766917
2020-03-26,GOOGL,78.43,79.72,75.35,79.57,7089682
2020-03-27,GOOGL,79.22,79.94,78.73,79.0,8815479
2020-03-30,GOOGL,80.59,82.09,77.16,80.0,8739124
2020-03-31,GOOGL,81.01,81.71,80.28,81.36,20250696
2020-04-01,GOOGL,80.7,83.27,79.13,80.55,2648420
2020-04-02,GOOGL,80.57,80.57,79.49,80.54,2661024
2020-04-03,GOOGL,79.85,81.61,78.88,80.82,3225019
2020-04-06,GOOGL,80.67,81.53,80.75,80.78,3636174
2020-04-07,GOOGL,81.86,82.64,81.95,82.42,3218152
2020-04-08,GOOGL,82.94,85.75,80.74,83.96,19076954
2020-04-09,GOOGL,83.77,86.71,82.57,84.95,5274688
2020-04-10,GOOGL,87.94,88.89,84.99,86.89,1961997
2020-04-13,GOOGL,84.32,84.85,83.08,83.97,1563239
2020-04-14,GOOGL,82.15,83.16,81.53,82.26,2077616
2020-04-15,GOOGL,82.32,84.03,82.4,82.94,8396492
2020-04-16,GOOGL,85.23,85.64,84.04,84.54,6922229
2020-04-17,GOOGL,82.33,82.25,81.78,82.06,4828319
2020-04-20,GOOGL,82.12,83.24,81.87,82.11,3269076
2020-04-21,GOOGL,81.24,82.34,79.23,81.13,4015171
2020-04-22,GOOGL,82.04,86.14,81.63,82.15,3348222
2020-04-23,GOOGL,84.55,84.95,83.63,84.45,3217266
2020-04-24,GOOGL,87.07,87.36,84.84,87.04,6825419
2020-04-27,GOOGL,87.38,88.67,86.17,87.39,5391856
2020-04-28,GOOGL,87.09,87.36,84.12,85.59,5491669
2020-04-29,GOOGL,84.44,85.49,83.21,84.7,2499468
2020-04-30,GOOGL,87.53,88.06,87.61,87.9,11294831
2020-05-01,GOOGL,88.13,89.0,86.05,88.33,1996602
2020-05-04,GOOGL,87.79,87.77,87.26,87.65,4081500
2020-05-05,GOOGL,91.21,92.75,91.3,91.38,1682000
2020-05-06,GOOGL,88.87,90.99,88.96,89.07,3614989
2020-05-07,GOOGL,88.94,88.85,87.73,88.74,3805381
2020-05-08,GOOGL,87.67,87.93,85.85,87.9,2425752
2020-05-11,GOOGL,88.71,91.77,88.47,89.05,2480456
2020-05-12,GOOGL,89.79,91.99,89.88,89.97,1924688
2020-05-13,GOOGL,90.08,91.25,90.14,90.58,28811808
2020-05-14,GOOGL,90.84,92.04,88.8,90.33,6171908
2020-05-15,GOOGL,90.39,91.07,90.09,91.04,3194124
2020-05-18,GOOGL,92.27,92.18,91.85,92.08,2268396
2020-05-19,GOOGL,93.98,94.61,92.94,93.63,10834071
2020-05-20,GOOGL,97.04,99.87,95.27,97.6,9104777
2020-05-21,GOOGL,99.92,103.07,99.52,99.81,7557894
2020-05-22,GOOGL,99.12,99.89,98.58,98.73,3493583
2020-05-25,GOOGL,96.87,98.5,92.98,97.56,6976877
2020-05-26,GOOGL,95.72,98.36,94.6,96.06,4151248
2020-05-27,GOOGL,99.83,99.98,96.46,98.28,10125405
2020-05-28,GOOGL,97.68,101.05,94.94,99.3,14176351
2020-05-29,GOOGL,101.62,104.39,100.57,100.65,5165060
2020-06-01,GOOGL,101.18,102.97,100.9,101.15,5261100
2020-06-02,GOOGL,102.51,103.38,100.67,101.1,5452129
2020-06-03,GOOGL,98.98,99.88,96.32,98.92,5531151
2020-06-04,GOOGL,98.29,99.38,96.1,98.81,6272001
2020-06-05,GOOGL,104.18,106.2,99.05,102.94,14057255
2020-06-08,GOOGL,104.84,109.59,103.95,104.23,4274299
2020-06-09,GOOGL,107.27,107.29,104.61,106.56,5287762
2020-06-10,GOOGL,105.23,106.08,104.87,105.61,13490271
2020-06-11,GOOGL,106.06,109.5,104.38,105.51,5564235
2020-06-12,GOOGL,106.45,109.68,104.27,106.48,6967000
2020-06-15,GOOGL,108.62,109.09,108.73,109.04,2356121
2020-06-16,GOOGL,108.22,109.08,105.44,109.0,1370540
2020-06-17,GOOGL,110.27,110.2,108.73,109.02,2352413
2020-06-18,GOOGL,110.26,113.36,108.05,110.63,4116799
2020-06-19,GOOGL,110.35,111.07,110.46,110.99,7295997
2020-06-22,GOOGL,114.23,116.82,112.79,114.72,11532372
2020-06-23,GOOGL,114.24,114.26,112.9,113.34,2654926
2020-06-24,GOOGL,116.01,116.95,114.98,115.81,7484724
2020-06-25,GOOGL,116.12,117.07,113.44,115.24,8180142
2020-06-26,GOOGL,117.21,118.81,117.33,118.45,2376977
2020-06-29,GOOGL,119.2,120.49,116.62,118.68,3340823
2020-06-30,GOOGL,116.84,118.32,115.92,117.29,3953184
2020-07-01,GOOGL,116.95,118.14,115.51,117.17,6111879
2020-07-02,GOOGL,118.98,122.7,116.8,119.72,2874418
2020-07-03,GOOGL,119.89,122.68,118.58,120.24,4283396
2020-07-06,GOOGL,117.68,121.47,114.26,117.66,14196005
2020-07-07,GOOGL,118.1,120.31,116.01,118.27,3380806
2020-07-08,GOOGL,117.39,119.37,114.17,119.32,5502229
2020-07-09,GOOGL,119.72,120.11,117.35,119.09,6539370
2020-07-10,GOOGL,116.83,118.22,116.0,117.5,5977585
2020-07-13,GOOGL,117.54,119.65,116.29,117.38,3308844
2020-07-14,GOOGL,116.96,118.8,114.77,118.3,6030307
2020-07-15,GOOGL,117.63,119.15,114.37,118.86,8859925
2020-07-16,GOOGL,115.82,121.32,115.94,116.43,4218359
2020-07-17,GOOGL,117.28,121.13,113.93,118.82,4336536
2020-07-20,GOOGL,117.37,119.08,116.42,117.45,2384426
2020-07-21,GOOGL,113.23,117.8,113.35,115.21,12569258
2020-07-22,GOOGL,117.79,117.67,112.98,116.26,5293304
2020-07-23,GOOGL,114.45,116.86,114.17,115.93,6632911
2020-07-24,GOOGL,116.01,115.9,114.07,115.84,3584466
2020-07-27,GOOGL,119.42,122.12,118.31,120.04,5684945
2020-07-28,GOOGL,123.4,125.79,121.7,122.4,2333644
2020-07-29,GOOGL,124.19,125.13,121.0,124.9,2685811
2020-07-30,GOOGL,131.93,131.8,130.0,131.52,3364882
2020-07-31,GOOGL,134.27,136.82,132.36,135.46,17380457
2020-08-03,GOOGL,135.41,138.83,133.68,136.93,8903628
2020-08-04,GOOGL,137.88,139.79,137.96,138.07,3202343
2020-08-05,GOOGL,139.65,142.95,138.21,139.36,9147910
2020-08-06,GOOGL,140.27,143.27,138.67,139.98,4344685
2020-08-07,GOOGL,140.33,141.23,137.02,138.26,5022529
2020-08-10,GOOGL,140.72,142.58,138.92,141.3,1664245
2020-08-11,GOOGL,141.53,145.73,140.44,141.13,4012181
2020-08-12,GOOGL,140.8,142.35,140.94,141.24,14642910
2020-08-13,GOOGL,143.57,144.02,139.58,142.24,7410832
2020-08-14,GOOGL,143.69,143.55,137.76,143.24,1820685
2020-08-17,GOOGL,138.33,141.06,134.67,139.95,8808422
2020-08-18,GOOGL,141.21,143.17,136.06,140.07,11210387
2020-08-19,GOOGL,143.25,145.75,141.03,144.47,9334575
2020-08-20,GOOGL,145.35,147.36,145.49,147.15,2262359
2020-08-21,GOOGL,145.89,153.04,142.33,145.61,6054440
2020-08-24,GOOGL,148.74,148.83,147.29,148.17,1857199
2020-08-25,GOOGL,149.11,153.03,147.96,150.02,9440712
2020-08-26,GOOGL,151.13,154.63,148.93,150.84,2010303
2020-08-27,GOOGL,147.61,149.33,142.92,147.76,3896474
2020-08-28,GOOGL,148.1,150.55,145.25,149.17,6736279
2020-08-31,GOOGL,144.25,145.09,141.46,144.53,16256843
2020-09-01,GOOGL,150.2,153.13,148.4,149.36,6831752
2020-09-02,GOOGL,142.47,143.87,140.73,142.34,818667
2020-09-03,GOOGL,145.71,145.71,140.27,143.07,1429920
2020-09-04,GOOGL,142.91,146.43,142.54,143.84,3445847
2020-09-07,GOOGL,142.25,143.3,139.29,141.5,6539708
2020-09-08,GOOGL,139.21,141.55,133.97,140.64,2054566
2020-09-09,GOOGL,140.84,141.72,137.58,140.31,12310638
2020-09-10,GOOGL,140.9,144.8,139.82,140.18,7337767
2020-09-11,GOOGL,139.06,138.92,136.35,138.48,3687845
2020-09-14,GOOGL,141.28,141.14,138.61,140.8,12381792
2020-09-15,GOOGL,138.15,144.48,138.29,140.06,7895158
2020-09-16,GOOGL,139.62,142.55,138.23,140.7,3565713
2020-09-17,GOOGL,141.05,141.1,139.66,140.99,3121668
2020-09-18,GOOGL,141.11,145.54,141.18,142.88,8717571
2020-09-21,GOOGL,140.38,140.24,137.73,139.66,8922197
2020-09-22,GOOGL,139.99,146.24,138.53,140.51,2434760
2020-09-23,GOOGL,138.23,140.69,135.88,138.27,2945783
2020-09-24,GOOGL,137.87,139.42,137.44,139.12,866666
2020-09-25,GOOGL,141.84,141.7,140.24,141.44,10543384
2020-09-28,GOOGL,140.74,145.18,139.97,140.68,4720799
2020-09-29,GOOGL,139.58,139.44,137.9,139.44,7812728
2020-09-30,GOOGL,138.04,139.82,137.88,138.35,2225130
2020-10-01,GOOGL,140.62,142.13,140.77,141.69,3699510
2020-10-02,GOOGL,138.93,145.02,139.07,140.15,4130307
2020-10-05,GOOGL,141.04,143.06,141.18,141.23,4275924
2020-10-06,GOOGL,135.06,139.15,133.66,138.14,4420301
2020-10-07,GOOGL,139.12,142.29,136.99,140.12,26862357
2020-10-08,GOOGL,141.21,142.58,136.18,141.94,4491228
2020-10-09,GOOGL,140.48,142.26,138.96,141.18,5051910
2020-10-12,GOOGL,144.92,148.67,145.07,146.78,7206459
2020-10-13,GOOGL,150.95,150.8,150.55,150.65,3486319
2020-10-14,GOOGL,149.62,151.11,149.77,150.8,23259940
2020-10-15,GOOGL,152.33,153.61,151.05,152.09,19790726
2020-10-16,GOOGL,145.1,147.75,145.24,145.64,12953004
2020-10-19,GOOGL,145.19,145.45,141.31,144.95,4202566
2020-10-20,GOOGL,143.0,145.49,142.03,144.17,9634952
2020-10-21,GOOGL,143.66,146.77,142.94,144.69,1123022
2020-10-22,GOOGL,146.65,150.14,145.29,146.59,1681448
2020-10-23,GOOGL,143.02,146.86,141.55,142.77,4903666
2020-10-26,GOOGL,144.1,145.82,142.47,145.01,2424351
2020-10-27,GOOGL,142.8,142.9,141.48,141.76,9104572
2020-10-28,GOOGL,143.78,149.48,143.93,144.1,9645561
2020-10-29,GOOGL,142.21,143.57,139.21,141.69,3250140
2020-10-30,GOOGL,143.65,143.9,140.92,143.67,1911673
2020-11-02,GOOGL,144.11,144.53,142.87,144.48,4012770
2020-11-03,GOOGL,143.54,146.76,139.82,144.55,12182858
2020-11-04,GOOGL,140.65,142.12,138.52,140.32,5895120
2020-11-05,GOOGL,141.42,141.27,136.18,141.1,3384571
2020-11-06,GOOGL,137.49,142.13,137.34,138.7,1290052
2020-11-09,GOOGL,138.82,140.54,137.18,138.67,7702385
2020-11-10,GOOGL,138.92,140.98,135.37,139.78,1670654
2020-11-11,GOOGL,138.2,142.83,138.16,138.54,25044079
2020-11-12,GOOGL,134.08,136.16,133.82,135.08,1378132
2020-11-13,GOOGL,134.22,135.48,130.59,134.13,6598443
2020-11-16,GOOGL,133.31,134.18,132.43,134.15,10544940
2020-11-17,GOOGL,132.07,131.94,127.56,131.87,1843347
2020-11-18,GOOGL,128.39,133.89,124.83,129.14,1820877
2020-11-19,GOOGL,127.35,132.1,126.45,127.88,9797088
2020-11-20,GOOGL,127.58,127.45,123.38,126.7,3286629
2020-11-23,GOOGL,128.78,129.03,127.27,128.55,3045013
2020-11-24,GOOGL,126.82,130.42,123.25,126.34,1164857
2020-11-25,GOOGL,125.19,126.75,124.25,126.18,1279314
2020-11-26,GOOGL,125.37,126.21,123.33,123.46,3439493
2020-11-27,GOOGL,127.61,127.88,123.38,126.33,3274211
2020-11-30,GOOGL,128.83,128.7,128.11,128.29,6089107
2020-12-01,GOOGL,128.56,129.56,124.88,126.76,5869147
2020-12-02,GOOGL,127.91,128.58,125.72,128.12,1699551
2020-12-03,GOOGL,126.63,127.58,126.19,126.57,720631
2020-12-04,GOOGL,127.54,127.59,125.79,126.55,11409640
2020-12-07,GOOGL,125.84,126.13,121.87,125.36,2084406
2020-12-08,GOOGL,126.32,126.46,120.09,125.24,4789931
2020-12-09,GOOGL,127.93,130.08,125.47,127.37,7279291
2020-12-10,GOOGL,131.8,134.98,130.76,131.3,2164914
2020-12-11,GOOGL,131.71,133.9,130.58,131.68,872783
2020-12-14,GOOGL,136.13,136.84,133.54,134.69,4756225
2020-12-15,GOOGL,133.2,135.02,132.49,133.52,7114798
2020-12-16,GOOGL,138.25,143.36,136.34,138.26,16214190
2020-12-17,GOOGL,136.43,140.12,135.35,136.55,4880485
2020-12-18,GOOGL,132.98,134.26,128.37,134.15,4496273
2020-12-21,GOOGL,139.56,143.04,137.07,138.55,5432216
2020-12-22,GOOGL,137.66,138.2,134.16,137.84,9218498
2020-12-23,GOOGL,136.03,136.57,136.17,136.28,17540878
2020-12-24,GOOGL,136.03,138.5,134.37,135.67,7827317
2020-12-25,GOOGL,131.53,132.5,131.66,132.09,6598170
2020-12-28,GOOGL,129.95,132.23,126.75,129.17,1003852
2020-12-29,GOOGL,129.23,130.42,125.03,127.49,3588332
2020-12-30,GOOGL,125.49,126.56,124.87,124.89,2909179
2020-12-31,GOOGL,125.63,126.36,124.55,125.88,8050729
2021-01-01,GOOGL,128.0,131.01,125.35,127.76,1156094
2021-01-04,GOOGL,126.58,127.11,124.53,126.47,5899499
2021-01-05,GOOGL,128.39,129.89,126.65,126.77,5333969
2021-01-06,GOOGL,130.65,133.26,124.36,129.33,7927570
2021-01-07,GOOGL,132.79,132.85,128.87,132.44,3548657
2021-01-08,GOOGL,136.46,138.0,131.23,135.5,4693518
2021-01-11,GOOGL,135.85,138.57,135.99,137.04,3201454
2021-01-12,GOOGL,138.37,140.6,135.41,137.99,2678622
2021-01-13,GOOGL,142.67,148.93,140.32,143.93,1137061
2021-01-14,GOOGL,142.81,146.64,142.95,144.6,8112243
2021-01-15,GOOGL,145.1,148.84,140.53,143.89,4510626
2021-01-18,GOOGL,144.57,144.79,138.27,142.55,3529701
2021-01-19,GOOGL,146.24,147.16,140.45,143.58,11182365
2021-01-20,GOOGL,144.41,145.45,143.96,144.48,7292471
2021-01-21,GOOGL,146.76,150.37,144.96,146.59,5805365
2021-01-22,GOOGL,146.13,148.65,146.28,146.48,2869120
2021-01-25,GOOGL,144.38,147.23,144.05,145.66,3723491
2021-01-26,GOOGL,148.72,148.57,147.45,148.39,8595564
2021-01-27,GOOGL,148.33,151.63,146.63,148.71,4730453
2021-01-28,GOOGL,144.92,146.59,144.46,144.86,6428713
2021-01-29,GOOGL,145.82,147.02,141.16,144.86,952338
2021-02-01,GOOGL,141.27,143.95,136.35,140.89,4831459
2021-02-02,GOOGL,140.71,141.35,136.78,140.6,4366584
2021-02-03,GOOGL,140.8,144.38,139.53,141.27,7029010
2021-02-04,GOOGL,141.23,146.6,139.04,141.46,1640694
2021-02-05,GOOGL,141.14,143.56,139.17,142.4,872916
2021-02-08,GOOGL,147.08,149.2,144.83,146.39,8701798
2021-02-09,GOOGL,147.23,152.63,142.41,148.38,1996936
2021-02-10,GOOGL,148.5,150.71,143.56,147.27,3799076
2021-02-11,GOOGL,142.27,143.81,141.85,142.35,13959565
2021-02-12,GOOGL,142.77,145.36,142.13,142.52,8313143
2021-02-15,GOOGL,146.03,147.65,145.75,145.77,4796506
2021-02-16,GOOGL,147.48,152.1,142.28,147.12,17088697
2021-02-17,GOOGL,151.39,153.74,145.04,150.26,4618111
2021-02-18,GOOGL,150.29,151.29,146.77,150.15,5113830
2021-02-19,GOOGL,150.01,151.59,146.86,148.68,10387149
2021-02-22,GOOGL,150.46,152.49,147.63,148.83,1960453
2021-02-23,GOOGL,144.52,148.56,144.67,144.97,15507619
2021-02-24,GOOGL,147.07,152.57,145.79,148.17,2851202
2021-02-25,GOOGL,145.3,146.8,144.41,146.2,6734872
2021-02-26,GOOGL,149.51,152.32,146.41,149.1,9135662
2021-03-01,GOOGL,150.53,158.35,150.0,152.66,2695501
2021-03-02,GOOGL,149.34,152.07,148.37,151.2,4853985
2021-03-03,GOOGL,148.63,150.36,147.72,149.14,10892159
2021-03-04,GOOGL,143.39,144.93,140.51,143.34,16031576
2021-03-05,GOOGL,145.8,148.39,144.15,145.17,8908573
2021-03-08,GOOGL,146.12,147.81,144.11,147.22,2927270
2021-03-09,GOOGL,145.31,149.45,145.34,145.82,3200585
2021-03-10,GOOGL,148.89,149.37,145.15,148.95,2017414
2021-03-11,GOOGL,147.89,147.74,141.03,147.3,13740425
2021-03-12,GOOGL,146.79,150.47,142.15,146.94,6672775
2021-03-15,GOOGL,147.32,149.07,145.61,148.54,9273212
2021-03-16,GOOGL,145.83,146.55,139.55,145.86,3892866
2021-03-17,GOOGL,142.53,146.52,142.33,143.42,8034851
2021-03-18,GOOGL,144.08,149.61,141.23,143.74,7462888
2021-03-19,GOOGL,147.15,151.44,144.74,147.22,2367424
2021-03-22,GOOGL,149.19,151.33,143.19,150.4,4211559
2021-03-23,GOOGL,149.99,149.98,145.77,149.68,4501667
2021-03-24,GOOGL,146.42,146.75,144.61,146.08,10287740
2021-03-25,GOOGL,145.01,148.36,145.16,145.17,12143244
2021-03-26,GOOGL,140.77,141.73,134.91,141.33,1463489
2021-03-29,GOOGL,140.69,141.5,140.51,140.66,4186559
2021-03-30,GOOGL,142.62,144.21,139.31,141.61,6495814
2021-03-31,GOOGL,142.44,143.16,137.58,141.81,3213042
2021-04-01,GOOGL,139.78,143.44,139.12,140.27,36290785
2021-04-02,GOOGL,141.39,141.91,136.86,141.27,2784042
2021-04-05,GOOGL,141.9,144.03,139.78,142.72,2748659
2021-04-06,GOOGL,146.63,146.48,145.97,146.28,7246602
2021-04-07,GOOGL,150.56,153.06,149.45,149.57,3331941
2021-04-08,GOOGL,152.42,155.28,150.35,150.52,22058784
2021-04-09,GOOGL,152.07,156.7,151.78,151.87,2777751
2021-04-12,GOOGL,149.5,155.55,147.48,150.35,2893980
2021-04-13,GOOGL,153.79,154.25,152.06,153.16,2044341
2021-04-14,GOOGL,148.51,152.96,146.34,149.48,5285071
2021-04-15,GOOGL,153.45,153.3,150.1,152.06,6594728
2021-04-16,GOOGL,153.4,159.18,150.74,152.11,5527572
2021-04-19,GOOGL,149.51,151.99,143.33,150.09,5870282
2021-04-20,GOOGL,150.21,153.62,148.25,151.18,19091001
2021-04-21,GOOGL,152.4,156.43,152.55,152.96,7663698
2021-04-22,GOOGL,151.95,154.79,143.91,151.51,5770544
2021-04-23,GOOGL,148.01,147.86,144.37,147.75,3329091
2021-04-26,GOOGL,143.35,143.2,142.38,142.42,2983986
2021-04-27,GOOGL,138.8,141.64,135.5,139.02,2907455
2021-04-28,GOOGL,139.53,139.39,137.35,139.37,9219265
2021-04-29,GOOGL,135.51,137.46,134.68,136.91,2316620
2021-04-30,GOOGL,137.93,137.79,135.82,137.12,2153640
2021-05-03,GOOGL,139.95,140.7,138.29,140.37,4792069
2021-05-04,GOOGL,139.73,140.16,136.53,138.35,1697326
2021-05-05,GOOGL,136.61,139.92,136.34,136.46,8858064
2021-05-06,GOOGL,140.36,140.97,137.88,138.39,16335108
2021-05-07,GOOGL,139.17,140.08,136.48,139.64,6039793
2021-05-10,GOOGL,144.45,148.16,144.06,145.67,20964961
2021-05-11,GOOGL,144.63,145.43,141.5,144.59,3033114
2021-05-12,GOOGL,148.76,148.61,143.0,148.54,4334575
2021-05-13,GOOGL,142.6,144.6,141.47,144.04,12256064
2021-05-14,GOOGL,144.69,147.44,144.83,145.49,1582735
2021-05-17,GOOGL,141.67,149.03,140.98,142.7,14854204
2021-05-18,GOOGL,143.58,144.04,141.74,143.53,2032034
2021-05-19,GOOGL,144.93,144.79,140.59,144.61,7746550
2021-05-20,GOOGL,147.22,150.03,146.5,148.83,7565728
2021-05-21,GOOGL,147.27,147.91,145.05,146.12,1022972
2021-05-24,GOOGL,150.26,153.33,146.23,148.25,2364492
2021-05-25,GOOGL,149.27,152.2,144.35,148.97,7122444
2021-05-26,GOOGL,150.66,151.9,142.66,149.47,4397282
2021-05-27,GOOGL,149.69,150.72,148.9,149.63,18325962
2021-05-28,GOOGL,150.36,152.89,148.19,150.27,24446604
2021-05-31,GOOGL,150.03,150.07,148.34,149.44,2140211
2021-06-01,GOOGL,154.07,156.44,151.46,154.13,5343685
2021-06-02,GOOGL,153.36,155.44,151.62,154.14,1034252
2021-06-03,GOOGL,151.77,153.83,150.96,152.11,3369459
2021-06-04,GOOGL,152.67,152.51,151.48,152.32,7739695
2021-06-07,GOOGL,150.74,154.38,141.93,151.09,7038019
2021-06-08,GOOGL,152.94,156.13,152.71,154.35,4202265
2021-06-09,GOOGL,160.09,160.73,158.72,158.93,13436993
2021-06-10,GOOGL,157.74,160.3,153.23,158.09,8012851
2021-06-11,GOOGL,161.61,161.45,158.63,161.21,2941416
2021-06-14,GOOGL,155.85,159.97,156.0,156.47,4340250
2021-06-15,GOOGL,160.5,162.01,157.99,160.31,12439399
2021-06-16,GOOGL,151.49,153.05,144.37,152.79,7129201
2021-06-17,GOOGL,146.31,149.63,146.44,148.49,3404032
2021-06-18,GOOGL,151.09,154.58,147.77,152.21,4158023
2021-06-21,GOOGL,148.43,149.64,146.42,148.82,8606298
2021-06-22,GOOGL,147.95,149.33,147.79,148.19,6622584
2021-06-23,GOOGL,149.35,150.54,146.78,150.31,2521886
2021-06-24,GOOGL,149.15,150.66,144.62,148.94,10741236
2021-06-25,GOOGL,152.87,154.82,150.67,151.7,1871564
2021-06-28,GOOGL,156.16,157.23,154.26,155.42,4844695
2021-06-29,GOOGL,151.54,153.77,149.54,150.62,8836505
2021-06-30,GOOGL,152.99,152.86,148.04,152.82,1422166
2021-07-01,GOOGL,153.38,156.05,153.28,155.75,5123638
2021-07-02,GOOGL,157.32,157.17,156.49,156.74,612284
2021-07-05,GOOGL,155.47,156.92,151.66,155.8,7118297
2021-07-06,GOOGL,157.99,161.65,157.71,158.09,2670005
2021-07-07,GOOGL,159.17,161.04,156.15,158.97,2781085
2021-07-08,GOOGL,163.1,165.73,159.55,163.9,1384862
2021-07-09,GOOGL,158.88,161.47,158.09,158.95,7185630
2021-07-12,GOOGL,165.59,166.62,158.18,164.96,6741127
2021-07-13,GOOGL,164.33,168.78,163.56,164.45,2575849
2021-07-14,GOOGL,160.45,163.7,158.9,160.84,1404581
2021-07-15,GOOGL,159.56,161.04,157.05,159.92,7289013
2021-07-16,GOOGL,159.9,164.46,158.29,158.85,4085632
2021-07-19,GOOGL,157.17,158.9,157.33,158.24,723896
2021-07-20,GOOGL,162.05,162.79,158.45,160.88,4114344
2021-07-21,GOOGL,161.69,167.89,159.99,161.33,3742258
2021-07-22,GOOGL,168.03,171.88,167.96,168.46,1296750
2021-07-23,GOOGL,170.76,172.84,170.79,171.81,1372275
2021-07-26,GOOGL,170.12,170.5,167.98,169.14,1885602
2021-07-27,GOOGL,168.25,171.66,164.94,167.82,1403188
2021-07-28,GOOGL,171.77,173.74,165.83,169.04,19817348
2021-07-29,GOOGL,166.77,170.87,163.04,167.68,7474065
2021-07-30,GOOGL,164.95,165.11,161.56,163.08,6072221
2021-08-02,GOOGL,163.19,163.02,161.42,162.01,8930699
2021-08-03,GOOGL,161.25,162.19,153.47,159.42,3613284
2021-08-04,GOOGL,160.59,168.64,155.99,160.66,2318847
2021-08-05,GOOGL,164.68,168.63,162.6,164.21,1807919
2021-08-06,GOOGL,161.63,162.34,161.18,162.19,12801958
2021-08-09,GOOGL,167.67,167.95,160.68,163.4,4192226
2021-08-10,GOOGL,165.77,168.77,163.54,165.08,2333108
2021-08-11,GOOGL,169.68,175.64,163.44,167.91,6633022
2021-08-12,GOOGL,160.24,164.12,158.12,161.57,2213322
2021-08-13,GOOGL,162.22,162.24,157.8,160.82,4391292
2021-08-16,GOOGL,161.73,162.96,160.78,161.08,17511055
2021-08-17,GOOGL,166.31,166.72,162.41,164.93,11083126
2021-08-18,GOOGL,168.61,173.43,166.54,167.72,613596
2021-08-19,GOOGL,176.3,177.43,172.85,174.76,5875045
2021-08-20,GOOGL,173.08,173.43,167.6,172.7,4075155
2021-08-23,GOOGL,174.98,177.85,170.75,172.96,2884251
2021-08-24,GOOGL,170.14,170.77,169.29,169.65,14647559
2021-08-25,GOOGL,178.36,179.78,175.39,177.7,3342478
2021-08-26,GOOGL,176.46,176.51,174.13,175.71,9240678
2021-08-27,GOOGL,173.38,178.3,173.56,174.06,1713179
2021-08-30,GOOGL,176.27,178.75,176.45,177.86,1836730
2021-08-31,GOOGL,183.66,183.48,177.37,182.9,4014931
2021-09-01,GOOGL,181.21,181.79,181.03,181.25,7098365
2021-09-02,GOOGL,170.21,172.42,168.1,171.94,7748239
2021-09-03,GOOGL,169.57,170.31,165.18,169.41,6035848
2021-09-06,GOOGL,167.94,167.78,164.14,166.01,8540776
2021-09-07,GOOGL,169.82,171.33,164.24,169.37,11359617
2021-09-08,GOOGL,170.81,174.23,169.7,171.59,4143582
2021-09-09,GOOGL,171.89,177.46,172.06,174.0,7192023
2021-09-10,GOOGL,172.82,174.91,171.54,172.81,7849876
2021-09-13,GOOGL,173.07,177.52,166.99,170.65,7465012
2021-09-14,GOOGL,167.65,168.84,165.32,168.81,2324379
2021-09-15,GOOGL,169.44,173.76,165.32,168.84,5009494
2021-09-16,GOOGL,170.84,171.57,167.09,171.1,4829706
2021-09-17,GOOGL,165.95,167.08,161.87,165.33,4210465
2021-09-20,GOOGL,166.68,169.68,164.74,164.89,3872055
2021-09-21,GOOGL,168.68,169.82,160.97,169.26,2734657
2021-09-22,GOOGL,168.22,170.87,165.52,167.87,9253890
2021-09-23,GOOGL,170.52,173.68,164.72,170.98,12116275
2021-09-24,GOOGL,173.4,178.51,169.0,172.89,5626658
2021-09-27,GOOGL,175.97,177.6,172.45,175.91,3743580
2021-09-28,GOOGL,171.98,173.54,169.55,172.33,8047654
2021-09-29,GOOGL,169.61,171.85,169.78,170.15,2138395
2021-09-30,GOOGL,170.77,170.6,167.58,170.23,5816544
2021-10-01,GOOGL,173.08,178.64,172.36,172.65,1927908
2021-10-04,GOOGL,173.63,174.28,171.59,172.73,3737586
2021-10-05,GOOGL,168.4,168.79,168.16,168.45,2507656
2021-10-06,GOOGL,165.26,166.04,163.06,165.34,3123375
2021-10-07,GOOGL,166.68,166.86,164.22,166.56,2736006
2021-10-08,GOOGL,166.54,166.87,161.37,166.0,9978477
2021-10-11,GOOGL,165.71,168.16,160.54,165.94,3604157
2021-10-12,GOOGL,164.9,169.66,162.69,165.58,1097496
2021-10-13,GOOGL,159.35,164.08,154.97,160.61,9102583
2021-10-14,GOOGL,159.23,168.48,158.06,159.43,3085146
2021-10-15,GOOGL,156.39,157.48,154.22,157.07,2090899
2021-10-18,GOOGL,156.99,160.69,149.24,157.23,1870457
2021-10-19,GOOGL,151.97,158.25,148.85,152.74,18026692
2021-10-20,GOOGL,152.85,152.93,145.21,150.35,3349151
2021-10-21,GOOGL,151.81,158.55,151.96,154.41,3261039
2021-10-22,GOOGL,155.91,156.38,152.1,156.12,13035713
2021-10-25,GOOGL,158.72,158.63,156.66,157.2,4293231
2021-10-26,GOOGL,157.48,159.71,154.79,156.62,12554755
2021-10-27,GOOGL,157.59,161.15,157.75,157.8,9913499
2021-10-28,GOOGL,154.73,155.34,148.1,154.97,1967433
2021-10-29,GOOGL,157.42,160.27,152.23,155.26,8162454
2021-11-01,GOOGL,154.25,155.33,148.32,153.69,2775205
2021-11-02,GOOGL,160.76,165.68,160.6,160.68,2133876
2021-11-03,GOOGL,162.34,170.41,161.48,162.61,1469352
2021-11-04,GOOGL,164.39,170.32,161.51,165.92,13736462
2021-11-05,GOOGL,160.23,164.68,159.01,162.69,10778769
2021-11-08,GOOGL,160.66,161.58,160.29,161.16,2129148
2021-11-09,GOOGL,160.21,162.7,160.37,161.78,13066117
2021-11-10,GOOGL,160.67,166.53,156.94,161.13,2844717
2021-11-11,GOOGL,159.76,159.6,158.48,158.73,4306020
2021-11-12,GOOGL,158.32,160.96,152.44,157.29,14879387
2021-11-15,GOOGL,155.0,160.36,155.15,155.18,1198950
2021-11-16,GOOGL,153.25,157.17,151.3,153.6,5177085
2021-11-17,GOOGL,153.87,155.84,150.02,153.05,5085105
2021-11-18,GOOGL,151.43,152.01,149.69,151.34,1400556
2021-11-19,GOOGL,153.65,154.34,152.2,153.32,1189324
2021-11-22,GOOGL,151.57,153.7,150.33,153.11,6996687
2021-11-23,GOOGL,157.51,162.75,156.45,158.71,18176741
2021-11-24,GOOGL,158.38,160.46,158.53,159.12,1613633
2021-11-25,GOOGL,156.61,163.66,152.99,157.99,1113473
2021-11-26,GOOGL,158.75,164.24,157.69,159.11,9932419
2021-11-29,GOOGL,160.1,166.79,153.34,160.3,4413091
2021-11-30,GOOGL,167.21,170.2,165.99,166.11,4252701
2021-12-01,GOOGL,162.81,163.26,158.09,163.04,2441113
2021-12-02,GOOGL,167.23,167.06,166.63,166.75,10067906
2021-12-03,GOOGL,166.26,168.18,159.8,165.62,2315121
2021-12-06,GOOGL,167.86,167.69,164.36,167.36,15894351
2021-12-07,GOOGL,167.03,170.43,166.84,167.92,5294981
2021-12-08,GOOGL,167.05,169.62,163.11,169.08,10030986
2021-12-09,GOOGL,169.02,176.85,163.71,169.34,9116967
2021-12-10,GOOGL,167.05,166.88,163.77,166.12,8620440
2021-12-13,GOOGL,162.13,165.0,160.37,163.35,7533993
2021-12-14,GOOGL,168.34,169.77,164.51,166.27,2863432
2021-12-15,GOOGL,165.95,168.68,159.94,165.56,994597
2021-12-16,GOOGL,165.44,168.45,165.0,165.19,1119889
2021-12-17,GOOGL,162.28,164.93,162.45,162.64,3174131
2021-12-20,GOOGL,160.44,161.41,153.22,159.66,7993027
2021-12-21,GOOGL,162.49,164.38,159.33,161.75,6872638
2021-12-22,GOOGL,160.51,163.08,160.15,161.47,2708030
2021-12-23,GOOGL,160.2,162.7,160.04,160.99,3221372
2021-12-24,GOOGL,163.55,164.22,159.94,164.08,3194221
2021-12-27,GOOGL,160.55,162.67,155.1,161.43,1312138
2021-12-28,GOOGL,165.6,168.32,160.48,164.31,2808044
2021-12-29,GOOGL,163.73,164.84,159.12,162.87,1946076
2021-12-30,GOOGL,167.38,168.59,160.97,166.34,1033061
2021-12-31,GOOGL,170.68,172.97,163.86,168.93,7297910
2022-01-03,GOOGL,163.63,166.41,163.63,164.58,7249857
2022-01-04,GOOGL,166.78,172.82,164.48,167.01,6405382
2022-01-05,GOOGL,168.14,176.5,168.11,169.38,10504483
2022-01-06,GOOGL,169.42,170.56,169.59,170.23,7092798
2022-01-07,GOOGL,169.34,169.17,165.9,168.43,6230448
2022-01-10,GOOGL,165.98,167.35,164.14,165.66,3276708
2022-01-11,GOOGL,165.8,167.84,165.14,165.9,941094
2022-01-12,GOOGL,166.71,171.12,165.67,166.84,14271293
2022-01-13,GOOGL,166.78,166.94,163.14,166.55,1178726
2022-01-14,GOOGL,168.02,170.43,166.98,168.61,8974880
2022-01-17,GOOGL,162.12,164.41,160.09,162.84,667718
2022-01-18,GOOGL,161.96,162.95,160.05,162.24,8723697
2022-01-19,GOOGL,165.95,167.82,166.12,166.13,31577592
2022-01-20,GOOGL,163.92,166.48,164.09,164.31,4831366
2022-01-21,GOOGL,166.83,167.86,162.3,165.88,5338211
2022-01-24,GOOGL,170.18,173.63,165.63,168.47,8499532
2022-01-25,GOOGL,166.55,172.11,165.19,167.45,1737529
2022-01-26,GOOGL,164.67,164.51,161.98,163.6,11193711
2022-01-27,GOOGL,164.18,167.9,160.69,163.17,5736088
2022-01-28,GOOGL,160.85,163.53,161.01,162.35,5345666
2022-01-31,GOOGL,164.85,165.35,160.3,163.44,2500316
2022-02-01,GOOGL,161.78,166.07,160.94,162.83,5101113
2022-02-02,GOOGL,160.23,160.58,158.74,160.06,8406733
2022-02-03,GOOGL,159.76,162.91,157.96,160.3,11152885
2022-02-04,GOOGL,157.52,158.53,156.37,157.03,11142703
2022-02-07,GOOGL,154.55,154.72,150.34,153.63,3805175
2022-02-08,GOOGL,151.87,153.1,152.02,152.4,3764946
2022-02-09,GOOGL,154.03,154.73,149.94,153.36,8114821
2022-02-10,GOOGL,154.22,157.62,152.13,153.11,2098116
2022-02-11,GOOGL,157.91,164.78,157.95,158.92,11417928
2022-02-14,GOOGL,161.0,161.31,160.15,160.47,3553143
2022-02-15,GOOGL,158.05,159.71,156.82,157.77,2739647
2022-02-16,GOOGL,157.76,159.78,156.73,158.73,5154394
2022-02-17,GOOGL,160.54,162.28,157.72,160.33,17050229
2022-02-18,GOOGL,161.69,162.95,160.05,161.21,19356052
2022-02-21,GOOGL,163.61,163.45,161.23,162.23,1950404
2022-02-22,GOOGL,165.05,168.07,161.47,163.92,2980166
2022-02-23,GOOGL,160.35,163.37,158.84,161.77,3733445
2022-02-24,GOOGL,162.59,165.99,162.76,163.12,3419736
2022-02-25,GOOGL,165.51,168.82,163.31,165.16,1247846
2022-02-28,GOOGL,161.71,165.63,158.27,162.99,2440182
2022-03-01,GOOGL,159.64,163.42,157.09,161.23,1513780
2022-03-02,GOOGL,165.25,167.92,156.46,165.31,2466761
2022-03-03,GOOGL,164.57,164.81,157.76,164.37,13627072
2022-03-04,GOOGL,165.63,169.05,158.18,164.61,4398867
2022-03-07,GOOGL,156.57,156.97,154.82,155.4,5974233
2022-03-08,GOOGL,154.72,157.83,152.44,154.76,9502735
2022-03-09,GOOGL,155.49,155.94,153.02,154.01,1236919
2022-03-10,GOOGL,155.25,158.18,153.32,154.5,4897597
2022-03-11,GOOGL,154.65,156.36,150.21,153.84,26051556
2022-03-14,GOOGL,150.4,153.22,147.59,152.29,3679141
2022-03-15,GOOGL,152.49,153.29,148.58,150.82,2192430
2022-03-16,GOOGL,149.48,150.5,149.63,149.82,6226663
2022-03-17,GOOGL,149.36,154.15,147.53,150.27,7232470
2022-03-18,GOOGL,149.0,150.75,148.05,149.16,2562824
2022-03-21,GOOGL,147.31,150.42,145.1,146.87,4974953
2022-03-22,GOOGL,145.85,148.36,145.91,147.65,2239784
2022-03-23,GOOGL,150.45,157.18,150.11,150.57,12133577
2022-03-24,GOOGL,150.82,152.31,149.41,150.39,1281377
2022-03-25,GOOGL,147.96,149.81,148.11,148.52,3573684
2022-03-28,GOOGL,150.34,153.88,150.1,150.93,9752640
2022-03-29,GOOGL,149.65,152.99,149.51,151.06,4021281
2022-03-30,GOOGL,146.1,149.35,145.19,146.79,596990
2022-03-31,GOOGL,151.63,152.6,149.34,150.56,5531985
2022-04-01,GOOGL,143.85,147.98,139.54,143.59,5465608
2022-04-04,GOOGL,144.61,145.24,141.81,143.95,5582886
2022-04-05,GOOGL,143.34,146.42,140.84,144.4,2898255
2022-04-06,GOOGL,145.83,146.73,143.89,146.4,4419680
2022-04-07,GOOGL,147.88,149.26,148.03,148.66,13361692
2022-04-08,GOOGL,148.51,149.47,147.35,148.34,3987874
2022-04-11,GOOGL,157.16,159.68,156.35,157.44,7247619
2022-04-12,GOOGL,157.28,157.98,151.23,156.93,6358678
2022-04-13,GOOGL,156.06,155.9,149.64,154.4,1063424
2022-04-14,GOOGL,157.65,157.5,152.76,156.89,2190975
2022-04-15,GOOGL,156.07,159.54,151.03,156.89,2427334
2022-04-18,GOOGL,154.54,159.31,154.12,155.73,21882438
2022-04-19,GOOGL,157.26,160.45,154.43,156.88,4158259
2022-04-20,GOOGL,162.62,164.55,156.32,160.96,7686360
2022-04-21,GOOGL,154.57,164.44,154.14,158.23,3023007
2022-04-22,GOOGL,158.93,160.88,156.05,159.56,6747439
2022-04-25,GOOGL,164.41,168.01,159.73,163.97,10574415
2022-04-26,GOOGL,159.51,160.92,156.65,158.64,9187628
2022-04-27,GOOGL,162.16,163.94,161.41,162.24,6546824
2022-04-28,GOOGL,167.86,167.69,162.85,166.84,6232188
2022-04-29,GOOGL,166.28,167.73,166.44,166.77,3567107
2022-05-02,GOOGL,162.83,165.41,161.07,163.0,1340924
2022-05-03,GOOGL,164.22,166.82,162.3,164.23,11376426
2022-05-04,GOOGL,163.76,164.64,162.81,164.52,6912538
2022-05-05,GOOGL,162.59,167.51,160.07,163.56,6969931
2022-05-06,GOOGL,163.32,164.12,160.96,161.76,11039756
2022-05-09,GOOGL,163.71,165.73,160.97,164.65,8731861
2022-05-10,GOOGL,162.83,165.85,159.77,162.16,8603382
2022-05-11,GOOGL,168.74,175.78,163.26,168.09,4525737
2022-05-12,GOOGL,171.52,174.86,170.74,171.35,3107046
2022-05-13,GOOGL,179.65,179.47,177.46,177.85,5383461
2022-05-16,GOOGL,177.52,178.47,169.0,178.27,3840422
2022-05-17,GOOGL,180.53,181.92,175.25,180.93,4795087
2022-05-18,GOOGL,184.96,184.78,182.63,184.61,6450369
2022-05-19,GOOGL,186.72,187.54,185.06,185.99,3772947
2022-05-20,GOOGL,190.96,206.38,189.06,191.62,10035762
2022-05-23,GOOGL,187.69,187.5,184.63,185.64,1757151
2022-05-24,GOOGL,190.88,197.41,188.48,189.72,9961925
2022-05-25,GOOGL,193.49,198.58,191.73,193.64,4531027
2022-05-26,GOOGL,191.63,197.24,187.67,192.13,5173952
2022-05-27,GOOGL,193.39,193.19,185.95,192.89,2323845
2022-05-30,GOOGL,199.59,205.68,198.91,198.98,1930410
2022-05-31,GOOGL,198.24,204.57,192.92,200.17,2705632
2022-06-01,GOOGL,196.08,199.04,196.28,196.84,5439280
2022-06-02,GOOGL,193.06,197.77,191.19,193.52,2626190
2022-06-03,GOOGL,182.88,185.87,180.0,185.76,6806994
2022-06-06,GOOGL,179.8,182.44,179.58,180.34,16135409
2022-06-07,GOOGL,182.31,185.69,176.75,183.57,10476075
2022-06-08,GOOGL,182.08,182.4,179.54,181.03,3282043
2022-06-09,GOOGL,177.84,181.26,177.88,178.1,7747503
2022-06-10,GOOGL,178.59,178.42,170.73,178.34,5503046
2022-06-13,GOOGL,176.07,183.11,170.43,176.37,4277192
2022-06-14,GOOGL,176.53,179.32,173.89,176.05,4569636
2022-06-15,GOOGL,175.7,175.61,173.78,175.27,1011902
2022-06-16,GOOGL,173.96,173.79,169.64,171.74,1946892
2022-06-17,GOOGL,171.25,172.2,167.57,169.33,6044027
2022-06-20,GOOGL,168.42,169.1,166.61,167.03,12456242
2022-06-21,GOOGL,166.85,168.18,164.6,166.11,2227050
2022-06-22,GOOGL,166.69,169.01,164.94,166.5,2249328
2022-06-23,GOOGL,166.11,173.18,164.51,166.77,3316523
2022-06-24,GOOGL,169.43,172.79,167.35,169.29,4963758
2022-06-27,GOOGL,172.36,172.26,171.23,172.02,8827843
2022-06-28,GOOGL,172.16,173.56,165.17,169.86,10121751
2022-06-29,GOOGL,164.25,165.73,162.2,164.39,2084254
2022-06-30,GOOGL,166.77,173.11,166.12,167.14,2008122
2022-07-01,GOOGL,171.14,172.73,171.05,171.4,1736666
2022-07-04,GOOGL,174.44,174.26,169.72,173.37,17242815
2022-07-05,GOOGL,169.93,173.35,167.97,171.85,29184501
2022-07-06,GOOGL,174.09,173.92,173.38,173.62,1318677
2022-07-07,GOOGL,177.01,177.84,176.23,176.64,1310865
2022-07-08,GOOGL,180.03,180.27,178.59,178.73,1931504
2022-07-11,GOOGL,180.01,180.53,179.25,179.91,11283540
2022-07-12,GOOGL,178.2,178.46,175.86,177.08,12494848
2022-07-13,GOOGL,176.48,178.0,176.65,176.85,8237508
2022-07-14,GOOGL,183.24,183.05,179.55,183.03,1104952
2022-07-15,GOOGL,185.03,187.89,183.43,186.17,26560522
2022-07-18,GOOGL,185.99,188.9,182.88,185.57,11765348
2022-07-19,GOOGL,186.84,189.95,186.4,188.82,4376314
2022-07-20,GOOGL,195.72,195.7,192.77,194.58,9289627
2022-07-21,GOOGL,195.14,196.19,190.07,194.82,7557808
2022-07-22,GOOGL,193.21,195.8,187.44,192.48,14832286
2022-07-25,GOOGL,192.86,196.45,192.51,194.17,8582148
2022-07-26,GOOGL,189.15,192.24,188.62,190.96,2919799
2022-07-27,GOOGL,195.29,198.86,191.86,194.33,3163977
2022-07-28,GOOGL,194.27,198.69,191.77,193.51,4984906
2022-07-29,GOOGL,196.91,200.69,196.13,196.51,11102844
2022-08-01,GOOGL,202.3,205.47,199.61,199.78,6698819
2022-08-02,GOOGL,204.49,208.4,202.19,204.11,4034154
2022-08-03,GOOGL,199.76,204.29,197.18,199.06,5338000
2022-08-04,GOOGL,192.93,194.76,193.13,194.5,3961466
2022-08-05,GOOGL,202.19,203.34,200.76,202.59,6335858
2022-08-08,GOOGL,198.69,202.33,198.89,200.05,2288351
2022-08-09,GOOGL,200.56,203.5,199.87,200.92,2751648
2022-08-10,GOOGL,202.09,208.27,198.15,199.4,3689732
2022-08-11,GOOGL,203.27,204.57,199.09,202.96,5423262
2022-08-12,GOOGL,202.6,202.4,199.98,201.21,3156009
2022-08-15,GOOGL,202.81,206.02,201.39,203.76,15194446
2022-08-16,GOOGL,196.8,203.2,196.14,197.45,29301228
2022-08-17,GOOGL,196.57,204.44,194.03,198.23,15088132
2022-08-18,GOOGL,196.85,197.87,193.47,194.67,3462224
2022-08-19,GOOGL,197.04,197.35,190.07,196.04,2738866
2022-08-22,GOOGL,199.22,202.06,193.71,199.45,21668623
2022-08-23,GOOGL,200.08,201.56,196.18,198.63,9574920
2022-08-24,GOOGL,199.72,201.44,194.21,200.01,1930103
2022-08-25,GOOGL,201.28,204.65,195.39,202.28,7970487
2022-08-26,GOOGL,194.5,203.76,194.69,197.66,7263715
2022-08-29,GOOGL,205.95,209.2,199.15,205.76,4415808
2022-08-30,GOOGL,205.35,205.14,198.78,203.65,3145789
2022-08-31,GOOGL,211.59,212.53,211.5,211.93,25864762
2022-09-01,GOOGL,211.85,218.32,204.64,209.76,7381657
2022-09-02,GOOGL,213.51,216.03,208.69,214.45,6670045
2022-09-05,GOOGL,214.72,216.23,214.37,214.51,2485275
2022-09-06,GOOGL,213.51,214.13,203.9,212.09,1582449
2022-09-07,GOOGL,208.16,212.4,202.58,209.4,2603164
2022-09-08,GOOGL,206.73,213.08,203.49,209.29,12853509
2022-09-09,GOOGL,213.79,223.77,213.1,214.25,10831740
2022-09-12,GOOGL,215.78,219.72,212.05,217.31,22720602
2022-09-13,GOOGL,215.44,216.56,209.89,216.23,7731877
2022-09-14,GOOGL,215.65,219.43,215.15,216.09,2260059
2022-09-15,GOOGL,213.9,217.18,212.34,213.94,2780358
2022-09-16,GOOGL,209.36,209.15,207.48,208.35,4720805
2022-09-19,GOOGL,208.34,208.76,202.35,207.76,2006831
2022-09-20,GOOGL,212.05,213.09,207.08,211.45,13062883
2022-09-21,GOOGL,221.21,224.24,219.94,221.83,2791777
2022-09-22,GOOGL,228.9,234.83,223.81,229.27,8583483
2022-09-23,GOOGL,232.39,232.16,224.33,230.99,2983040
2022-09-26,GOOGL,232.47,233.6,228.79,233.3,11245935
2022-09-27,GOOGL,228.54,230.68,226.59,227.44,3988912
2022-09-28,GOOGL,232.12,232.3,219.93,231.31,5414929
2022-09-29,GOOGL,231.93,237.54,227.58,231.27,2233740
2022-09-30,GOOGL,226.79,229.23,216.13,228.31,6516421
2022-10-03,GOOGL,230.15,231.25,226.32,228.67,1985244
2022-10-04,GOOGL,229.45,234.6,228.19,229.69,1425231
2022-10-05,GOOGL,234.39,236.07,225.17,234.05,3089465
2022-10-06,GOOGL,230.14,231.56,227.32,231.27,4771254
2022-10-07,GOOGL,226.34,229.14,224.23,224.88,13617399
2022-10-10,GOOGL,225.88,226.89,220.82,224.43,14446268
2022-10-11,GOOGL,224.13,225.08,217.45,225.0,1442793
2022-10-12,GOOGL,226.97,232.59,227.19,227.76,4792383
2022-10-13,GOOGL,220.88,223.07,221.1,221.18,8278791
2022-10-14,GOOGL,218.9,224.43,213.81,218.66,5762598
2022-10-17,GOOGL,221.06,222.08,218.59,220.79,8851341
2022-10-18,GOOGL,222.45,223.3,218.7,220.0,4401377
2022-10-19,GOOGL,215.17,223.94,209.26,213.92,4463131
2022-10-20,GOOGL,210.09,211.81,206.21,209.14,6305767
2022-10-21,GOOGL,204.17,207.84,203.0,203.92,8008405
2022-10-24,GOOGL,201.93,201.73,200.61,201.31,14671625
2022-10-25,GOOGL,201.15,203.33,198.44,200.89,6789393
2022-10-26,GOOGL,203.34,203.14,201.76,202.34,8374159
2022-10-27,GOOGL,199.09,202.85,198.61,200.48,8587852
2022-10-28,GOOGL,203.68,206.78,193.89,201.86,1770600
2022-10-31,GOOGL,203.16,204.99,198.52,203.06,2315026
2022-11-01,GOOGL,202.2,202.0,200.56,200.87,3308768
2022-11-02,GOOGL,195.35,196.65,193.6,194.16,5003407
2022-11-03,GOOGL,193.01,192.81,191.58,192.73,3667432
2022-11-04,GOOGL,193.95,197.68,188.7,194.38,4029332
2022-11-07,GOOGL,198.02,203.83,195.35,197.87,21256733
2022-11-08,GOOGL,194.51,196.99,194.7,195.07,4010564
2022-11-09,GOOGL,200.43,202.26,195.36,198.36,6942939
2022-11-10,GOOGL,197.94,199.72,195.34,199.48,1689958
2022-11-11,GOOGL,197.55,200.18,196.98,198.82,898828
2022-11-14,GOOGL,196.84,197.18,194.72,197.13,3265963
2022-11-15,GOOGL,194.38,197.98,190.71,195.83,10513114
2022-11-16,GOOGL,192.12,191.93,190.7,191.13,5558129
2022-11-17,GOOGL,189.03,195.34,188.17,192.43,1421586
2022-11-18,GOOGL,195.56,196.79,194.44,195.72,14425532
2022-11-21,GOOGL,196.84,201.26,190.3,196.08,2161580
2022-11-22,GOOGL,197.48,200.93,194.5,196.97,4362003
2022-11-23,GOOGL,197.28,198.27,197.47,197.85,4504849
2022-11-24,GOOGL,201.41,208.69,196.59,202.58,6804117
2022-11-25,GOOGL,203.86,207.98,193.27,203.96,1310612
2022-11-28,GOOGL,204.63,208.85,203.83,206.48,4711484
2022-11-29,GOOGL,210.07,214.71,210.28,210.37,10565717
2022-11-30,GOOGL,209.92,211.55,205.88,209.87,24712156
2022-12-01,GOOGL,201.21,203.14,198.27,200.61,9612996
2022-12-02,GOOGL,199.64,201.08,199.84,200.35,14311133
2022-12-05,GOOGL,196.31,197.76,194.84,196.82,4230254
2022-12-06,GOOGL,198.19,203.13,193.97,199.17,4437261
2022-12-07,GOOGL,211.35,214.17,209.27,210.43,21061057
2022-12-08,GOOGL,213.34,217.65,210.98,214.48,5787299
2022-12-09,GOOGL,213.69,217.11,210.17,212.58,4709026
2022-12-12,GOOGL,201.73,207.22,201.09,203.02,12259949
2022-12-13,GOOGL,203.24,203.99,201.67,203.14,1990862
2022-12-14,GOOGL,210.32,212.88,206.18,208.57,14748351
2022-12-15,GOOGL,213.65,213.44,206.52,212.26,5440734
2022-12-16,GOOGL,209.43,213.93,206.39,207.88,6060701
2022-12-19,GOOGL,203.21,206.51,199.3,203.44,12353272
2022-12-20,GOOGL,194.54,204.95,192.33,196.05,12498901
2022-12-21,GOOGL,196.97,198.12,195.48,197.92,3358442
2022-12-22,GOOGL,195.59,195.9,195.78,195.8,8712810
2022-12-23,GOOGL,198.31,199.25,197.0,197.35,11152765
2022-12-26,GOOGL,197.44,197.56,196.53,197.06,10830716
2022-12-27,GOOGL,197.76,208.68,197.68,200.21,24577751
2022-12-28,GOOGL,196.24,199.13,196.4,197.79,7862957
2022-12-29,GOOGL,204.87,205.88,198.03,204.78,1046462
2022-12-30,GOOGL,202.51,208.08,201.59,204.29,10615873
2023-01-02,GOOGL,203.61,208.29,200.93,203.56,6537941
2023-01-03,GOOGL,200.98,203.77,201.18,201.68,39073493
2023-01-04,GOOGL,208.58,208.37,199.63,207.47,5298771
2023-01-05,GOOGL,209.53,214.31,209.74,210.91,21174159
2023-01-06,GOOGL,215.57,219.0,210.93,216.35,12780063
2023-01-09,GOOGL,215.03,217.58,214.22,216.59,3521851
2023-01-10,GOOGL,225.7,228.92,224.1,224.74,12182695
2023-01-11,GOOGL,224.68,231.92,223.32,226.74,597737
2023-01-12,GOOGL,221.82,239.29,221.88,225.0,7785583
2023-01-13,GOOGL,225.14,230.27,225.37,226.42,5380437
2023-01-16,GOOGL,231.05,237.67,227.94,230.68,5966492
2023-01-17,GOOGL,237.26,237.03,234.57,235.61,5924541
2023-01-18,GOOGL,234.81,240.78,232.09,236.78,5665727
2023-01-19,GOOGL,230.58,238.15,230.57,232.9,3290773
2023-01-20,GOOGL,227.73,236.17,224.63,227.07,3349463
2023-01-23,GOOGL,231.02,235.37,231.25,232.17,21146763
2023-01-24,GOOGL,231.01,238.49,230.43,232.37,2875285
2023-01-25,GOOGL,248.27,249.45,244.55,246.74,2134246
2023-01-26,GOOGL,240.83,251.31,240.96,242.41,8690559
2023-01-27,GOOGL,236.15,237.19,230.7,237.05,3645411
2023-01-30,GOOGL,243.07,245.98,241.64,242.85,23804310
2023-01-31,GOOGL,247.15,247.62,241.58,245.98,11049496
2023-02-01,GOOGL,245.47,251.67,245.22,248.09,4035816
2023-02-02,GOOGL,246.53,246.75,242.77,246.15,3422571
2023-02-03,GOOGL,248.27,259.03,246.96,251.38,3709737
2023-02-06,GOOGL,251.62,259.28,247.42,249.9,9446076
2023-02-07,GOOGL,244.75,247.65,239.63,245.1,10043242
2023-02-08,GOOGL,247.83,253.93,244.14,248.64,1991418
2023-02-09,GOOGL,244.45,248.37,242.06,247.98,72378107
2023-02-10,GOOGL,243.79,245.29,239.32,243.19,14211223
2023-02-13,GOOGL,245.41,251.1,243.8,245.88,12050627
2023-02-14,GOOGL,240.31,242.13,237.39,239.65,8218861
2023-02-15,GOOGL,239.79,248.67,235.97,240.87,1401209
2023-02-16,GOOGL,243.25,243.84,241.55,242.23,1444902
2023-02-17,GOOGL,243.4,246.46,235.98,242.61,7016694
2023-02-20,GOOGL,244.36,246.52,240.14,243.07,3761128
2023-02-21,GOOGL,246.85,251.63,242.58,245.79,8191546
2023-02-22,GOOGL,245.72,246.08,236.15,243.89,2795700
2023-02-23,GOOGL,240.97,240.73,237.03,238.29,27043057
2023-02-24,GOOGL,241.54,247.95,238.09,242.62,6575663
2023-02-27,GOOGL,243.11,245.66,235.65,245.4,22750593
2023-02-28,GOOGL,239.99,244.48,238.55,239.44,3149332
2023-03-01,GOOGL,231.82,231.58,227.29,231.1,17342921
2023-03-02,GOOGL,223.98,223.88,222.27,223.34,5602009
2023-03-03,GOOGL,230.53,234.1,223.48,229.61,4207788
2023-03-06,GOOGL,229.33,234.44,224.32,230.38,4846498
2023-03-07,GOOGL,227.63,236.48,227.86,228.36,2161543
2023-03-08,GOOGL,236.96,238.68,235.08,236.11,10895671
2023-03-09,GOOGL,230.54,231.42,229.61,230.69,24379365
2023-03-10,GOOGL,234.47,236.07,226.7,232.71,30986547
2023-03-13,GOOGL,232.34,238.52,228.01,231.93,7248701
2023-03-14,GOOGL,232.53,234.78,226.97,231.58,19335226
2023-03-15,GOOGL,229.08,230.73,227.57,230.17,3065800
2023-03-16,GOOGL,235.61,237.56,235.31,235.5,1729002
2023-03-17,GOOGL,242.34,246.63,236.0,239.58,14247391
2023-03-20,GOOGL,247.19,250.18,244.78,246.57,9595826
2023-03-21,GOOGL,245.57,246.54,239.43,246.23,10106031
2023-03-22,GOOGL,241.5,255.5,241.74,242.19,4543748
2023-03-23,GOOGL,241.11,246.93,237.99,240.6,1893856
2023-03-24,GOOGL,247.39,250.55,245.82,247.03,4822456
2023-03-27,GOOGL,248.44,252.17,240.98,249.86,5612759
2023-03-28,GOOGL,252.77,254.73,248.1,252.69,5669068
2023-03-29,GOOGL,255.66,259.07,245.06,252.26,4063626
2023-03-30,GOOGL,249.82,252.12,247.44,249.23,2354860
2023-03-31,GOOGL,252.82,256.37,253.07,253.93,11084358
2023-04-03,GOOGL,245.13,246.28,244.29,246.26,3997801
2023-04-04,GOOGL,248.25,253.97,240.14,246.07,13638754
2023-04-05,GOOGL,242.83,246.37,239.59,242.52,13582930
2023-04-06,GOOGL,243.43,251.1,235.47,242.57,1623207
2023-04-07,GOOGL,236.42,251.54,234.68,240.45,1391569
2023-04-10,GOOGL,244.13,244.66,236.2,242.78,4401520
2023-04-11,GOOGL,241.76,247.16,238.72,241.06,5088620
2023-04-12,GOOGL,238.58,240.14,228.58,236.81,4003542
2023-04-13,GOOGL,242.9,243.2,230.53,239.43,3647375
2023-04-14,GOOGL,239.02,238.78,234.54,238.68,3385208
2023-04-17,GOOGL,237.59,243.86,233.75,234.75,6636818
2023-04-18,GOOGL,227.99,238.0,228.21,228.26,7313931
2023-04-19,GOOGL,235.09,242.46,229.06,233.49,3647138
2023-04-20,GOOGL,232.91,237.57,231.02,233.29,1477219
2023-04-21,GOOGL,236.94,240.73,235.59,236.04,3148944
2023-04-24,GOOGL,239.67,246.11,239.91,241.47,19721969
2023-04-25,GOOGL,234.48,235.76,227.86,234.95,13103496
2023-04-26,GOOGL,233.61,240.88,230.44,235.06,4193918
2023-04-27,GOOGL,232.69,240.39,227.81,231.17,1538625
2023-04-28,GOOGL,229.08,230.15,223.53,228.05,1158546
2023-05-01,GOOGL,220.9,232.64,220.6,221.05,2394938
2023-05-02,GOOGL,222.72,231.69,221.38,223.81,2387251
2023-05-03,GOOGL,225.42,230.46,218.55,226.32,4589041
2023-05-04,GOOGL,230.21,232.82,226.26,229.48,3933721
2023-05-05,GOOGL,226.49,228.74,220.0,228.12,5598412
2023-05-08,GOOGL,222.69,226.53,219.93,223.55,1804925
2023-05-09,GOOGL,225.22,224.99,220.9,223.03,8644194
2023-05-10,GOOGL,216.84,216.63,212.57,215.12,24084681
2023-05-11,GOOGL,213.96,221.65,210.12,215.57,2272142
2023-05-12,GOOGL,212.34,212.13,202.81,212.05,24198875
2023-05-15,GOOGL,215.82,219.22,215.5,216.65,1745016
2023-05-16,GOOGL,218.67,221.93,215.36,219.04,4447756
2023-05-17,GOOGL,224.43,228.11,220.31,222.46,20281243
2023-05-18,GOOGL,224.88,235.47,223.73,227.71,7031990
2023-05-19,GOOGL,232.41,238.27,226.97,230.91,2010328
2023-05-22,GOOGL,231.61,231.38,227.89,229.85,3204924
2023-05-23,GOOGL,229.26,231.63,225.8,228.84,6618596
2023-05-24,GOOGL,226.68,235.84,223.89,228.41,3743659
2023-05-25,GOOGL,223.49,229.37,221.49,223.71,1618310
2023-05-26,GOOGL,216.85,220.09,215.46,217.47,1762774
2023-05-29,GOOGL,215.82,220.71,214.02,218.09,1969232
2023-05-30,GOOGL,228.5,229.61,224.9,226.17,2386145
2023-05-31,GOOGL,234.35,234.12,228.24,232.9,7063266
2023-06-01,GOOGL,237.16,236.93,230.77,234.91,1818908
2023-06-02,GOOGL,225.84,228.65,226.07,227.45,1349055
2023-06-05,GOOGL,224.6,225.74,215.38,224.27,3536947
2023-06-06,GOOGL,224.03,230.19,223.33,224.82,7101727
2023-06-07,GOOGL,225.72,230.63,225.93,227.12,3326069
2023-06-08,GOOGL,228.66,230.12,228.89,229.3,2034202
2023-06-09,GOOGL,228.68,230.07,228.87,230.03,3336897
2023-06-12,GOOGL,226.31,229.96,223.31,225.87,1995654
2023-06-13,GOOGL,224.36,226.39,222.85,223.7,6070215
2023-06-14,GOOGL,224.17,227.57,222.08,226.12,6668144
2023-06-15,GOOGL,224.63,227.92,224.86,224.88,1479622
2023-06-16,GOOGL,225.96,231.67,226.19,227.29,9208127
2023-06-19,GOOGL,224.48,225.97,222.82,224.65,627116
2023-06-20,GOOGL,220.73,224.8,220.95,221.11,830278
2023-06-21,GOOGL,224.48,230.02,223.34,225.58,3001628
2023-06-22,GOOGL,223.47,223.25,220.65,223.04,2830415
2023-06-23,GOOGL,216.96,221.24,214.91,215.12,5337182
2023-06-26,GOOGL,210.19,214.51,203.46,210.33,3832014
2023-06-27,GOOGL,212.52,215.35,204.91,209.13,19675896
2023-06-28,GOOGL,209.69,210.47,204.85,206.91,11636279
2023-06-29,GOOGL,202.62,202.51,199.62,201.75,17990429
2023-06-30,GOOGL,200.41,201.94,195.31,201.58,3432672
2023-07-03,GOOGL,196.19,200.14,192.7,195.95,3424656
2023-07-04,GOOGL,194.21,194.5,188.98,193.75,5912765
2023-07-05,GOOGL,186.67,188.25,184.92,185.58,1676462
2023-07-06,GOOGL,182.41,186.61,178.9,182.56,4308292
2023-07-07,GOOGL,179.74,181.18,178.04,179.39,33343897
2023-07-10,GOOGL,184.89,187.34,183.5,186.36,2313768
2023-07-11,GOOGL,185.54,185.69,179.34,185.16,8700913
2023-07-12,GOOGL,190.45,192.4,189.1,190.68,2101806
2023-07-13,GOOGL,185.82,188.58,182.62,185.82,5630521
2023-07-14,GOOGL,192.47,192.96,187.08,191.05,6857041
2023-07-17,GOOGL,190.15,196.78,182.94,187.96,662935
2023-07-18,GOOGL,190.76,191.14,190.96,190.99,3409573
2023-07-19,GOOGL,193.58,197.88,190.11,194.12,3702869
2023-07-20,GOOGL,190.9,200.01,187.14,192.41,4219223
2023-07-21,GOOGL,189.62,195.76,185.91,191.16,10130380
2023-07-24,GOOGL,197.71,197.51,196.63,196.82,8702372
2023-07-25,GOOGL,195.87,203.0,194.54,196.76,3036255
2023-07-26,GOOGL,194.42,194.22,193.69,193.9,6696461
2023-07-27,GOOGL,191.01,191.68,191.2,191.48,1677391
2023-07-28,GOOGL,188.9,191.55,184.5,189.31,949526
2023-07-31,GOOGL,189.09,190.1,181.61,186.83,14808863
2023-08-01,GOOGL,185.43,187.71,177.69,184.97,3838346
2023-08-02,GOOGL,187.82,188.05,184.92,187.31,6839099
2023-08-03,GOOGL,183.67,186.5,183.85,184.51,7715294
2023-08-04,GOOGL,185.51,186.55,183.47,185.72,2874553
2023-08-07,GOOGL,190.41,193.66,190.6,190.65,10672025
2023-08-08,GOOGL,192.9,196.52,191.79,193.49,4358005
2023-08-09,GOOGL,193.22,197.42,188.27,193.76,5704625
2023-08-10,GOOGL,186.96,189.31,182.72,186.84,17856571
2023-08-11,GOOGL,183.98,189.58,178.72,184.94,7017986
2023-08-14,GOOGL,183.53,185.5,183.71,183.71,4703449
2023-08-15,GOOGL,182.01,182.22,181.05,181.24,16760979
2023-08-16,GOOGL,179.29,180.3,177.42,180.01,3704197
2023-08-17,GOOGL,179.55,186.12,178.97,180.31,5972729
2023-08-18,GOOGL,185.36,186.97,183.29,185.85,1692231
2023-08-21,GOOGL,183.34,184.8,178.18,181.51,7958174
2023-08-22,GOOGL,174.78,174.61,170.89,173.3,3776635
2023-08-23,GOOGL,171.55,176.36,170.88,174.37,4526608
2023-08-24,GOOGL,170.87,178.14,171.04,171.56,1519073
2023-08-25,GOOGL,174.53,177.68,173.29,174.31,3019132
2023-08-28,GOOGL,178.9,179.71,178.77,179.38,8974996
2023-08-29,GOOGL,175.27,175.1,172.73,175.04,1399779
2023-08-30,GOOGL,176.8,176.63,172.17,174.0,8628277
2023-08-31,GOOGL,172.94,172.86,170.38,171.61,16392940
2023-09-01,GOOGL,172.04,175.36,172.01,172.04,15539967
2023-09-04,GOOGL,166.23,170.6,164.31,168.1,5397751
2023-09-05,GOOGL,163.48,167.7,163.64,164.35,2916970
2023-09-06,GOOGL,161.14,164.46,160.01,161.81,2741776
2023-09-07,GOOGL,162.16,167.45,160.75,162.51,4310782
2023-09-08,GOOGL,165.24,165.4,162.82,165.13,5299926
2023-09-11,GOOGL,167.3,168.6,165.26,166.6,1984220
2023-09-12,GOOGL,170.61,171.07,168.03,170.32,7752273
2023-09-13,GOOGL,170.35,175.58,168.4,170.35,3173807
2023-09-14,GOOGL,170.97,170.8,169.42,170.59,14022317
2023-09-15,GOOGL,172.69,173.91,168.04,172.74,6123853
2023-09-18,GOOGL,172.4,176.96,164.57,170.88,13063222
2023-09-19,GOOGL,173.15,172.97,171.28,172.18,5046541
2023-09-20,GOOGL,177.47,177.88,172.42,174.8,5263727
2023-09-21,GOOGL,175.8,180.58,172.01,176.09,9267712
2023-09-22,GOOGL,172.25,172.08,169.25,171.77,11823777
2023-09-25,GOOGL,163.9,167.64,163.21,166.95,5629591
2023-09-26,GOOGL,163.02,167.53,159.92,164.65,3862102
2023-09-27,GOOGL,164.85,164.69,161.54,163.21,5953233
2023-09-28,GOOGL,163.07,167.67,158.96,163.65,2047295
2023-09-29,GOOGL,167.02,172.13,165.8,166.41,11102398
2023-10-02,GOOGL,163.47,167.55,163.46,165.85,7450500
2023-10-03,GOOGL,166.78,171.57,162.28,166.24,5123356
2023-10-04,GOOGL,168.5,170.07,165.9,168.56,4226173
2023-10-05,GOOGL,175.18,177.93,173.15,174.5,3129859
2023-10-06,GOOGL,176.14,178.23,171.74,175.63,6496335
2023-10-09,GOOGL,189.06,193.81,189.25,189.45,6107341
2023-10-10,GOOGL,187.6,191.71,187.78,188.08,823107
2023-10-11,GOOGL,186.09,191.36,181.61,184.87,1974512
2023-10-12,GOOGL,180.16,184.21,179.18,179.38,3484615
2023-10-13,GOOGL,186.33,189.75,186.36,186.62,3262930
2023-10-16,GOOGL,192.52,195.21,188.91,194.37,11766749
2023-10-17,GOOGL,195.3,198.39,195.43,196.02,5436722
2023-10-18,GOOGL,192.34,194.3,192.26,194.26,4926468
2023-10-19,GOOGL,191.47,193.12,186.46,190.11,2395250
2023-10-20,GOOGL,191.69,192.3,188.33,191.66,1672916
2023-10-23,GOOGL,186.01,192.39,183.34,186.44,2782045
2023-10-24,GOOGL,186.56,186.61,185.21,185.81,3610721
2023-10-25,GOOGL,181.05,183.19,181.23,181.48,2271769
2023-10-26,GOOGL,185.71,188.38,182.36,185.04,2454559
2023-10-27,GOOGL,190.94,190.75,185.64,189.51,10272569
2023-10-30,GOOGL,192.68,194.2,183.75,193.16,3475871
2023-10-31,GOOGL,187.46,187.6,183.72,187.51,11793292
2023-11-01,GOOGL,197.18,196.98,191.86,195.24,4484730
2023-11-02,GOOGL,191.07,191.55,186.85,191.16,8288709
2023-11-03,GOOGL,182.07,186.77,177.58,182.35,3177118
2023-11-06,GOOGL,179.6,182.83,177.58,181.88,1481688
2023-11-07,GOOGL,187.84,197.67,188.03,190.24,5403346
2023-11-08,GOOGL,191.51,195.77,188.14,189.15,5569762
2023-11-09,GOOGL,187.2,187.02,182.8,186.88,3620737
2023-11-10,GOOGL,190.35,194.78,189.46,189.81,6956913
2023-11-13,GOOGL,185.93,186.67,182.36,185.54,3693642
2023-11-14,GOOGL,187.17,189.21,181.12,185.9,4532669
2023-11-15,GOOGL,189.44,190.28,186.46,187.4,8870929
2023-11-16,GOOGL,186.07,191.36,183.64,187.76,2771458
2023-11-17,GOOGL,183.67,187.64,182.38,184.14,5301946
2023-11-20,GOOGL,189.03,190.36,185.27,187.52,5223452
2023-11-21,GOOGL,185.93,187.68,183.53,186.94,3463439
2023-11-22,GOOGL,184.46,190.3,180.77,184.33,4966617
2023-11-23,GOOGL,186.22,188.06,186.37,187.17,9157064
2023-11-24,GOOGL,185.85,185.67,184.77,185.36,1663853
2023-11-27,GOOGL,188.38,193.08,188.57,189.8,1948199
2023-11-28,GOOGL,185.34,189.88,185.53,187.9,7446869
2023-11-29,GOOGL,182.72,183.68,180.8,182.8,3621999
2023-11-30,GOOGL,184.24,189.95,184.43,185.63,4278061
2023-12-01,GOOGL,184.87,188.93,185.06,185.37,2906125
2023-12-04,GOOGL,185.87,186.46,181.36,184.89,1055973
2023-12-05,GOOGL,191.1,191.83,189.24,191.5,29778710
2023-12-06,GOOGL,191.6,193.94,191.79,193.28,6738189
2023-12-07,GOOGL,199.56,205.12,195.31,198.12,27647209
2023-12-08,GOOGL,198.67,206.03,196.2,199.69,4392431
2023-12-11,GOOGL,196.34,199.99,190.21,195.44,1116718
2023-12-12,GOOGL,196.72,199.59,189.54,196.63,3732362
2023-12-13,GOOGL,195.72,200.34,193.98,196.74,18339631
2023-12-14,GOOGL,201.55,201.35,198.79,199.89,2992351
2023-12-15,GOOGL,199.8,201.59,197.53,200.91,1409967
2023-12-18,GOOGL,207.04,206.84,205.14,206.51,10140803
2023-12-19,GOOGL,200.32,205.57,200.52,201.96,1119148
2023-12-20,GOOGL,204.64,208.73,200.88,204.82,1927114
2023-12-21,GOOGL,206.44,207.17,197.94,204.81,3748105
2023-12-22,GOOGL,209.21,214.72,208.69,210.15,4970214
2023-12-25,GOOGL,208.59,211.35,206.04,209.4,4320967
2023-12-26,GOOGL,205.52,208.93,204.53,206.47,7283060
2023-12-27,GOOGL,211.96,211.75,207.84,211.11,23107208
2023-12-28,GOOGL,216.22,217.38,213.92,215.53,7005495
2023-12-29,GOOGL,217.66,220.6,217.88,218.6,7565603
2024-01-01,GOOGL,217.64,223.02,211.84,217.95,1011322
2024-01-02,GOOGL,217.12,219.9,214.76,215.37,1966560
2024-01-03,GOOGL,214.75,215.12,211.0,214.58,7607546
2024-01-04,GOOGL,214.51,218.2,214.03,215.51,10995639
2024-01-05,GOOGL,212.39,216.21,210.0,214.64,2973748
2024-01-08,GOOGL,219.11,220.33,219.33,220.24,1786591
2024-01-09,GOOGL,222.21,224.35,220.8,223.37,3493646
2024-01-10,GOOGL,224.78,225.49,222.44,224.52,3680205
2024-01-11,GOOGL,222.85,222.62,219.27,221.78,3406220
2024-01-12,GOOGL,224.34,226.59,222.34,224.55,3633817
2024-01-15,GOOGL,229.65,229.42,228.41,228.5,6523102
2024-01-16,GOOGL,224.13,228.03,222.82,225.67,6351469
2024-01-17,GOOGL,227.26,228.41,223.27,226.03,7729252
2024-01-18,GOOGL,223.33,228.6,219.83,223.64,8120291
2024-01-19,GOOGL,215.27,215.06,210.95,214.35,2020399
2024-01-22,GOOGL,217.88,219.34,214.72,215.21,3574485
2024-01-23,GOOGL,222.28,222.06,215.6,221.16,4879340
2024-01-24,GOOGL,215.82,227.34,216.03,219.94,2264656
2024-01-25,GOOGL,219.2,221.93,212.22,218.52,4993432
2024-01-26,GOOGL,218.01,221.82,217.08,217.75,6377871
2024-01-29,GOOGL,222.23,223.08,221.72,222.51,4580031
2024-01-30,GOOGL,216.93,222.26,215.37,218.65,4867350
2024-01-31,GOOGL,213.06,216.34,208.53,210.84,3115784
2024-02-01,GOOGL,215.23,221.24,210.3,216.58,13387151
2024-02-02,GOOGL,221.33,222.63,218.02,220.6,4882263
2024-02-05,GOOGL,224.35,231.48,224.57,226.24,1672238
2024-02-06,GOOGL,227.81,235.37,225.02,228.07,3943182
2024-02-07,GOOGL,228.96,228.92,228.25,228.43,3679067
2024-02-08,GOOGL,231.57,237.11,228.66,231.76,3361126
2024-02-09,GOOGL,231.72,237.69,231.95,232.73,3202504
2024-02-12,GOOGL,239.21,241.93,238.31,239.26,33963030
2024-02-13,GOOGL,240.61,240.4,235.23,239.97,23594702
2024-02-14,GOOGL,243.41,245.72,235.39,240.9,4281629
2024-02-15,GOOGL,250.41,253.21,239.21,245.2,1614029
2024-02-16,GOOGL,240.71,240.47,238.66,239.37,14251849
2024-02-19,GOOGL,234.7,236.73,232.26,234.21,2651326
2024-02-20,GOOGL,234.2,236.63,233.09,234.97,4797848
2024-02-21,GOOGL,221.62,229.04,219.94,224.2,11436657
2024-02-22,GOOGL,224.03,228.28,218.74,224.57,6991109
2024-02-23,GOOGL,223.96,226.7,222.93,223.31,5755024
2024-02-26,GOOGL,220.3,226.82,220.52,221.11,1990700
2024-02-27,GOOGL,216.74,218.08,212.88,216.57,1288322
2024-02-28,GOOGL,212.67,217.75,212.68,213.72,26503232
2024-02-29,GOOGL,206.22,207.54,198.86,206.99,1839913
2024-03-01,GOOGL,213.92,220.34,211.64,211.98,2710952
2024-03-04,GOOGL,221.97,222.22,217.35,220.81,9540532
2024-03-05,GOOGL,221.46,221.24,214.02,221.22,14801517
2024-03-06,GOOGL,214.86,215.45,210.5,214.74,7467883
2024-03-07,GOOGL,218.07,218.42,215.63,217.87,4055176
2024-03-08,GOOGL,221.84,226.21,220.43,221.16,2547955
2024-03-11,GOOGL,215.51,217.13,210.86,216.4,2046825
2024-03-12,GOOGL,213.88,216.03,210.89,215.47,4010667
2024-03-13,GOOGL,212.5,217.3,210.3,213.7,1251005
2024-03-14,GOOGL,209.5,213.03,205.45,210.99,5826806
2024-03-15,GOOGL,211.41,214.77,211.5,211.81,6784247
2024-03-18,GOOGL,211.54,211.33,210.19,211.27,6427095
2024-03-19,GOOGL,216.41,216.8,210.84,215.73,8412293
2024-03-20,GOOGL,213.52,214.72,211.33,213.56,4696557
2024-03-21,GOOGL,223.29,225.09,219.86,222.77,8975460
2024-03-22,GOOGL,227.16,233.24,225.18,226.51,19958785
2024-03-25,GOOGL,234.29,234.52,225.91,233.43,5116437
2024-03-26,GOOGL,242.27,242.03,232.46,236.95,6448733
2024-03-27,GOOGL,236.34,241.12,235.1,238.51,1720978
2024-03-28,GOOGL,237.59,247.39,236.18,239.25,3712289
2024-03-29,GOOGL,231.75,235.97,231.98,232.59,7673998
2024-04-01,GOOGL,229.32,230.8,226.29,230.04,22089766
2024-04-02,GOOGL,223.97,225.24,221.1,224.61,12211505
2024-04-03,GOOGL,233.83,238.78,228.41,232.84,3999213
2024-04-04,GOOGL,239.08,240.53,235.38,238.47,13074826
2024-04-05,GOOGL,236.35,243.06,232.97,233.14,13194806
2024-04-08,GOOGL,231.51,232.41,225.51,230.8,1516934
2024-04-09,GOOGL,231.94,235.8,225.04,231.37,3226450
2024-04-10,GOOGL,236.04,239.95,236.28,237.6,12493415
2024-04-11,GOOGL,237.65,239.02,229.55,236.19,2998152
2024-04-12,GOOGL,237.2,245.52,237.44,238.28,10466121
2024-04-15,GOOGL,240.0,241.65,234.32,239.99,7441247
2024-04-16,GOOGL,248.47,248.34,247.07,247.55,2131476
2024-04-17,GOOGL,252.81,252.56,250.68,252.03,3779163
2024-04-18,GOOGL,240.0,248.1,239.65,242.66,2948780
2024-04-19,GOOGL,245.36,245.81,233.09,243.92,5937824
2024-04-22,GOOGL,245.8,250.35,245.33,247.34,3870702
2024-04-23,GOOGL,245.11,244.87,239.36,242.85,2231165
2024-04-24,GOOGL,241.65,255.07,238.42,241.46,13744147
2024-04-25,GOOGL,246.57,252.38,241.47,246.42,15506750
2024-04-26,GOOGL,247.46,259.15,244.97,250.52,1454811
2024-04-29,GOOGL,258.75,261.9,251.58,258.34,12994041
2024-04-30,GOOGL,255.47,258.55,253.98,257.55,12404378
2024-05-01,GOOGL,251.62,257.67,245.37,253.72,1687985
2024-05-02,GOOGL,256.14,258.76,249.82,254.25,1328896
2024-05-03,GOOGL,257.83,261.63,251.48,260.39,3527078
2024-05-06,GOOGL,268.29,275.93,264.32,264.77,1933087
2024-05-07,GOOGL,265.78,269.53,260.47,265.5,12187910
2024-05-08,GOOGL,271.6,272.81,270.81,272.71,2451190
2024-05-09,GOOGL,272.71,274.2,270.72,271.67,3303021
2024-05-10,GOOGL,273.98,273.71,263.51,272.56,5565944
2024-05-13,GOOGL,261.64,262.24,260.59,260.66,7746743
2024-05-14,GOOGL,265.41,271.82,263.35,263.53,5207290
2024-05-15,GOOGL,263.28,269.22,263.55,263.82,2344894
2024-05-16,GOOGL,269.97,271.57,265.08,270.36,14228139
2024-05-17,GOOGL,270.02,269.75,267.86,269.42,5763629
2024-05-20,GOOGL,277.12,285.02,276.2,277.4,21266684
2024-05-21,GOOGL,277.92,281.21,272.26,276.66,1878334
2024-05-22,GOOGL,271.95,275.71,271.92,274.43,7856172
2024-05-23,GOOGL,276.36,283.34,275.49,279.27,3336065
2024-05-24,GOOGL,279.15,282.29,271.88,277.66,5832219
2024-05-27,GOOGL,279.12,278.84,277.25,278.39,5407486
2024-05-28,GOOGL,282.02,283.44,282.3,283.31,4873702
2024-05-29,GOOGL,295.93,301.18,292.91,294.89,15412732
2024-05-30,GOOGL,307.12,311.39,301.89,305.43,2969565
2024-05-31,GOOGL,294.97,299.34,293.16,297.88,4308319
2024-06-03,GOOGL,290.35,291.9,287.77,290.24,1214991
2024-06-04,GOOGL,287.33,288.5,285.88,286.72,11566309
2024-06-05,GOOGL,277.02,276.74,270.78,275.4,1917180
2024-06-06,GOOGL,267.98,275.76,264.49,266.82,5672865
2024-06-07,GOOGL,267.1,267.55,264.78,266.84,2758100
2024-06-10,GOOGL,264.51,266.06,262.44,264.05,10145221
2024-06-11,GOOGL,261.81,261.98,261.59,261.98,2565124
2024-06-12,GOOGL,256.3,259.2,243.8,256.93,6349803
2024-06-13,GOOGL,259.16,259.83,256.76,258.44,6046471
2024-06-14,GOOGL,259.28,260.68,257.78,258.18,8794548
2024-06-17,GOOGL,258.87,267.18,256.63,261.53,6338969
2024-06-18,GOOGL,258.8,261.1,248.54,259.83,6220821
2024-06-19,GOOGL,248.41,257.18,245.25,249.61,11572061
2024-06-20,GOOGL,247.75,251.19,247.99,249.04,1857791
2024-06-21,GOOGL,246.8,246.55,241.96,245.86,3972979
2024-06-24,GOOGL,249.81,250.7,245.53,249.13,10639876
2024-06-25,GOOGL,239.61,244.29,237.51,241.89,4687747
2024-06-26,GOOGL,241.2,245.95,240.11,242.11,6838267
2024-06-27,GOOGL,234.9,236.33,233.32,236.16,2268887
2024-06-28,GOOGL,237.17,236.94,230.27,235.76,2541535
2024-07-01,GOOGL,240.38,240.13,238.09,239.69,4446008
2024-07-02,GOOGL,241.83,241.58,239.88,241.31,4208719
2024-07-03,GOOGL,243.23,246.84,241.49,242.15,2400348
2024-07-04,GOOGL,243.31,243.82,237.4,241.48,10529943
2024-07-05,GOOGL,241.89,245.58,240.74,242.33,6039261
2024-07-08,GOOGL,246.06,248.33,243.69,245.87,16060423
2024-07-09,GOOGL,247.89,249.97,246.61,247.25,4574869
2024-07-10,GOOGL,236.83,242.44,236.13,236.81,2220310
2024-07-11,GOOGL,245.69,248.11,243.23,244.07,5771082
2024-07-12,GOOGL,242.03,241.79,237.46,240.55,898972
2024-07-15,GOOGL,239.46,249.02,236.16,241.31,14856953
2024-07-16,GOOGL,231.05,232.68,227.9,231.19,9300636
2024-07-17,GOOGL,236.46,241.75,233.23,235.17,7540024
2024-07-18,GOOGL,236.17,235.94,233.0,234.77,3031083
2024-07-19,GOOGL,243.79,246.46,241.86,242.84,5029692
2024-07-22,GOOGL,247.01,246.77,242.05,242.71,7541911
2024-07-23,GOOGL,239.73,243.24,236.9,241.41,17105657
2024-07-24,GOOGL,243.88,246.04,235.18,241.13,11012487
2024-07-25,GOOGL,243.4,256.04,243.23,245.12,1896230
2024-07-26,GOOGL,246.58,255.09,244.71,247.22,14037340
2024-07-29,GOOGL,242.26,242.02,240.66,241.53,902041
2024-07-30,GOOGL,233.17,232.94,232.06,232.3,2865512
2024-07-31,GOOGL,227.82,232.71,226.08,226.78,2921895
2024-08-01,GOOGL,227.61,230.4,227.84,228.35,2732068
2024-08-02,GOOGL,227.65,227.5,226.97,227.13,12939344
2024-08-05,GOOGL,235.89,238.8,229.23,233.01,4906451
2024-08-06,GOOGL,236.45,238.2,235.96,236.91,9199545
2024-08-07,GOOGL,234.54,239.26,232.63,236.72,3291124
2024-08-08,GOOGL,235.11,237.99,233.16,236.29,4125943
2024-08-09,GOOGL,230.3,238.97,230.15,234.19,7472483
2024-08-12,GOOGL,236.52,239.05,225.24,237.21,4024665
2024-08-13,GOOGL,234.44,239.82,234.4,236.72,1209157
2024-08-14,GOOGL,243.73,246.45,239.35,243.42,4922071
2024-08-15,GOOGL,235.56,245.17,233.15,236.66,8195778
2024-08-16,GOOGL,230.27,231.07,226.04,230.48,2065732
2024-08-19,GOOGL,229.73,233.06,229.01,231.63,4367382
2024-08-20,GOOGL,240.24,240.0,229.19,239.55,3482465
2024-08-21,GOOGL,243.79,247.78,242.69,245.64,2861041
2024-08-22,GOOGL,242.17,244.48,238.99,241.61,4412013
2024-08-23,GOOGL,246.1,245.86,239.68,244.86,5393609
2024-08-26,GOOGL,242.98,242.74,239.61,242.01,4221037
2024-08-27,GOOGL,250.15,249.9,238.43,247.65,4618300
2024-08-28,GOOGL,240.49,248.96,240.17,244.43,4042256
2024-08-29,GOOGL,242.51,243.38,236.44,241.15,8865700
2024-08-30,GOOGL,242.02,242.96,239.24,241.88,4562842
2024-09-02,GOOGL,241.7,252.77,234.82,239.95,12372752
2024-09-03,GOOGL,237.95,240.44,234.6,236.78,4709380
2024-09-04,GOOGL,235.4,243.38,232.67,235.72,12675765
2024-09-05,GOOGL,239.64,242.76,235.9,241.13,5562778
2024-09-06,GOOGL,240.13,253.4,238.5,240.9,4720746
2024-09-09,GOOGL,238.82,240.69,233.7,238.4,5712170
2024-09-10,GOOGL,235.84,237.51,229.94,236.98,3118572
2024-09-11,GOOGL,234.9,238.42,230.59,233.56,9996587
2024-09-12,GOOGL,242.96,242.71,236.75,239.39,1430951
2024-09-13,GOOGL,236.2,240.59,236.44,237.28,4618274
2024-09-16,GOOGL,238.78,238.54,236.36,237.71,8209722
2024-09-17,GOOGL,236.55,237.12,231.98,235.68,6104354
2024-09-18,GOOGL,238.36,238.12,237.83,237.95,3270580
2024-09-19,GOOGL,235.19,242.31,226.11,229.97,5199320
2024-09-20,GOOGL,233.99,236.97,228.2,235.67,6017516
2024-09-23,GOOGL,233.58,236.02,231.27,233.64,3792632
2024-09-24,GOOGL,241.12,242.52,241.37,241.84,1551966
2024-09-25,GOOGL,249.35,249.11,247.01,248.04,7564133
2024-09-26,GOOGL,245.6,249.25,245.71,248.37,6457628
2024-09-27,GOOGL,246.79,250.53,247.03,247.11,8521784
2024-09-30,GOOGL,242.71,248.06,242.93,243.73,3321847
2024-10-01,GOOGL,241.77,245.86,239.36,241.75,3689887
2024-10-02,GOOGL,250.64,259.83,246.01,249.58,7874471
2024-10-03,GOOGL,250.39,257.8,244.49,249.03,10878979
2024-10-04,GOOGL,239.82,239.58,236.74,239.16,3614624
2024-10-07,GOOGL,243.07,250.59,241.65,242.14,5271500
2024-10-08,GOOGL,241.79,247.69,235.61,241.3,10114671
2024-10-09,GOOGL,236.92,243.66,232.62,239.11,3254147
2024-10-10,GOOGL,241.57,242.23,235.01,241.98,1768653
2024-10-11,GOOGL,245.31,246.29,235.34,243.72,3370459
2024-10-14,GOOGL,243.26,244.13,233.94,241.71,1588687
2024-10-15,GOOGL,242.05,244.58,235.98,240.4,2470913
2024-10-16,GOOGL,244.55,251.68,243.91,246.22,4242534
2024-10-17,GOOGL,239.91,240.98,234.29,238.74,8429349
2024-10-18,GOOGL,242.84,247.37,243.02,243.75,2473755
2024-10-21,GOOGL,237.04,238.62,236.61,238.12,3173669
2024-10-22,GOOGL,240.73,240.49,230.25,238.86,7113234
2024-10-23,GOOGL,236.26,240.22,233.47,238.17,3108833
2024-10-24,GOOGL,233.12,233.81,230.56,233.74,4204597
2024-10-25,GOOGL,231.05,235.53,229.53,231.16,2849611
2024-10-28,GOOGL,234.95,240.99,231.01,233.97,4212642
2024-10-29,GOOGL,231.56,231.33,224.13,230.73,17104630
2024-10-30,GOOGL,227.58,236.71,221.88,230.6,4200750
2024-10-31,GOOGL,230.17,237.48,230.4,231.54,4145890
2024-11-01,GOOGL,236.44,236.2,235.32,236.08,9608026
2024-11-04,GOOGL,242.24,245.45,238.86,242.83,13158946
2024-11-05,GOOGL,253.7,255.31,236.71,250.59,7424827
2024-11-06,GOOGL,249.62,256.38,246.76,248.46,2005437
2024-11-07,GOOGL,247.58,252.71,243.38,247.22,7271574
2024-11-08,GOOGL,240.66,248.19,237.25,241.84,5220686
2024-11-11,GOOGL,244.41,246.88,244.43,244.81,1592832
2024-11-12,GOOGL,252.65,256.64,251.65,254.02,19924346
2024-11-13,GOOGL,256.59,265.78,252.61,257.44,8113579
2024-11-14,GOOGL,258.11,259.33,256.67,258.9,2284414
2024-11-15,GOOGL,273.68,277.6,264.39,270.56,4317016
2024-11-18,GOOGL,271.26,279.17,264.09,271.62,12712512
2024-11-19,GOOGL,277.63,281.09,268.38,275.36,3086153
2024-11-20,GOOGL,288.48,288.19,281.0,288.09,13306272
2024-11-21,GOOGL,286.99,287.82,279.25,284.2,7776910
2024-11-22,GOOGL,282.97,282.69,268.96,282.01,6856554
2024-11-25,GOOGL,274.5,274.22,267.21,273.88,3880009
2024-11-26,GOOGL,270.85,277.14,265.63,268.94,13045732
2024-11-27,GOOGL,269.3,270.49,256.99,267.12,2162948
2024-11-28,GOOGL,270.41,280.55,263.14,270.08,4593770
2024-11-29,GOOGL,273.36,275.38,271.45,275.2,2894858
2024-12-02,GOOGL,272.06,275.01,272.33,273.38,3473976
2024-12-03,GOOGL,280.05,282.27,272.04,276.1,8802905
2024-12-04,GOOGL,267.99,274.08,261.92,268.59,9116009
2024-12-05,GOOGL,264.87,271.19,263.98,266.07,7444281
2024-12-06,GOOGL,271.19,277.41,263.37,271.56,15113004
2024-12-09,GOOGL,272.37,284.83,269.83,271.55,18400232
2024-12-10,GOOGL,273.58,274.58,261.59,268.37,33820948
2024-12-11,GOOGL,276.65,281.08,266.31,275.34,4184412
2024-12-12,GOOGL,277.46,283.68,270.27,278.86,6043505
2024-12-13,GOOGL,289.1,292.55,280.91,289.07,5467729
2024-12-16,GOOGL,295.41,296.6,285.11,289.88,16837533
2024-12-17,GOOGL,288.65,299.2,284.22,290.86,5751028
2024-12-18,GOOGL,297.65,302.91,296.46,296.86,8095902
2024-12-19,GOOGL,284.87,286.01,272.53,285.57,5246650
2024-12-20,GOOGL,289.05,293.69,289.33,289.36,2150589
2024-12-23,GOOGL,282.35,290.43,282.63,284.66,2233234
2024-12-24,GOOGL,286.26,293.87,281.97,285.64,5068193
2024-12-25,GOOGL,282.05,285.87,275.76,280.83,748639
2024-12-26,GOOGL,283.71,294.23,282.38,286.68,12817075
2024-12-27,GOOGL,289.13,290.29,287.35,289.87,2126954
2024-12-30,GOOGL,287.94,288.7,279.51,284.1,11953544
2024-12-31,GOOGL,290.84,292.11,288.78,289.0,5613728
2020-01-02,AMZN,93.12,98.84,91.73,94.15,8734401
2020-01-03,AMZN,99.07,102.36,97.18,98.57,4506266
2020-01-06,AMZN,98.18,99.02,96.26,98.55,9921763
2020-01-07,AMZN,96.56,99.42,96.66,96.8,6851174
2020-01-08,AMZN,99.41,102.26,94.83,99.8,7020317
2020-01-09,AMZN,102.88,103.88,98.09,103.52,4757325
2020-01-10,AMZN,106.14,108.59,102.26,105.24,3091648
2020-01-13,AMZN,103.94,104.51,104.05,104.46,2423536
2020-01-14,AMZN,100.01,102.77,98.33,99.88,2391590
2020-01-15,AMZN,98.1,98.59,95.76,97.33,7904181
2020-01-16,AMZN,101.94,104.95,101.87,102.57,4054119
2020-01-17,AMZN,105.93,106.21,104.55,105.03,8268349
2020-01-20,AMZN,105.87,107.99,104.72,107.42,2617755
2020-01-21,AMZN,108.89,110.06,108.46,109.42,1764077
2020-01-22,AMZN,109.53,113.54,108.21,109.56,5100608
2020-01-23,AMZN,113.56,116.54,113.61,113.83,4360724
2020-01-24,AMZN,112.38,113.09,111.75,112.92,4280392
2020-01-27,AMZN,115.88,117.37,115.71,115.82,4655728
2020-01-28,AMZN,116.58,118.12,114.98,115.06,3683187
2020-01-29,AMZN,111.09,111.57,111.2,111.33,4288499
2020-01-30,AMZN,109.0,111.41,108.03,108.67,4077735
2020-01-31,AMZN,104.05,105.79,104.03,105.52,6960646
2020-02-03,AMZN,106.98,107.91,105.24,106.79,1468979
2020-02-04,AMZN,109.49,109.87,106.36,108.35,1427492
2020-02-05,AMZN,110.55,110.95,106.38,109.17,3734497
2020-02-06,AMZN,110.39,112.97,106.96,111.24,9203540
2020-02-07,AMZN,113.63,114.99,112.3,113.32,12798938
2020-02-10,AMZN,109.85,110.46,108.17,109.81,1676520
2020-02-11,AMZN,110.73,111.16,109.57,110.68,3500484
2020-02-12,AMZN,114.8,114.69,113.55,114.58,3940681
2020-02-13,AMZN,113.01,116.16,110.86,112.96,6029654
2020-02-14,AMZN,111.62,114.83,110.27,112.04,17671926
2020-02-17,AMZN,113.96,115.24,111.12,114.66,2677988
2020-02-18,AMZN,116.63,117.94,114.96,115.99,1277681
2020-02-19,AMZN,123.14,123.02,119.9,122.21,2305171
2020-02-20,AMZN,120.89,120.97,118.97,120.21,8942671
2020-02-21,AMZN,115.07,118.66,115.19,115.28,5739549
2020-02-24,AMZN,116.93,117.19,115.68,116.4,3069993
2020-02-25,AMZN,115.47,115.68,112.05,115.05,5459319
2020-02-26,AMZN,117.84,123.71,115.93,116.49,11985080
2020-02-27,AMZN,121.06,124.37,116.96,121.13,5778355
2020-02-28,AMZN,119.0,120.58,116.4,120.31,8379018
2020-03-02,AMZN,117.36,119.61,113.49,116.18,7075058
2020-03-03,AMZN,116.55,117.41,116.67,116.88,4141008
2020-03-04,AMZN,113.15,113.62,112.82,113.53,2300041
2020-03-05,AMZN,111.14,112.74,108.97,111.05,3373785
2020-03-06,AMZN,116.13,118.34,112.02,114.33,11543174
2020-03-09,AMZN,111.16,112.24,107.54,111.72,2193879
2020-03-10,AMZN,113.65,113.85,111.94,113.2,3532515
2020-03-11,AMZN,113.14,114.34,112.05,113.47,4183115
2020-03-12,AMZN,115.4,118.67,113.47,117.03,7665822
2020-03-13,AMZN,125.15,125.48,122.38,125.12,590370
2020-03-16,AMZN,121.17,124.51,117.44,122.17,6374366
2020-03-17,AMZN,116.08,122.69,116.2,118.23,2244178
2020-03-18,AMZN,115.05,115.44,112.81,115.16,12635726
2020-03-19,AMZN,114.11,121.09,111.39,114.63,3325295
2020-03-20,AMZN,109.54,111.88,109.65,110.69,4314528
2020-03-23,AMZN,115.4,117.78,112.67,116.01,4610765
2020-03-24,AMZN,114.27,118.7,112.02,115.41,29546061
2020-03-25,AMZN,114.64,118.15,114.5,115.98,916080
2020-03-26,AMZN,115.55,120.15,112.78,115.27,9780964
2020-03-27,AMZN,112.76,114.28,112.87,113.17,6758258
2020-03-30,AMZN,110.47,111.77,107.68,111.09,3027888
2020-03-31,AMZN,108.97,111.9,106.97,109.53,4381081
2020-04-01,AMZN,112.39,117.17,107.79,110.94,3782180
2020-04-02,AMZN,115.09,115.01,107.28,113.63,5610350
2020-04-03,AMZN,106.6,107.09,105.42,105.82,6625194
2020-04-06,AMZN,101.13,103.92,101.23,102.73,4629782
2020-04-07,AMZN,104.77,107.82,104.11,105.4,4882409
2020-04-08,AMZN,105.46,105.36,103.16,104.48,5010046
2020-04-09,AMZN,104.11,106.22,101.99,104.73,1599560
2020-04-10,AMZN,104.92,105.19,104.18,104.56,3697928
2020-04-13,AMZN,103.82,108.5,103.93,104.95,2920708
2020-04-14,AMZN,107.04,108.31,102.49,104.79,2548485
2020-04-15,AMZN,105.81,108.22,103.35,107.09,7485438
2020-04-16,AMZN,107.21,108.35,99.67,106.36,3273853
2020-04-17,AMZN,107.95,108.62,106.26,108.32,2785265
2020-04-20,AMZN,106.07,107.81,102.99,105.32,21421882
2020-04-21,AMZN,105.29,107.07,104.96,106.71,1588979
2020-04-22,AMZN,111.01,111.4,109.54,110.67,5382796
2020-04-23,AMZN,111.17,111.2,109.14,110.65,5647768
2020-04-24,AMZN,108.69,113.01,106.62,108.08,21073148
2020-04-27,AMZN,115.23,116.45,113.81,114.35,12715825
2020-04-28,AMZN,113.21,116.75,111.08,111.82,4459925
2020-04-29,AMZN,113.94,117.11,109.89,113.37,4409225
2020-04-30,AMZN,116.63,119.08,115.19,115.31,1149551
2020-05-01,AMZN,122.09,122.45,121.35,121.74,1114915
2020-05-04,AMZN,121.05,123.08,117.17,120.67,1086803
2020-05-05,AMZN,115.53,116.49,113.04,115.16,2087836
2020-05-06,AMZN,110.67,112.91,107.73,112.02,2761507
2020-05-07,AMZN,111.23,111.12,110.33,110.61,1244843
2020-05-08,AMZN,110.59,112.07,108.67,111.32,3103072
2020-05-11,AMZN,111.74,111.68,111.26,111.55,2510603
2020-05-12,AMZN,107.17,109.8,106.48,107.46,2650233
2020-05-13,AMZN,104.78,104.68,102.16,103.81,2566436
2020-05-14,AMZN,102.04,105.54,99.87,102.26,1818443
2020-05-15,AMZN,104.92,105.61,101.73,103.78,5433417
2020-05-18,AMZN,103.55,109.41,102.25,103.62,10515161
2020-05-19,AMZN,102.88,105.19,102.03,103.11,13970927
2020-05-20,AMZN,104.63,106.46,104.39,106.21,29304053
2020-05-21,AMZN,108.06,109.54,108.13,108.76,9682948
2020-05-22,AMZN,107.34,109.07,104.32,107.8,4555132
2020-05-25,AMZN,107.56,107.62,103.87,107.53,6415886
2020-05-26,AMZN,102.88,105.42,100.09,105.07,5249374
2020-05-27,AMZN,106.98,106.87,105.66,106.48,1115109
2020-05-28,AMZN,98.96,100.32,97.16,99.8,4131890
2020-05-29,AMZN,101.65,102.26,101.32,101.91,5193709
2020-06-01,AMZN,100.84,103.27,98.07,100.2,7741798
2020-06-02,AMZN,104.43,104.74,95.73,102.01,4118148
2020-06-03,AMZN,98.39,100.04,95.86,99.48,1014352
2020-06-04,AMZN,99.41,101.86,99.38,99.74,4341219
2020-06-05,AMZN,98.15,99.46,96.58,99.03,5875534
2020-06-08,AMZN,102.77,102.67,99.19,102.61,16903954
2020-06-09,AMZN,98.19,98.42,97.6,98.01,4756161
2020-06-10,AMZN,101.17,101.25,100.06,100.46,7492578
2020-06-11,AMZN,100.07,99.97,95.82,98.6,3472867
2020-06-12,AMZN,98.68,99.04,94.35,98.33,3971040
2020-06-15,AMZN,95.05,95.03,93.67,94.95,4069291
2020-06-16,AMZN,94.89,95.99,91.88,93.69,8985791
2020-06-17,AMZN,93.5,93.76,90.33,93.4,21147027
2020-06-18,AMZN,91.24,93.75,90.35,91.63,4195065
2020-06-19,AMZN,88.08,93.27,86.78,89.3,3842033
2020-06-22,AMZN,90.77,91.54,88.03,89.38,2918047
2020-06-23,AMZN,87.73,90.45,87.82,87.95,6204595
2020-06-24,AMZN,90.33,90.24,87.6,89.43,4594567
2020-06-25,AMZN,91.61,93.23,87.48,90.34,35114279
2020-06-26,AMZN,87.76,89.95,87.84,88.4,4146431
2020-06-29,AMZN,86.92,89.33,84.45,87.65,3063389
2020-06-30,AMZN,91.84,92.61,89.8,90.73,11807721
2020-07-01,AMZN,89.31,90.65,87.77,89.35,5668369
2020-07-02,AMZN,93.36,96.03,93.45,94.17,912577
2020-07-03,AMZN,93.43,95.22,93.2,93.24,7193836
2020-07-06,AMZN,93.49,95.3,93.58,93.75,16119240
2020-07-07,AMZN,95.0,99.12,93.61,95.15,53257010
2020-07-08,AMZN,92.39,94.82,92.48,92.88,3144016
2020-07-09,AMZN,95.65,97.35,92.34,95.25,7327818
2020-07-10,AMZN,94.25,99.43,90.4,94.59,7236884
2020-07-13,AMZN,95.93,98.76,93.37,96.33,2350617
2020-07-14,AMZN,96.07,97.43,93.72,95.13,17976866
2020-07-15,AMZN,97.24,99.34,93.44,97.58,11004450
2020-07-16,AMZN,96.26,99.15,94.25,96.49,4009927
2020-07-17,AMZN,92.14,94.78,90.12,92.38,5456794
2020-07-20,AMZN,89.53,89.53,88.32,88.97,2462770
2020-07-21,AMZN,89.37,89.28,88.29,88.76,25258686
2020-07-22,AMZN,84.56,87.18,84.06,85.45,5067856
2020-07-23,AMZN,79.75,81.57,75.87,80.01,3622502
2020-07-24,AMZN,76.22,76.81,76.3,76.53,1743294
2020-07-27,AMZN,77.88,78.17,77.26,78.14,4139276
2020-07-28,AMZN,81.39,81.8,80.28,80.72,2101865
2020-07-29,AMZN,82.71,85.73,82.25,83.47,10658979
2020-07-30,AMZN,83.05,86.64,82.79,83.7,3250134
2020-07-31,AMZN,80.99,83.09,81.07,81.47,3749287
2020-08-03,AMZN,77.99,78.46,77.27,78.06,2013848
2020-08-04,AMZN,76.68,78.74,75.9,78.17,11444607
2020-08-05,AMZN,75.85,76.26,75.5,76.15,572817
2020-08-06,AMZN,76.05,76.45,72.8,75.59,5312989
2020-08-07,AMZN,74.19,74.94,72.96,74.65,4223062
2020-08-10,AMZN,75.41,76.91,74.9,75.86,4192144
2020-08-11,AMZN,74.34,74.63,73.02,73.59,5788508
2020-08-12,AMZN,73.95,73.87,72.2,73.33,7876503
2020-08-13,AMZN,71.8,72.12,68.85,70.39,2337727
2020-08-14,AMZN,70.77,71.9,69.35,70.06,4649877
2020-08-17,AMZN,69.75,71.75,69.35,70.79,1519720
2020-08-18,AMZN,68.28,68.86,65.71,67.76,9421537
2020-08-19,AMZN,66.91,68.21,65.55,67.98,24471524
2020-08-20,AMZN,68.7,70.38,67.98,69.2,3833706
2020-08-21,AMZN,67.7,67.7,66.26,67.13,5828558
2020-08-24,AMZN,69.96,69.89,68.53,69.61,13974704
2020-08-25,AMZN,69.57,71.07,66.07,69.86,6668025
2020-08-26,AMZN,68.77,71.89,68.72,69.72,3938213
2020-08-27,AMZN,70.44,71.15,69.75,70.54,4992949
2020-08-28,AMZN,72.14,72.06,71.34,71.79,8516090
2020-08-31,AMZN,72.88,72.94,70.06,72.63,6522716
2020-09-01,AMZN,68.67,70.86,68.68,69.97,7218882
2020-09-02,AMZN,69.79,70.41,67.59,69.35,17594304
2020-09-03,AMZN,71.05,72.52,68.64,72.19,6680613
2020-09-04,AMZN,73.27,74.85,70.74,73.72,3030610
2020-09-07,AMZN,73.28,76.25,71.17,73.08,2885506
2020-09-08,AMZN,71.82,75.89,68.34,71.96,1871802
2020-09-09,AMZN,70.98,70.91,70.53,70.9,1812063
2020-09-10,AMZN,69.72,71.72,68.61,70.05,10125210
2020-09-11,AMZN,67.03,69.76,65.7,67.43,4475041
2020-09-14,AMZN,65.5,66.8,64.91,65.72,2441543
2020-09-15,AMZN,65.2,66.43,63.83,65.43,11210300
2020-09-16,AMZN,64.82,64.75,62.69,64.46,558237
2020-09-17,AMZN,64.59,65.18,64.36,64.62,2858279
2020-09-18,AMZN,65.22,66.34,64.41,65.14,7613282
2020-09-21,AMZN,63.63,63.76,60.44,63.64,3616484
2020-09-22,AMZN,62.18,63.65,60.82,62.59,3583670
2020-09-23,AMZN,59.41,60.86,58.15,59.33,10232081
2020-09-24,AMZN,58.72,59.42,58.78,58.92,1684716
2020-09-25,AMZN,61.55,63.73,61.22,61.34,2805816
2020-09-28,AMZN,61.84,63.04,61.9,62.04,1922360
2020-09-29,AMZN,62.91,64.1,62.67,63.51,8998377
2020-09-30,AMZN,61.94,65.07,60.82,62.49,3913860
2020-10-01,AMZN,62.19,63.08,62.21,62.34,8138037
2020-10-02,AMZN,60.43,62.5,59.73,60.83,5481967
2020-10-05,AMZN,64.12,64.19,61.49,63.28,22318239
2020-10-06,AMZN,62.49,66.58,60.3,62.43,4422850
2020-10-07,AMZN,63.64,65.88,63.21,63.75,7822255
2020-10-08,AMZN,62.98,63.58,63.05,63.45,3127680
2020-10-09,AMZN,63.31,63.34,59.97,63.09,3557822
2020-10-12,AMZN,64.29,66.69,63.57,65.32,3335025
2020-10-13,AMZN,68.91,69.76,64.76,68.1,17011585
2020-10-14,AMZN,67.97,71.16,68.04,68.46,1795544
2020-10-15,AMZN,68.5,69.37,67.16,67.91,5365015
2020-10-16,AMZN,66.87,66.8,65.01,66.75,20215031
2020-10-19,AMZN,66.36,68.04,65.96,66.37,644727
2020-10-20,AMZN,65.51,65.96,63.7,65.64,6208933
2020-10-21,AMZN,64.82,67.09,64.72,65.26,3949237
2020-10-22,AMZN,65.29,66.26,63.92,65.64,5097889
2020-10-23,AMZN,65.77,67.23,63.69,65.98,6730589
2020-10-26,AMZN,67.43,67.36,64.41,67.08,4316695
2020-10-27,AMZN,64.9,69.27,62.87,66.12,9373703
2020-10-28,AMZN,63.61,64.96,62.23,64.42,10825909
2020-10-29,AMZN,67.16,67.68,66.01,67.08,3094524
2020-10-30,AMZN,68.58,71.86,67.15,67.52,6245993
2020-11-02,AMZN,67.75,68.33,66.83,68.17,4264801
2020-11-03,AMZN,67.82,69.5,67.89,67.89,11360161
2020-11-04,AMZN,68.87,68.8,66.52,68.31,2178850
2020-11-05,AMZN,67.75,68.74,63.59,66.88,7962352
2020-11-06,AMZN,67.54,67.48,66.06,67.17,14963869
2020-11-09,AMZN,67.58,69.18,67.46,67.67,2911612
2020-11-10,AMZN,65.62,67.25,65.36,66.12,7018569
2020-11-11,AMZN,66.16,69.42,65.25,65.28,1515936
2020-11-12,AMZN,64.38,66.55,64.24,65.29,11390182
2020-11-13,AMZN,67.18,68.19,66.41,67.32,2687765
2020-11-16,AMZN,69.61,71.16,66.25,68.9,8583308
2020-11-17,AMZN,70.33,71.7,69.39,70.39,9307125
2020-11-18,AMZN,68.47,68.85,66.46,68.44,2022663
2020-11-19,AMZN,70.84,73.35,70.67,71.13,8387132
2020-11-20,AMZN,71.77,71.99,71.41,71.98,5988177
2020-11-23,AMZN,73.4,73.33,71.96,73.16,8238531
2020-11-24,AMZN,71.33,71.26,70.53,71.2,8929183
2020-11-25,AMZN,73.36,73.74,70.72,73.16,4023672
2020-11-26,AMZN,71.3,71.79,70.59,71.6,4165127
2020-11-27,AMZN,72.28,72.2,71.19,71.51,2145278
2020-11-30,AMZN,72.18,73.6,71.1,72.72,4864898
2020-12-01,AMZN,72.68,74.59,71.93,72.67,7986155
2020-12-02,AMZN,73.51,74.7,72.88,73.23,3598122
2020-12-03,AMZN,73.19,73.28,71.52,72.87,2051848
2020-12-04,AMZN,74.2,74.21,73.5,74.0,6393991
2020-12-07,AMZN,74.92,76.91,72.66,74.06,9889507
2020-12-08,AMZN,71.46,73.21,68.85,70.75,4998732
2020-12-09,AMZN,71.22,71.15,70.09,70.79,1851448
2020-12-10,AMZN,70.22,71.98,68.46,70.59,1204803
2020-12-11,AMZN,67.89,69.18,65.58,67.05,3315762
2020-12-14,AMZN,68.21,70.31,68.23,69.03,18901401
2020-12-15,AMZN,69.48,71.74,67.56,69.0,5756088
2020-12-16,AMZN,72.55,74.37,70.62,71.7,5857215
2020-12-17,AMZN,72.68,74.32,70.12,72.19,2599716
2020-12-18,AMZN,72.36,75.9,71.54,73.21,11218539
2020-12-21,AMZN,74.05,76.32,73.24,74.22,9486151
2020-12-22,AMZN,74.16,74.08,71.41,74.02,12025083
2020-12-23,AMZN,72.9,74.55,72.97,73.32,2097526
2020-12-24,AMZN,72.96,73.16,70.99,71.81,4487245
2020-12-25,AMZN,75.39,75.57,73.92,74.95,5103610
2020-12-28,AMZN,78.05,81.32,78.12,78.4,7224824
2020-12-29,AMZN,77.75,80.13,77.49,78.23,11479030
2020-12-30,AMZN,77.58,81.16,77.47,78.57,7419030
2020-12-31,AMZN,75.3,77.08,73.46,75.37,4341423
2021-01-01,AMZN,75.36,76.39,75.26,76.22,6631642
2021-01-04,AMZN,75.65,76.13,75.72,75.76,20537487
2021-01-05,AMZN,74.91,75.43,73.97,75.17,24292569
2021-01-06,AMZN,77.57,79.48,76.38,76.99,12790604
2021-01-07,AMZN,74.76,77.32,74.45,75.84,39991665
2021-01-08,AMZN,74.42,76.55,72.47,74.74,11704697
2021-01-11,AMZN,72.45,75.21,69.3,72.24,3049913
2021-01-12,AMZN,74.58,76.03,72.43,74.26,17634775
2021-01-13,AMZN,77.35,78.61,77.42,77.77,4803541
2021-01-14,AMZN,79.95,80.41,75.59,79.2,2920382
2021-01-15,AMZN,76.62,80.21,73.3,76.63,1150000
2021-01-18,AMZN,74.69,74.61,72.54,73.84,13634329
2021-01-19,AMZN,75.54,77.65,75.06,76.87,4927608
2021-01-20,AMZN,73.99,75.72,73.54,75.57,4969597
2021-01-21,AMZN,73.83,73.99,72.92,73.58,2938878
2021-01-22,AMZN,73.33,74.63,72.58,74.24,13627280
2021-01-25,AMZN,75.02,75.68,70.46,74.83,1801161
2021-01-26,AMZN,73.28,74.18,71.72,72.74,5450212
2021-01-27,AMZN,68.14,70.22,66.49,67.98,2324928
2021-01-28,AMZN,64.14,64.87,64.16,64.16,11913217
2021-01-29,AMZN,65.16,65.95,65.16,65.79,11173736
2021-02-01,AMZN,63.12,63.72,61.64,63.55,3137042
2021-02-02,AMZN,62.9,63.29,60.23,62.89,2396768
2021-02-03,AMZN,60.67,62.38,60.69,61.26,3095709
2021-02-04,AMZN,59.3,60.7,58.71,59.62,6921405
2021-02-05,AMZN,59.51,60.03,58.09,59.07,3837580
2021-02-08,AMZN,59.36,60.91,57.94,59.37,6326139
2021-02-09,AMZN,59.26,59.39,59.01,59.34,1625151
2021-02-10,AMZN,59.54,59.88,58.65,59.42,13473402
2021-02-11,AMZN,60.34,61.18,59.26,60.48,4512471
2021-02-12,AMZN,59.29,60.29,54.95,58.96,34547854
2021-02-15,AMZN,59.4,59.45,58.22,59.08,4344233
2021-02-16,AMZN,58.87,59.35,57.34,58.53,2272013
2021-02-17,AMZN,56.72,57.74,56.09,57.22,1500365
2021-02-18,AMZN,57.55,59.77,57.61,57.79,3148682
2021-02-19,AMZN,57.33,57.4,57.01,57.04,5258477
2021-02-22,AMZN,58.46,60.53,58.43,59.02,2560521
2021-02-23,AMZN,58.91,58.85,58.46,58.56,4228725
2021-02-24,AMZN,57.82,60.3,55.83,57.78,2368797
2021-02-25,AMZN,58.36,60.55,57.44,57.83,3367902
2021-02-26,AMZN,59.05,59.1,57.25,58.54,14945371
2021-03-01,AMZN,56.41,57.66,55.2,57.41,1183080
2021-03-02,AMZN,58.91,60.02,57.42,58.86,4083750
2021-03-03,AMZN,60.4,61.3,57.39,59.52,7970657
2021-03-04,AMZN,57.64,58.81,55.3,57.91,7032246
2021-03-05,AMZN,57.38,58.06,55.92,56.63,6683264
2021-03-08,AMZN,54.4,54.92,54.45,54.8,7533188
2021-03-09,AMZN,55.89,55.83,54.28,55.67,15399862
2021-03-10,AMZN,54.44,54.39,53.84,54.09,5421414
2021-03-11,AMZN,53.64,54.28,52.9,53.13,14426749
2021-03-12,AMZN,54.18,55.63,53.55,54.73,1997321
2021-03-15,AMZN,54.78,55.37,52.8,54.83,10778507
2021-03-16,AMZN,54.6,55.18,52.66,54.25,1904190
2021-03-17,AMZN,52.94,54.06,51.85,53.3,3360669
2021-03-18,AMZN,55.44,55.44,54.86,55.04,4413179
2021-03-19,AMZN,54.17,56.12,54.08,54.63,1538245
2021-03-22,AMZN,54.45,55.12,54.5,54.61,3600054
2021-03-23,AMZN,55.76,56.35,54.79,55.41,5815161
2021-03-24,AMZN,57.31,57.32,56.07,56.58,3739776
2021-03-25,AMZN,56.56,57.73,56.47,56.6,5629316
2021-03-26,AMZN,57.56,57.9,55.49,56.9,6496381
2021-03-29,AMZN,55.66,55.78,55.42,55.5,7165581
2021-03-30,AMZN,54.14,56.2,51.84,54.53,3841507
2021-03-31,AMZN,53.66,56.16,52.59,53.28,8315844
2021-04-01,AMZN,53.02,53.85,52.38,53.13,14248192
2021-04-02,AMZN,52.02,52.35,50.2,51.75,1361225
2021-04-05,AMZN,52.09,52.66,48.97,51.36,1545329
2021-04-06,AMZN,53.51,53.6,52.45,53.31,23515099
2021-04-07,AMZN,51.32,52.48,51.34,51.95,5257041
2021-04-08,AMZN,51.43,52.05,50.18,51.38,8980121
2021-04-09,AMZN,49.08,49.03,48.29,48.96,11595687
2021-04-12,AMZN,48.17,49.17,47.15,48.13,4917247
2021-04-13,AMZN,47.87,49.15,47.23,48.03,6319153
2021-04-14,AMZN,48.75,50.61,48.8,49.39,3094298
2021-04-15,AMZN,48.28,48.72,47.29,48.03,3377517
2021-04-16,AMZN,47.99,48.8,46.62,47.71,10065462
2021-04-19,AMZN,48.23,48.73,48.2,48.6,6383777
2021-04-20,AMZN,48.41,49.02,47.74,48.34,3759616
2021-04-21,AMZN,49.81,51.09,49.19,50.48,3898006
2021-04-22,AMZN,49.62,50.29,49.24,49.31,8167368
2021-04-23,AMZN,50.52,50.47,47.58,49.36,3097201
2021-04-26,AMZN,49.51,49.46,49.13,49.24,4279681
2021-04-27,AMZN,47.15,48.22,46.92,47.22,4790787
2021-04-28,AMZN,46.99,48.18,46.64,47.1,7175819
2021-04-29,AMZN,47.6,48.04,47.6,47.72,17980135
2021-04-30,AMZN,48.57,49.2,47.83,48.21,19613828
2021-05-03,AMZN,47.16,49.45,46.39,47.86,3369603
2021-05-04,AMZN,47.81,47.76,45.92,47.33,3335700
2021-05-05,AMZN,47.32,47.27,46.84,46.99,21621445
2021-05-06,AMZN,48.11,48.65,48.15,48.42,1484273
2021-05-07,AMZN,50.3,50.39,47.83,49.65,14320476
2021-05-10,AMZN,48.89,49.4,46.51,48.26,9331608
2021-05-11,AMZN,49.43,49.53,48.95,49.3,4030956
2021-05-12,AMZN,47.48,47.47,46.25,47.45,5745851
2021-05-13,AMZN,46.53,47.43,46.09,47.05,5809328
2021-05-14,AMZN,47.67,48.0,47.66,47.82,1859178
2021-05-17,AMZN,47.78,48.66,45.83,48.17,8304837
2021-05-18,AMZN,46.54,49.1,46.41,46.96,4698926
2021-05-19,AMZN,45.85,46.4,45.89,46.06,1620320
2021-05-20,AMZN,48.14,49.21,47.59,48.22,3369516
2021-05-21,AMZN,45.72,47.8,45.34,45.61,2325123
2021-05-24,AMZN,46.23,46.35,44.17,45.91,28002907
2021-05-25,AMZN,45.98,48.39,45.3,46.35,2803850
2021-05-26,AMZN,45.91,48.1,44.37,46.35,803263
2021-05-27,AMZN,47.04,47.64,45.41,46.78,5085835
2021-05-28,AMZN,47.18,47.51,45.75,47.11,4201658
2021-05-31,AMZN,47.43,49.39,46.51,47.33,28837230
2021-06-01,AMZN,49.33,50.3,49.38,49.47,29061634
2021-06-02,AMZN,50.17,52.67,50.22,50.74,4996662
2021-06-03,AMZN,52.39,53.18,52.21,52.71,5632608
2021-06-04,AMZN,51.72,52.21,51.71,51.78,25878214
2021-06-07,AMZN,50.61,52.74,49.46,50.62,2907063
2021-06-08,AMZN,49.65,50.46,49.0,50.02,14530849
2021-06-09,AMZN,50.68,51.13,50.21,50.91,2248796
2021-06-10,AMZN,51.25,51.23,48.84,50.46,4354063
2021-06-11,AMZN,51.1,52.99,49.99,51.21,12027687
2021-06-14,AMZN,52.96,54.22,52.59,52.76,4933622
2021-06-15,AMZN,52.37,52.85,50.69,52.41,3503943
2021-06-16,AMZN,52.05,52.4,49.42,52.3,3368719
2021-06-17,AMZN,51.6,51.67,50.48,51.29,848763
2021-06-18,AMZN,51.37,51.32,50.67,51.24,3689917
2021-06-21,AMZN,54.37,56.97,54.23,54.86,1782595
2021-06-22,AMZN,53.17,54.83,53.22,53.28,3581627
2021-06-23,AMZN,55.11,56.47,54.46,55.11,3574121
2021-06-24,AMZN,56.59,56.53,55.14,56.25,1108832
2021-06-25,AMZN,56.99,57.8,56.53,56.88,2510749
2021-06-28,AMZN,58.19,58.55,56.57,57.61,1837615
2021-06-29,AMZN,58.57,58.51,57.52,57.92,8992218
2021-06-30,AMZN,58.07,58.3,56.09,57.5,1354076
2021-07-01,AMZN,59.17,61.71,57.14,59.72,9969993
2021-07-02,AMZN,61.27,63.27,60.06,61.69,12468810
2021-07-05,AMZN,63.36,63.76,61.88,62.17,23330125
2021-07-06,AMZN,60.52,62.46,58.17,60.41,13938325
2021-07-07,AMZN,59.79,59.73,59.17,59.55,6640221
2021-07-08,AMZN,59.66,60.14,59.42,59.6,1566133
2021-07-09,AMZN,60.35,61.54,58.76,60.37,11381453
2021-07-12,AMZN,61.66,63.08,60.21,61.19,3065171
2021-07-13,AMZN,60.68,62.3,59.89,60.75,10044397
2021-07-14,AMZN,60.33,60.83,59.77,60.01,6355703
2021-07-15,AMZN,62.06,64.19,60.19,62.22,11024871
2021-07-16,AMZN,60.89,63.74,60.36,60.38,5848960
2021-07-19,AMZN,58.98,59.06,57.95,58.96,3890252
2021-07-20,AMZN,60.68,61.88,59.18,60.81,12549107
2021-07-21,AMZN,60.49,62.61,58.2,60.21,1284367
2021-07-22,AMZN,59.77,60.55,59.57,60.08,17800287
2021-07-23,AMZN,59.25,60.03,59.3,59.66,4271114
2021-07-26,AMZN,59.94,60.11,58.1,58.88,4039576
2021-07-27,AMZN,58.31,59.48,58.36,58.78,12475958
2021-07-28,AMZN,58.04,58.1,57.72,57.85,9327482
2021-07-29,AMZN,58.32,61.52,58.38,59.05,2223105
2021-07-30,AMZN,58.9,59.08,58.48,58.88,1664532
2021-08-02,AMZN,58.82,60.2,58.1,59.11,13197201
2021-08-03,AMZN,59.37,61.92,58.48,59.98,5180800
2021-08-04,AMZN,61.8,62.18,59.5,61.51,1454775
2021-08-05,AMZN,63.23,64.2,62.35,62.65,16331150
2021-08-06,AMZN,60.6,61.65,59.33,61.59,3188183
2021-08-09,AMZN,61.89,63.01,61.29,62.15,1484579
2021-08-10,AMZN,60.35,64.18,60.41,60.72,14911126
2021-08-11,AMZN,61.86,62.94,60.74,61.29,9685282
2021-08-12,AMZN,60.75,60.68,58.46,60.44,13905594
2021-08-13,AMZN,62.76,62.69,59.18,62.53,5419498
2021-08-16,AMZN,62.54,63.84,62.52,63.18,306434
2021-08-17,AMZN,64.77,65.71,64.05,64.16,3540861
2021-08-18,AMZN,63.44,65.38,62.62,64.44,8048169
2021-08-19,AMZN,61.88,63.58,60.4,62.23,1725628
2021-08-20,AMZN,61.12,62.71,60.27,61.56,1538595
2021-08-23,AMZN,61.07,66.02,59.03,61.18,9400801
2021-08-24,AMZN,62.6,62.72,59.81,61.85,9509985
2021-08-25,AMZN,60.92,62.68,60.98,61.28,8503794
2021-08-26,AMZN,61.11,62.12,61.11,61.93,21673592
2021-08-27,AMZN,61.0,64.32,61.06,61.81,5719819
2021-08-30,AMZN,62.64,63.27,61.98,62.8,1277567
2021-08-31,AMZN,61.95,62.56,60.86,61.46,4111904
2021-09-01,AMZN,59.99,59.93,58.72,59.8,3000714
2021-09-02,AMZN,60.45,60.39,59.08,60.38,5773108
2021-09-03,AMZN,60.05,61.38,59.34,60.03,1757088
2021-09-06,AMZN,59.72,60.82,58.41,59.45,1149431
2021-09-07,AMZN,58.71,60.07,57.65,58.71,8954931
2021-09-08,AMZN,58.65,60.56,58.71,58.76,5627349
2021-09-09,AMZN,60.88,60.98,60.37,60.95,10539000
2021-09-10,AMZN,59.76,59.71,58.57,59.26,14132888
2021-09-13,AMZN,60.28,60.83,59.71,60.49,6278626
2021-09-14,AMZN,58.12,58.46,56.23,57.61,4137692
2021-09-15,AMZN,60.07,60.01,57.82,59.56,9699967
2021-09-16,AMZN,59.22,59.16,58.21,58.78,12893222
2021-09-17,AMZN,58.49,58.43,58.02,58.15,18964530
2021-09-20,AMZN,56.77,58.42,56.43,56.97,13178287
2021-09-21,AMZN,59.12,59.77,57.81,58.45,11793273
2021-09-22,AMZN,56.8,56.74,55.76,56.73,2616237
2021-09-23,AMZN,55.88,56.28,54.24,55.53,5738288
2021-09-24,AMZN,53.85,54.29,51.73,53.68,2898200
2021-09-27,AMZN,54.94,55.12,51.81,54.07,9501905
2021-09-28,AMZN,55.45,56.37,53.75,54.56,1842935
2021-09-29,AMZN,55.36,56.33,54.06,55.34,9843426
2021-09-30,AMZN,55.92,57.92,54.21,56.0,3330952
2021-10-01,AMZN,56.66,58.41,54.76,56.8,1345858
2021-10-04,AMZN,56.33,58.07,55.54,57.2,20613048
2021-10-05,AMZN,57.2,57.78,55.94,57.13,4548072
2021-10-06,AMZN,57.16,57.5,55.9,56.23,5284000
2021-10-07,AMZN,58.63,58.85,57.45,57.59,787537
2021-10-08,AMZN,56.41,58.01,54.71,56.72,4877376
2021-10-11,AMZN,56.68,57.76,56.74,56.9,4242895
2021-10-12,AMZN,57.12,57.47,55.82,56.85,19774646
2021-10-13,AMZN,56.25,57.53,56.31,56.58,4708111
2021-10-14,AMZN,57.61,57.92,55.77,56.97,4136902
2021-10-15,AMZN,58.05,58.07,57.42,58.01,3846553
2021-10-18,AMZN,58.87,60.08,58.27,59.04,4401579
2021-10-19,AMZN,57.99,62.41,58.05,58.72,728582
2021-10-20,AMZN,58.29,58.73,57.68,58.05,8844289
2021-10-21,AMZN,60.63,61.7,58.67,60.54,4221216
2021-10-22,AMZN,58.51,59.06,58.13,58.66,2822164
2021-10-25,AMZN,57.3,58.3,56.22,57.53,2345319
2021-10-26,AMZN,58.32,59.56,58.09,58.66,18319132
2021-10-27,AMZN,58.64,60.17,56.32,59.02,13593532
2021-10-28,AMZN,59.1,59.79,58.0,58.57,46446137
2021-10-29,AMZN,57.4,57.54,55.87,57.29,44504566
2021-11-01,AMZN,54.28,55.26,53.0,54.51,1399976
2021-11-02,AMZN,56.62,57.9,56.14,56.73,4926851
2021-11-03,AMZN,55.19,56.4,52.42,55.45,4816042
2021-11-04,AMZN,53.7,54.84,53.76,54.48,12974984
2021-11-05,AMZN,55.36,56.92,52.96,54.6,9082615
2021-11-08,AMZN,51.49,51.7,49.72,51.62,7131230
2021-11-09,AMZN,50.64,50.97,48.81,50.8,2306391
2021-11-10,AMZN,51.37,52.25,48.95,51.0,10152516
2021-11-11,AMZN,52.1,52.05,51.96,52.0,3012458
2021-11-12,AMZN,49.57,50.14,49.62,50.07,1385942
2021-11-15,AMZN,51.16,51.91,49.39,51.25,5024171
2021-11-16,AMZN,51.4,52.14,49.84,51.25,5782649
2021-11-17,AMZN,51.54,52.05,51.04,51.27,6885289
2021-11-18,AMZN,51.54,53.05,51.05,52.25,1438960
2021-11-19,AMZN,52.67,53.01,51.92,52.43,7192839
2021-11-22,AMZN,51.99,52.79,50.59,52.56,12022101
2021-11-23,AMZN,53.44,53.93,50.47,53.69,9576559
2021-11-24,AMZN,53.53,55.49,52.73,53.42,2550307
2021-11-25,AMZN,54.03,54.24,52.52,54.13,2061959
2021-11-26,AMZN,54.4,54.35,54.08,54.29,8092575
2021-11-29,AMZN,53.29,55.63,53.32,53.73,5652352
2021-11-30,AMZN,55.7,55.68,53.85,55.17,13815673
2021-12-01,AMZN,58.63,59.35,57.91,58.22,2164749
2021-12-02,AMZN,56.99,58.57,55.58,56.94,9845503
2021-12-03,AMZN,56.19,57.44,56.03,56.61,1100210
2021-12-06,AMZN,57.06,59.43,55.98,56.91,2282597
2021-12-07,AMZN,58.87,58.83,57.93,58.42,9477827
2021-12-08,AMZN,58.65,61.07,58.55,58.83,19527358
2021-12-09,AMZN,59.4,62.07,58.04,59.01,31371817
2021-12-10,AMZN,58.42,59.52,58.48,58.56,2652460
2021-12-13,AMZN,57.75,58.4,57.81,58.07,6733609
2021-12-14,AMZN,57.99,58.41,57.79,58.05,13752702
2021-12-15,AMZN,59.77,59.71,57.99,59.2,8044020
2021-12-16,AMZN,60.36,61.48,59.85,60.27,7509684
2021-12-17,AMZN,61.68,62.35,60.46,61.16,17270633
2021-12-20,AMZN,62.07,62.66,61.45,62.22,1810281
2021-12-21,AMZN,63.83,64.66,62.77,63.46,9403683
2021-12-22,AMZN,62.14,62.15,60.43,61.98,49769440
2021-12-23,AMZN,64.55,64.7,62.95,63.51,7176333
2021-12-24,AMZN,61.91,62.78,61.97,62.53,4521189
2021-12-27,AMZN,62.54,63.17,59.71,62.04,2283880
2021-12-28,AMZN,61.11,61.68,60.24,61.05,4421172
2021-12-29,AMZN,59.63,61.07,58.96,59.44,2860118
2021-12-30,AMZN,57.19,58.42,57.24,58.29,6973296
2021-12-31,AMZN,60.5,62.38,60.35,60.63,3720028
2022-01-03,AMZN,60.13,61.59,57.67,60.38,3588956
2022-01-04,AMZN,60.65,61.35,57.37,60.71,6627840
2022-01-05,AMZN,61.78,64.63,58.04,61.63,9292563
2022-01-06,AMZN,63.5,65.0,62.31,64.12,1249783
2022-01-07,AMZN,64.12,64.06,61.95,63.89,3676176
2022-01-10,AMZN,65.96,68.36,65.85,66.65,7478926
2022-01-11,AMZN,66.98,67.98,66.23,66.4,4229618
2022-01-12,AMZN,68.78,69.42,68.53,68.56,6460260
2022-01-13,AMZN,65.18,66.95,63.56,65.26,2634782
2022-01-14,AMZN,65.82,65.75,64.0,65.7,3183986
2022-01-17,AMZN,68.29,69.78,67.56,67.98,12418516
2022-01-18,AMZN,67.58,70.14,66.33,67.81,4998382
2022-01-19,AMZN,69.29,71.01,68.3,69.78,7374969
2022-01-20,AMZN,74.97,76.49,72.79,74.66,2845150
2022-01-21,AMZN,77.1,77.02,74.19,76.48,9671761
2022-01-24,AMZN,75.77,80.09,74.37,76.6,10264520
2022-01-25,AMZN,76.29,78.37,75.47,75.9,9538598
2022-01-26,AMZN,74.53,75.16,74.47,75.04,9518440
2022-01-27,AMZN,74.12,75.35,74.08,74.48,4809029
2022-01-28,AMZN,72.71,74.07,72.79,73.1,4090596
2022-01-31,AMZN,73.02,74.54,71.7,72.47,4608690
2022-02-01,AMZN,73.27,74.2,73.23,73.68,14280324
2022-02-02,AMZN,74.09,74.01,72.03,73.4,3409689
2022-02-03,AMZN,73.59,75.16,71.79,73.92,13092296
2022-02-04,AMZN,75.85,76.25,74.61,76.11,12144811
2022-02-07,AMZN,74.07,75.83,74.08,74.29,25016974
2022-02-08,AMZN,70.87,72.09,68.91,71.38,1063599
2022-02-09,AMZN,69.73,71.57,68.29,69.27,4921782
2022-02-10,AMZN,71.63,71.56,70.69,70.99,2913832
2022-02-11,AMZN,71.06,73.1,69.37,71.54,4961742
2022-02-14,AMZN,74.73,75.42,73.4,74.16,7748889
2022-02-15,AMZN,70.94,73.57,67.99,71.84,11446939
2022-02-16,AMZN,70.34,71.68,68.79,70.15,24173277
2022-02-17,AMZN,67.53,68.84,66.33,68.63,1697401
2022-02-18,AMZN,69.09,70.27,68.25,68.66,3655610
2022-02-21,AMZN,69.05,69.56,68.09,68.1,8942528
2022-02-22,AMZN,67.82,68.8,66.43,68.17,5611368
2022-02-23,AMZN,67.22,68.99,65.03,66.77,2939169
2022-02-24,AMZN,67.4,68.67,65.61,67.62,24114847
2022-02-25,AMZN,64.01,64.37,63.18,64.35,4834477
2022-02-28,AMZN,64.19,66.31,63.25,63.91,1976713
2022-03-01,AMZN,66.0,67.21,62.19,66.06,9465741
2022-03-02,AMZN,66.51,67.15,65.5,66.95,632037
2022-03-03,AMZN,66.5,67.71,64.69,65.46,3572068
2022-03-04,AMZN,68.52,68.75,66.05,68.36,2921041
2022-03-07,AMZN,69.54,69.48,68.72,69.05,17138743
2022-03-08,AMZN,68.45,69.21,68.21,68.42,5668481
2022-03-09,AMZN,66.38,69.55,66.32,66.64,2046117
2022-03-10,AMZN,65.99,66.06,64.4,65.68,4083777
2022-03-11,AMZN,67.09,67.02,64.14,66.74,13227402
2022-03-14,AMZN,69.77,69.7,69.34,69.34,3408714
2022-03-15,AMZN,71.92,73.75,71.76,72.5,851233
2022-03-16,AMZN,72.39,72.86,69.37,72.73,18174794
2022-03-17,AMZN,75.52,75.44,73.14,74.88,1508984
2022-03-18,AMZN,75.62,77.53,75.61,76.04,2804659
2022-03-21,AMZN,75.44,77.49,75.51,76.45,9956408
2022-03-22,AMZN,76.35,78.27,75.8,76.09,10693026
2022-03-23,AMZN,77.45,80.99,76.71,77.67,26968505
2022-03-24,AMZN,78.83,78.86,76.74,77.89,3873503
2022-03-25,AMZN,76.29,79.33,75.61,76.01,774531
2022-03-28,AMZN,75.15,76.24,75.22,75.74,1957925
2022-03-29,AMZN,77.41,77.33,76.33,76.96,7423765
2022-03-30,AMZN,74.61,75.98,72.7,74.58,17365561
2022-03-31,AMZN,75.85,77.99,73.49,75.56,5399849
2022-04-01,AMZN,72.97,74.22,71.14,71.52,1782044
2022-04-04,AMZN,72.97,75.2,72.12,72.85,1156221
2022-04-05,AMZN,72.89,74.33,71.15,73.62,3091308
2022-04-06,AMZN,76.2,77.95,76.28,76.3,17839888
2022-04-07,AMZN,75.2,76.39,72.79,74.95,3832722
2022-04-08,AMZN,79.54,80.87,78.27,78.49,5464901
2022-04-11,AMZN,76.12,81.69,76.05,77.12,18580853
2022-04-12,AMZN,77.41,79.87,76.33,77.56,7484597
2022-04-13,AMZN,79.3,82.04,78.03,78.51,5479703
2022-04-14,AMZN,79.24,79.98,76.49,78.52,8998734
2022-04-15,AMZN,80.41,80.32,78.53,80.25,20665455
2022-04-18,AMZN,80.12,80.36,75.89,80.09,3870375
2022-04-19,AMZN,78.06,79.43,77.3,78.63,10785985
2022-04-20,AMZN,81.56,84.66,80.89,81.25,6511463
2022-04-21,AMZN,81.85,82.43,79.94,82.27,2699018
2022-04-22,AMZN,83.58,83.5,79.91,83.26,10075713
2022-04-25,AMZN,85.28,86.11,82.96,86.06,6241434
2022-04-26,AMZN,90.54,95.18,88.5,90.53,8091048
2022-04-27,AMZN,88.4,88.89,87.77,88.4,2380135
2022-04-28,AMZN,91.24,91.25,86.35,89.79,2211274
2022-04-29,AMZN,87.4,90.53,86.27,87.86,400121
2022-05-02,AMZN,85.21,86.21,83.64,85.38,9233997
2022-05-03,AMZN,87.6,89.09,87.16,87.42,2595923
2022-05-04,AMZN,84.09,86.61,84.17,84.48,9162977
2022-05-05,AMZN,83.71,86.35,83.56,84.12,1447960
2022-05-06,AMZN,87.24,87.17,85.52,85.86,5497247
2022-05-09,AMZN,86.46,89.06,83.9,86.85,4866370
2022-05-10,AMZN,82.82,82.73,82.07,82.47,7577502
2022-05-11,AMZN,81.69,83.31,80.65,81.85,2764718
2022-05-12,AMZN,80.63,81.11,79.0,80.17,5886732
2022-05-13,AMZN,79.0,80.19,78.71,79.28,3632968
2022-05-16,AMZN,77.17,78.42,75.21,77.38,2968130
2022-05-17,AMZN,80.5,80.42,79.77,79.84,5422855
2022-05-18,AMZN,78.46,80.22,75.75,78.57,9296430
2022-05-19,AMZN,79.92,82.3,77.8,78.96,1087018
2022-05-20,AMZN,78.73,80.84,76.7,78.69,2651371
2022-05-23,AMZN,79.65,82.03,79.46,80.06,7345414
2022-05-24,AMZN,80.35,85.48,80.42,80.72,2522222
2022-05-25,AMZN,78.95,79.46,78.81,79.0,1829107
2022-05-26,AMZN,78.33,80.72,74.81,77.84,6165213
2022-05-27,AMZN,76.11,78.77,75.57,77.03,12072549
2022-05-30,AMZN,75.51,76.31,73.87,76.02,1662014
2022-05-31,AMZN,76.32,77.67,75.85,76.44,8377658
2022-06-01,AMZN,78.31,79.22,77.2,78.76,2142104
2022-06-02,AMZN,82.66,82.58,79.84,81.89,3067710
2022-06-03,AMZN,82.84,83.21,82.23,83.15,5969966
2022-06-06,AMZN,80.83,83.13,80.64,80.81,5213471
2022-06-07,AMZN,83.58,83.5,82.81,83.25,18203048
2022-06-08,AMZN,83.02,84.12,83.1,83.25,721412
2022-06-09,AMZN,84.28,86.24,83.72,83.8,2404717
2022-06-10,AMZN,88.05,90.67,85.62,87.46,1368156
2022-06-13,AMZN,85.64,87.82,84.21,86.3,6032644
2022-06-14,AMZN,87.81,88.37,84.65,88.06,4545739
2022-06-15,AMZN,85.21,88.73,84.93,85.74,3983168
2022-06-16,AMZN,91.45,91.36,88.53,89.78,2554411
2022-06-17,AMZN,88.15,92.36,86.82,88.99,2606968
2022-06-20,AMZN,87.6,90.82,86.52,88.6,3049987
2022-06-21,AMZN,89.12,90.28,83.95,88.39,6475032
2022-06-22,AMZN,90.84,91.49,87.68,90.48,2862144
2022-06-23,AMZN,90.33,93.18,90.1,90.58,3626040
2022-06-24,AMZN,89.31,90.94,88.08,90.27,2641845
2022-06-27,AMZN,92.2,92.95,89.58,91.8,11579886
2022-06-28,AMZN,91.47,95.64,86.88,91.83,3868166
2022-06-29,AMZN,93.03,93.52,89.63,92.2,11825266
2022-06-30,AMZN,89.59,90.63,88.82,89.24,6252731
2022-07-01,AMZN,88.03,89.36,87.47,87.79,2045514
2022-07-04,AMZN,88.01,88.62,85.29,87.48,936095
2022-07-05,AMZN,86.39,87.83,84.64,86.92,5036649
2022-07-06,AMZN,87.23,89.43,85.85,86.33,2638775
2022-07-07,AMZN,88.19,89.99,87.1,88.5,2556833
2022-07-08,AMZN,89.72,89.63,87.96,89.59,2313714
2022-07-11,AMZN,89.65,90.49,87.97,90.32,8169866
2022-07-12,AMZN,92.71,93.13,90.76,92.82,7265733
2022-07-13,AMZN,93.67,93.58,91.09,92.51,1088629
2022-07-14,AMZN,89.12,90.52,85.11,89.73,11401858
2022-07-15,AMZN,90.63,92.21,86.35,89.42,1425334
2022-07-18,AMZN,89.1,91.51,88.17,89.04,2074761
2022-07-19,AMZN,91.19,91.1,87.8,90.16,5286122
2022-07-20,AMZN,91.38,92.25,87.33,91.89,852717
2022-07-21,AMZN,92.56,93.38,90.91,91.84,17219832
2022-07-22,AMZN,93.12,93.15,91.36,93.14,9312686
2022-07-25,AMZN,91.32,91.61,88.99,91.11,3975383
2022-07-26,AMZN,96.72,97.73,92.15,94.25,9878304
2022-07-27,AMZN,91.89,97.38,91.98,93.15,4960349
2022-07-28,AMZN,96.41,96.31,93.31,95.27,3173015
2022-07-29,AMZN,98.94,99.94,98.82,99.07,16804885
2022-08-01,AMZN,95.6,98.13,94.54,95.69,2514129
2022-08-02,AMZN,94.77,94.93,91.07,94.22,8144403
2022-08-03,AMZN,93.15,95.43,89.07,93.01,7278318
2022-08-04,AMZN,91.2,91.11,89.58,90.14,8274756
2022-08-05,AMZN,91.97,93.79,90.14,92.61,10103204
2022-08-08,AMZN,91.61,93.26,85.57,91.29,11034164
2022-08-09,AMZN,90.04,91.72,88.73,90.54,6256563
2022-08-10,AMZN,90.54,90.45,88.88,89.21,13217845
2022-08-11,AMZN,86.34,88.47,85.91,86.89,3083358
2022-08-12,AMZN,87.36,87.27,83.49,87.19,7632334
2022-08-15,AMZN,84.72,87.27,82.07,85.14,3394423
2022-08-16,AMZN,82.73,84.16,81.94,82.98,3563755
2022-08-17,AMZN,79.37,81.39,78.71,79.18,5335917
2022-08-18,AMZN,78.76,80.24,75.53,78.22,3148650
2022-08-19,AMZN,77.07,78.69,75.67,76.52,3873877
2022-08-22,AMZN,77.09,80.83,77.17,77.9,6340728
2022-08-23,AMZN,78.91,80.49,78.58,79.47,4187962
2022-08-24,AMZN,79.29,81.35,77.92,80.55,1089090
2022-08-25,AMZN,79.7,80.87,78.87,80.62,2559793
2022-08-26,AMZN,76.95,76.87,76.01,76.79,4822122
2022-08-29,AMZN,77.57,81.37,72.9,78.14,6834457
2022-08-30,AMZN,78.54,79.36,76.75,78.61,17502072
2022-08-31,AMZN,77.37,78.1,76.2,77.57,3911669
2022-09-01,AMZN,77.54,81.15,76.81,77.64,13459216
2022-09-02,AMZN,78.14,78.84,76.68,76.8,9928728
2022-09-05,AMZN,78.74,80.13,77.66,78.89,2714020
2022-09-06,AMZN,81.75,82.75,77.75,80.13,25588390
2022-09-07,AMZN,81.36,81.72,80.78,81.51,8634563
2022-09-08,AMZN,79.88,80.75,79.11,79.65,2293923
2022-09-09,AMZN,78.32,78.43,77.03,77.92,4157682
2022-09-12,AMZN,75.28,76.65,74.52,76.01,6221854
2022-09-13,AMZN,78.61,80.84,78.03,78.26,2992974
2022-09-14,AMZN,78.92,79.75,78.33,78.61,4389168
2022-09-15,AMZN,79.01,79.14,78.98,79.04,2916402
2022-09-16,AMZN,76.39,79.4,74.86,76.23,1540347
2022-09-19,AMZN,76.32,77.4,76.18,77.26,6148138
2022-09-20,AMZN,77.74,83.14,75.08,77.52,4648941
2022-09-21,AMZN,79.06,80.46,79.14,79.47,6074933
2022-09-22,AMZN,76.75,77.41,76.27,77.36,3361961
2022-09-23,AMZN,81.27,82.23,80.07,80.48,6395728
2022-09-26,AMZN,80.88,83.23,78.79,81.07,7773727
2022-09-27,AMZN,81.3,81.82,80.05,81.33,3524096
2022-09-28,AMZN,81.37,83.03,77.25,81.39,7939798
2022-09-29,AMZN,80.99,83.28,81.07,81.31,8435022
2022-09-30,AMZN,85.66,86.96,84.33,86.03,2244571
2022-10-03,AMZN,87.13,88.85,83.12,86.16,11743505
2022-10-04,AMZN,84.59,86.02,79.12,83.28,6406627
2022-10-05,AMZN,83.04,83.23,81.64,82.59,3595471
2022-10-06,AMZN,83.25,83.94,80.74,82.79,2901034
2022-10-07,AMZN,81.32,82.08,80.75,81.13,4437687
2022-10-10,AMZN,81.14,82.53,80.0,81.35,2881963
2022-10-11,AMZN,80.36,83.8,80.21,80.86,1627856
2022-10-12,AMZN,78.92,78.84,76.94,78.6,6513092
2022-10-13,AMZN,78.95,80.1,79.03,79.63,1330772
2022-10-14,AMZN,77.84,79.59,73.22,78.22,8662546
2022-10-17,AMZN,79.04,80.97,78.73,79.8,5640940
2022-10-18,AMZN,81.38,82.42,80.53,81.5,3362751
2022-10-19,AMZN,80.25,84.31,77.51,80.24,5794898
2022-10-20,AMZN,83.05,84.8,81.01,83.16,4770273
2022-10-21,AMZN,82.78,84.96,82.86,83.33,6631127
2022-10-24,AMZN,84.54,85.54,81.15,83.49,13089795
2022-10-25,AMZN,81.45,82.29,77.53,81.29,10384618
2022-10-26,AMZN,82.23,83.01,82.32,82.54,18326262
2022-10-27,AMZN,83.22,85.52,81.58,84.29,5003534
2022-10-28,AMZN,85.3,87.07,84.19,85.57,6502211
2022-10-31,AMZN,82.82,82.74,82.27,82.51,2300044
2022-11-01,AMZN,82.12,82.87,80.01,81.5,1913607
2022-11-02,AMZN,78.49,80.54,78.11,78.47,4671626
2022-11-03,AMZN,80.18,80.82,77.5,79.45,31828629
2022-11-04,AMZN,80.02,80.2,77.31,78.72,6726991
2022-11-07,AMZN,80.39,80.94,79.72,80.23,24255423
2022-11-08,AMZN,81.52,81.44,79.77,81.27,2803110
2022-11-09,AMZN,81.15,81.14,77.32,80.85,3656038
2022-11-10,AMZN,83.85,85.44,78.07,83.03,1200150
2022-11-11,AMZN,83.51,86.25,83.3,84.08,4441840
2022-11-14,AMZN,81.36,82.7,79.09,80.25,6420926
2022-11-15,AMZN,79.94,81.18,80.02,80.21,840177
2022-11-16,AMZN,78.94,81.29,79.01,79.55,5294894
2022-11-17,AMZN,76.77,77.44,76.52,76.94,10556038
2022-11-18,AMZN,76.52,77.26,76.59,76.86,3584571
2022-11-21,AMZN,77.3,78.71,76.06,77.15,2625086
2022-11-22,AMZN,76.91,76.83,73.79,76.81,687223
2022-11-23,AMZN,75.75,78.43,73.48,76.47,6928118
2022-11-24,AMZN,76.44,78.14,76.51,76.87,2696819
2022-11-25,AMZN,76.44,78.23,75.12,76.4,8463200
2022-11-28,AMZN,74.77,76.05,74.16,74.21,3647348
2022-11-29,AMZN,72.66,73.45,70.94,72.82,2453734
2022-11-30,AMZN,68.74,70.81,68.57,69.25,3957233
2022-12-01,AMZN,66.9,68.52,64.33,68.27,2787158
2022-12-02,AMZN,67.7,70.28,66.99,67.67,2652482
2022-12-05,AMZN,68.34,69.36,66.05,68.47,5796792
2022-12-06,AMZN,67.85,69.1,67.52,68.57,31161442
2022-12-07,AMZN,67.44,67.37,64.8,67.06,19786865
2022-12-08,AMZN,67.04,67.65,66.52,66.92,29708527
2022-12-09,AMZN,70.0,69.93,68.91,69.58,38461120
2022-12-12,AMZN,70.23,70.8,68.48,69.59,2683668
2022-12-13,AMZN,69.03,70.36,68.47,69.69,2880560
2022-12-14,AMZN,70.39,72.99,68.67,69.5,3458790
2022-12-15,AMZN,68.92,68.85,67.87,68.82,1715503
2022-12-16,AMZN,68.13,69.14,68.2,68.44,2772777
2022-12-19,AMZN,67.87,70.1,66.13,67.19,14789663
2022-12-20,AMZN,67.62,69.42,67.54,68.49,8290039
2022-12-21,AMZN,71.56,71.61,69.2,70.97,2591199
2022-12-22,AMZN,69.3,70.99,65.89,69.73,21460500
2022-12-23,AMZN,68.03,68.19,65.28,67.78,2279809
2022-12-26,AMZN,66.85,67.56,65.38,67.09,7067578
2022-12-27,AMZN,67.82,70.9,65.1,67.76,1564911
2022-12-28,AMZN,67.12,68.4,66.44,67.34,24521843
2022-12-29,AMZN,67.87,70.82,67.94,68.33,2558309
2022-12-30,AMZN,67.89,69.36,67.76,68.39,2692612
2023-01-02,AMZN,69.88,71.49,67.86,70.15,1388456
2023-01-03,AMZN,68.68,70.77,68.75,69.47,2308403
2023-01-04,AMZN,69.78,69.71,68.59,68.63,5612263
2023-01-05,AMZN,67.04,68.07,66.72,67.7,3476704
2023-01-06,AMZN,68.41,69.11,65.37,68.05,10445175
2023-01-09,AMZN,70.0,69.93,67.52,69.25,15978184
2023-01-10,AMZN,66.77,67.09,64.71,66.17,1740050
2023-01-11,AMZN,68.32,68.5,67.34,68.26,6257682
2023-01-12,AMZN,68.99,69.55,69.06,69.09,3786763
2023-01-13,AMZN,71.11,71.64,69.12,71.58,2636197
2023-01-16,AMZN,72.02,75.47,69.94,72.77,5210575
2023-01-17,AMZN,72.1,73.22,69.73,71.81,2983276
2023-01-18,AMZN,72.46,74.57,69.96,72.73,3633646
2023-01-19,AMZN,71.88,73.14,71.95,72.31,1394357
2023-01-20,AMZN,71.22,71.15,69.21,70.63,4842203
2023-01-23,AMZN,67.14,68.05,65.77,67.12,8233328
2023-01-24,AMZN,69.0,69.77,68.41,69.21,2776542
2023-01-25,AMZN,69.13,70.36,67.2,68.89,11047734
2023-01-26,AMZN,67.83,69.21,67.9,68.81,6646168
2023-01-27,AMZN,66.32,69.94,66.21,67.15,4856720
2023-01-30,AMZN,65.23,68.29,64.7,65.46,5764817
2023-01-31,AMZN,62.64,64.22,60.74,62.94,3989386
2023-02-01,AMZN,63.99,65.14,63.84,64.76,9231929
2023-02-02,AMZN,63.62,67.42,63.69,64.58,3776825
2023-02-03,AMZN,64.51,65.14,64.57,64.58,4669673
2023-02-06,AMZN,61.56,63.02,59.68,61.58,7326725
2023-02-07,AMZN,60.8,61.5,60.33,60.75,12159123
2023-02-08,AMZN,61.6,63.96,60.45,61.42,9106923
2023-02-09,AMZN,64.76,64.7,64.6,64.66,18739755
2023-02-10,AMZN,64.89,64.82,62.77,64.72,2672905
2023-02-13,AMZN,66.4,68.29,63.89,65.67,2298620
2023-02-14,AMZN,64.93,66.93,65.0,65.12,8956144
2023-02-15,AMZN,65.54,66.81,64.73,65.53,3726178
2023-02-16,AMZN,65.78,66.34,65.74,65.83,5578840
2023-02-17,AMZN,64.98,66.75,63.26,64.36,4044616
2023-02-20,AMZN,64.07,65.21,63.78,64.0,8339483
2023-02-21,AMZN,66.43,68.2,65.0,65.85,5455974
2023-02-22,AMZN,64.54,65.52,63.91,64.17,10548650
2023-02-23,AMZN,64.1,64.37,62.71,63.41,2019799
2023-02-24,AMZN,59.89,62.04,59.57,61.62,3795777
2023-02-27,AMZN,58.23,59.69,58.29,58.49,4506647
2023-02-28,AMZN,57.59,59.62,57.27,58.38,2677654
2023-03-01,AMZN,60.62,60.84,60.68,60.74,13402049
2023-03-02,AMZN,60.27,62.63,59.08,59.63,4661387
2023-03-03,AMZN,60.88,61.4,59.25,60.8,11270652
2023-03-06,AMZN,61.21,61.95,61.27,61.41,3475407
2023-03-07,AMZN,60.36,60.3,60.17,60.22,5040480
2023-03-08,AMZN,58.2,59.49,58.18,58.49,6176656
2023-03-09,AMZN,57.7,59.81,56.19,58.18,2528472
2023-03-10,AMZN,58.04,58.5,58.08,58.29,8889509
2023-03-13,AMZN,58.61,59.0,57.78,58.0,12232318
2023-03-14,AMZN,56.32,56.56,53.83,55.92,6467011
2023-03-15,AMZN,57.76,58.28,57.6,57.71,2856572
2023-03-16,AMZN,58.33,60.11,57.64,58.66,9427486
2023-03-17,AMZN,57.07,57.99,55.46,57.52,4013439
2023-03-20,AMZN,56.49,56.48,55.5,56.26,8736963
2023-03-21,AMZN,55.6,55.74,54.98,55.32,4934671
2023-03-22,AMZN,54.04,54.69,53.4,54.04,5845291
2023-03-23,AMZN,54.7,55.7,54.76,54.8,7684287
2023-03-24,AMZN,58.11,58.05,56.24,57.38,4348903
2023-03-27,AMZN,56.5,57.67,56.49,56.62,3644093
2023-03-28,AMZN,56.12,58.15,54.36,55.85,872752
2023-03-29,AMZN,57.26,57.2,56.17,56.71,1872662
2023-03-30,AMZN,57.55,58.09,57.01,57.52,5175061
2023-03-31,AMZN,56.72,57.36,55.68,56.81,4979870
2023-04-03,AMZN,56.38,57.59,55.95,56.48,2426583
2023-04-04,AMZN,54.94,56.09,53.25,54.32,5239614
2023-04-05,AMZN,57.01,58.45,56.63,57.24,5040062
2023-04-06,AMZN,58.52,58.61,57.35,58.1,3809218
2023-04-07,AMZN,59.05,59.29,56.77,59.13,6754916
2023-04-10,AMZN,57.38,59.63,55.73,57.55,11857204
2023-04-11,AMZN,55.86,58.95,55.9,56.49,4406104
2023-04-12,AMZN,54.69,55.82,54.22,55.07,22632162
2023-04-13,AMZN,53.03,54.7,52.3,53.18,2557480
2023-04-14,AMZN,53.78,55.12,53.29,53.95,4553532
2023-04-17,AMZN,51.83,53.38,49.37,51.33,11814334
2023-04-18,AMZN,51.67,54.02,51.41,53.1,1995585
2023-04-19,AMZN,52.92,53.43,51.44,52.89,6495825
2023-04-20,AMZN,53.12,53.78,52.75,53.47,3098551
2023-04-21,AMZN,54.49,54.43,52.57,53.74,1819558
2023-04-24,AMZN,54.52,54.54,53.47,54.11,6339547
2023-04-25,AMZN,54.65,56.35,53.91,54.59,3056856
2023-04-26,AMZN,54.98,55.93,52.33,55.27,4945492
2023-04-27,AMZN,56.45,58.27,56.37,56.61,3454892
2023-04-28,AMZN,58.13,58.12,56.7,57.32,3314013
2023-05-01,AMZN,55.87,57.48,55.92,55.95,5789418
2023-05-02,AMZN,54.06,56.31,53.36,54.4,2540210
2023-05-03,AMZN,54.32,55.76,51.57,53.78,1364801
2023-05-04,AMZN,52.83,54.13,52.68,53.49,9956849
2023-05-05,AMZN,53.15,53.58,51.99,52.98,4584161
2023-05-08,AMZN,53.67,54.61,52.79,53.81,2433403
2023-05-09,AMZN,52.34,53.37,52.28,52.91,13178623
2023-05-10,AMZN,54.74,55.26,53.26,54.07,8961178
2023-05-11,AMZN,54.57,54.51,53.22,54.13,6717552
2023-05-12,AMZN,54.71,55.51,53.87,54.61,26716257
2023-05-15,AMZN,54.52,55.52,53.64,55.25,6687481
2023-05-16,AMZN,56.6,56.54,56.35,56.44,3522043
2023-05-17,AMZN,59.02,60.77,59.06,59.23,8822442
2023-05-18,AMZN,57.84,60.81,54.76,57.59,3254828
2023-05-19,AMZN,57.09,58.36,54.95,56.87,8805135
2023-05-22,AMZN,57.3,57.8,56.82,56.92,29302317
2023-05-23,AMZN,54.77,55.8,54.18,54.96,3760771
2023-05-24,AMZN,55.02,55.78,52.72,55.07,5443188
2023-05-25,AMZN,53.52,54.21,53.44,53.71,5976224
2023-05-26,AMZN,52.71,52.96,52.34,52.68,3745594
2023-05-29,AMZN,53.11,54.73,52.54,53.63,4709601
2023-05-30,AMZN,53.03,54.15,52.55,53.11,1306869
2023-05-31,AMZN,55.25,55.26,54.81,54.86,4354960
2023-06-01,AMZN,55.81,56.24,54.05,55.32,14075081
2023-06-02,AMZN,58.09,58.18,56.3,57.36,8105844
2023-06-05,AMZN,56.36,56.31,54.57,56.0,2109557
2023-06-06,AMZN,56.66,58.1,55.74,56.87,9524451
2023-06-07,AMZN,57.96,58.72,57.99,58.04,14881165
2023-06-08,AMZN,58.01,61.4,58.07,58.46,3663964
2023-06-09,AMZN,59.63,61.49,57.84,59.7,1368297
2023-06-12,AMZN,61.66,63.45,59.88,60.89,3265002
2023-06-13,AMZN,59.54,60.53,59.6,59.87,1868771
2023-06-14,AMZN,59.64,59.58,58.38,59.04,3774461
2023-06-15,AMZN,57.93,59.02,57.17,58.03,4889986
2023-06-16,AMZN,57.26,57.73,56.88,57.49,6249446
2023-06-19,AMZN,58.86,60.27,58.44,59.05,6081357
2023-06-20,AMZN,58.56,60.6,57.67,58.71,4228395
2023-06-21,AMZN,58.99,60.12,56.98,58.68,6029880
2023-06-22,AMZN,56.7,58.17,53.63,56.47,9442361
2023-06-23,AMZN,56.44,57.81,56.44,56.54,15045857
2023-06-26,AMZN,57.41,58.09,56.06,57.2,8023268
2023-06-27,AMZN,57.08,60.66,56.96,57.78,5690093
2023-06-28,AMZN,55.79,56.52,54.87,56.36,2843479
2023-06-29,AMZN,56.02,57.03,54.83,55.54,2485274
2023-06-30,AMZN,54.81,56.29,54.85,55.6,2049329
2023-07-03,AMZN,55.9,56.95,54.31,56.17,15233352
2023-07-04,AMZN,57.65,60.65,57.7,57.85,6959907
2023-07-05,AMZN,58.11,60.5,56.72,57.89,7211382
2023-07-06,AMZN,59.13,59.53,58.36,59.15,10083279
2023-07-07,AMZN,59.03,60.68,57.65,59.11,3292357
2023-07-10,AMZN,60.01,60.59,58.98,59.97,9478656
2023-07-11,AMZN,62.64,64.72,62.09,62.98,8532119
2023-07-12,AMZN,62.66,63.33,61.31,62.92,7100379
2023-07-13,AMZN,63.93,64.47,62.44,63.83,7858343
2023-07-14,AMZN,63.76,63.69,61.7,63.44,15553065
2023-07-17,AMZN,60.12,60.06,59.87,59.92,5363647
2023-07-18,AMZN,61.24,63.12,59.15,60.43,2385619
2023-07-19,AMZN,59.3,59.24,57.43,59.23,3366666
2023-07-20,AMZN,60.07,60.01,58.78,59.59,2743478
2023-07-21,AMZN,59.5,60.24,59.56,59.76,2936956
2023-07-24,AMZN,60.42,61.07,57.95,60.78,4886863
2023-07-25,AMZN,61.58,63.54,59.97,62.29,10371553
2023-07-26,AMZN,61.02,63.74,61.03,61.1,12083978
2023-07-27,AMZN,60.04,61.68,60.1,60.11,3392056
2023-07-28,AMZN,61.41,64.07,61.35,61.71,3321443
2023-07-31,AMZN,61.68,66.29,61.74,62.09,7691487
2023-08-01,AMZN,62.88,63.8,62.95,63.18,6009732
2023-08-02,AMZN,63.28,63.8,63.35,63.73,1365774
2023-08-03,AMZN,63.01,63.11,61.88,62.92,2210969
2023-08-04,AMZN,65.31,65.37,62.34,65.24,10531595
2023-08-07,AMZN,64.73,65.33,62.0,64.02,2395067
2023-08-08,AMZN,63.09,64.25,62.13,63.96,2934356
2023-08-09,AMZN,64.08,65.43,63.98,64.95,2286279
2023-08-10,AMZN,64.58,66.15,63.42,65.46,4096107
2023-08-11,AMZN,65.13,66.26,63.11,65.4,2376936
2023-08-14,AMZN,65.06,65.79,65.12,65.19,5043014
2023-08-15,AMZN,61.67,63.63,61.73,62.35,4344040
2023-08-16,AMZN,61.92,62.21,60.99,61.72,4133999
2023-08-17,AMZN,62.29,63.81,62.35,62.51,12220547
2023-08-18,AMZN,62.36,62.62,62.19,62.39,7719990
2023-08-21,AMZN,60.31,60.45,59.0,60.13,3512712
2023-08-22,AMZN,61.31,61.25,60.51,61.23,3955963
2023-08-23,AMZN,63.51,64.45,62.02,63.52,5860455
2023-08-24,AMZN,65.79,65.76,65.62,65.67,4545638
2023-08-25,AMZN,65.46,66.03,64.67,65.63,516725
2023-08-28,AMZN,68.7,70.1,66.91,68.46,6316992
2023-08-29,AMZN,69.41,69.64,69.15,69.28,14300540
2023-08-30,AMZN,69.67,69.6,67.39,69.38,14014515
2023-08-31,AMZN,71.42,72.35,71.01,71.39,3182140
2023-09-01,AMZN,72.73,74.63,71.69,73.67,12667406
2023-09-04,AMZN,74.57,74.7,72.81,74.37,12542329
2023-09-05,AMZN,75.35,77.48,73.98,75.8,8456851
2023-09-06,AMZN,78.14,79.48,77.32,78.5,2073083
2023-09-07,AMZN,80.33,81.44,80.13,80.63,8625086
2023-09-08,AMZN,80.18,81.9,79.46,80.05,8825557
2023-09-11,AMZN,77.63,78.63,77.13,77.52,4262001
2023-09-12,AMZN,79.04,80.25,76.63,79.42,8330573
2023-09-13,AMZN,79.3,84.54,78.02,79.46,5039481
2023-09-14,AMZN,77.78,78.86,76.82,78.63,8454111
2023-09-15,AMZN,78.97,80.54,77.46,79.28,1439203
2023-09-18,AMZN,74.43,74.7,72.46,74.67,9462538
2023-09-19,AMZN,73.89,74.79,71.29,73.72,7190094
2023-09-20,AMZN,71.71,73.41,71.78,72.43,3261964
2023-09-21,AMZN,70.86,71.55,70.77,71.29,5611418
2023-09-22,AMZN,72.34,74.33,70.11,71.52,6856167
2023-09-25,AMZN,70.05,70.17,67.2,69.44,2664393
2023-09-26,AMZN,71.51,73.15,71.09,72.62,6047586
2023-09-27,AMZN,75.17,75.09,73.97,74.05,910382
2023-09-28,AMZN,74.72,76.39,74.72,75.2,7422675
2023-09-29,AMZN,77.37,77.3,74.52,76.99,5344507
2023-10-02,AMZN,78.07,78.67,76.57,77.93,3022154
2023-10-03,AMZN,76.34,80.17,74.38,77.43,2201566
2023-10-04,AMZN,78.52,79.42,77.0,78.55,6312670
2023-10-05,AMZN,79.48,81.88,78.14,79.59,3569043
2023-10-06,AMZN,79.99,80.65,79.6,80.24,10840248
2023-10-09,AMZN,77.35,78.07,75.87,77.94,2475588
2023-10-10,AMZN,82.61,85.74,81.02,81.92,2982758
2023-10-11,AMZN,83.65,85.55,82.81,84.13,14424519
2023-10-12,AMZN,82.17,84.66,80.47,81.93,2185422
2023-10-13,AMZN,82.44,82.95,79.16,82.7,4693212
2023-10-16,AMZN,86.82,88.26,81.68,86.25,13196355
2023-10-17,AMZN,86.14,89.26,85.71,86.14,5025384
2023-10-18,AMZN,84.54,85.82,81.99,84.92,5813131
2023-10-19,AMZN,90.26,90.17,88.36,89.54,24017872
2023-10-20,AMZN,91.55,91.9,91.64,91.72,8219078
2023-10-23,AMZN,94.62,95.9,93.61,93.72,3736576
2023-10-24,AMZN,94.43,98.72,94.52,95.24,3792057
2023-10-25,AMZN,93.95,95.41,93.1,93.93,9730002
2023-10-26,AMZN,94.18,94.09,92.9,93.87,2420931
2023-10-27,AMZN,95.69,95.59,91.2,95.57,4707721
2023-10-30,AMZN,95.25,99.14,95.34,96.67,5102548
2023-10-31,AMZN,100.41,103.83,98.04,100.08,6280881
2023-11-01,AMZN,96.27,100.27,94.58,97.25,11955807
2023-11-02,AMZN,97.03,99.75,96.49,97.4,3327920
2023-11-03,AMZN,97.39,98.94,94.87,97.3,8801898
2023-11-06,AMZN,97.31,99.21,93.68,96.68,3640813
2023-11-07,AMZN,92.7,92.61,90.86,92.06,10001846
2023-11-08,AMZN,94.61,95.64,94.69,95.16,9888511
2023-11-09,AMZN,95.39,97.98,95.08,95.5,3069681
2023-11-10,AMZN,90.63,92.57,89.36,91.85,2439082
2023-11-13,AMZN,93.54,93.89,93.29,93.71,6757271
2023-11-14,AMZN,94.79,96.02,92.05,93.49,8801417
2023-11-15,AMZN,94.88,95.56,92.83,95.03,3213702
2023-11-16,AMZN,93.53,94.21,90.25,92.66,11556627
2023-11-17,AMZN,90.43,93.22,89.2,90.87,11455717
2023-11-20,AMZN,92.38,92.66,89.81,92.05,2719329
2023-11-21,AMZN,91.79,94.64,90.74,93.3,6703699
2023-11-22,AMZN,94.4,95.77,93.9,94.54,1897422
2023-11-23,AMZN,93.96,94.77,92.12,93.42,15803586
2023-11-24,AMZN,90.9,91.73,90.99,91.33,1588008
2023-11-27,AMZN,94.44,97.99,91.85,95.08,481496
2023-11-28,AMZN,90.64,91.49,88.02,91.13,15659781
2023-11-29,AMZN,92.92,93.03,88.92,91.23,10892437
2023-11-30,AMZN,92.76,96.18,89.55,92.38,31655672
2023-12-01,AMZN,94.27,98.18,92.38,94.9,2706257
2023-12-04,AMZN,94.16,97.09,89.62,93.42,1727844
2023-12-05,AMZN,89.52,90.54,86.45,90.47,6025069
2023-12-06,AMZN,92.03,94.54,91.53,91.83,8596176
2023-12-07,AMZN,91.69,95.53,90.45,90.87,9301093
2023-12-08,AMZN,89.28,92.75,88.64,89.36,6661477
2023-12-11,AMZN,88.43,90.67,87.44,88.97,1972637
2023-12-12,AMZN,89.33,89.47,87.35,89.06,1461276
2023-12-13,AMZN,87.0,86.92,84.68,86.89,41205269
2023-12-14,AMZN,91.32,91.23,90.61,91.14,5073557
2023-12-15,AMZN,90.76,93.26,87.0,90.58,13760576
2023-12-18,AMZN,94.5,95.59,93.93,94.16,6580045
2023-12-19,AMZN,92.07,95.22,90.7,91.9,2940238
2023-12-20,AMZN,93.7,95.55,93.8,94.17,1212569
2023-12-21,AMZN,96.18,97.51,91.59,96.47,4983208
2023-12-22,AMZN,95.49,95.4,91.97,95.05,4581627
2023-12-25,AMZN,93.7,95.58,93.0,94.07,15111794
2023-12-26,AMZN,90.86,93.76,90.92,91.37,19095613
2023-12-27,AMZN,92.35,92.39,90.97,91.98,3633261
2023-12-28,AMZN,92.98,95.49,93.07,93.2,6908457
2023-12-29,AMZN,94.49,94.39,91.84,94.11,5211370
2024-01-01,AMZN,95.23,97.01,93.74,94.73,3137072
2024-01-02,AMZN,93.41,93.97,92.84,93.03,6150012
2024-01-03,AMZN,93.89,95.51,91.71,93.93,5601183
2024-01-04,AMZN,97.45,97.35,92.92,97.13,13366537
2024-01-05,AMZN,100.32,100.92,97.25,99.94,2639783
2024-01-08,AMZN,101.62,105.15,101.73,102.06,6760196
2024-01-09,AMZN,102.01,103.65,99.64,102.33,5989551
2024-01-10,AMZN,100.21,102.25,99.66,101.68,10129704
2024-01-11,AMZN,105.83,106.5,103.24,104.78,15653216
2024-01-12,AMZN,106.5,108.48,96.79,104.17,7678608
2024-01-15,AMZN,104.73,104.62,104.1,104.4,8426131
2024-01-16,AMZN,102.54,103.02,102.22,102.53,1190550
2024-01-17,AMZN,103.1,105.94,102.49,102.88,10825623
2024-01-18,AMZN,101.8,102.55,99.24,102.35,2407813
2024-01-19,AMZN,101.92,108.37,99.7,102.77,7633357
2024-01-22,AMZN,102.85,103.7,102.24,103.36,8068356
2024-01-23,AMZN,103.74,103.92,100.23,102.97,1356094
2024-01-24,AMZN,99.96,102.8,100.06,100.12,2707298
2024-01-25,AMZN,102.19,103.81,101.31,101.65,5254633
2024-01-26,AMZN,104.63,108.31,104.74,104.99,4357288
2024-01-29,AMZN,104.81,105.43,104.11,104.58,12523934
2024-01-30,AMZN,105.96,105.85,103.86,105.5,7579962
2024-01-31,AMZN,102.83,104.75,102.05,103.56,3253873
2024-02-01,AMZN,102.01,103.39,99.0,101.9,4086138
2024-02-02,AMZN,98.5,100.49,96.92,98.25,2798242
2024-02-05,AMZN,98.46,98.38,96.48,97.77,3617065
2024-02-06,AMZN,97.64,99.54,97.74,98.94,3865015
2024-02-07,AMZN,96.72,101.28,96.81,97.48,4864630
2024-02-08,AMZN,94.02,94.47,91.24,94.07,4274074
2024-02-09,AMZN,90.13,91.95,88.86,89.96,6327383
2024-02-12,AMZN,90.34,93.29,90.17,90.79,34430864
2024-02-13,AMZN,90.71,92.73,90.53,90.65,1826962
2024-02-14,AMZN,86.95,89.53,87.04,87.13,7325940
2024-02-15,AMZN,91.61,92.47,88.74,88.99,17896729
2024-02-16,AMZN,87.86,89.28,87.85,87.92,8068945
2024-02-19,AMZN,89.47,89.38,88.12,89.28,9462881
2024-02-20,AMZN,88.75,89.39,86.67,87.48,5770180
2024-02-21,AMZN,89.32,89.23,83.9,89.21,2780588
2024-02-22,AMZN,89.3,90.53,89.39,89.52,2845216
2024-02-23,AMZN,90.59,91.08,90.68,90.97,21265709
2024-02-26,AMZN,91.08,92.21,88.61,91.51,13577707
2024-02-27,AMZN,89.67,92.74,89.38,90.79,6290076
2024-02-28,AMZN,95.31,96.76,94.8,96.24,1544123
2024-02-29,AMZN,96.7,96.61,93.49,95.95,3998297
2024-03-01,AMZN,100.4,102.1,99.59,101.11,3928855
2024-03-04,AMZN,100.78,103.67,98.03,100.65,6386006
2024-03-05,AMZN,102.58,103.26,100.62,102.66,4937853
2024-03-06,AMZN,107.2,107.35,103.07,104.34,12249415
2024-03-07,AMZN,106.54,108.32,103.87,105.1,6485971
2024-03-08,AMZN,104.37,107.33,103.78,105.2,7781158
2024-03-11,AMZN,108.26,109.54,104.45,106.82,26794694
2024-03-12,AMZN,109.31,110.03,108.39,109.21,7879170
2024-03-13,AMZN,112.42,112.79,108.12,110.87,11382236
2024-03-14,AMZN,110.02,110.44,106.67,108.73,11370772
2024-03-15,AMZN,107.43,107.42,103.65,107.39,3608031
2024-03-18,AMZN,105.23,105.39,104.72,104.83,4303381
2024-03-19,AMZN,106.08,108.49,105.83,106.51,9696382
2024-03-20,AMZN,110.38,114.89,110.49,110.49,5738760
2024-03-21,AMZN,109.77,115.49,109.69,109.95,8792847
2024-03-22,AMZN,108.08,112.9,106.72,108.47,12529623
2024-03-25,AMZN,108.89,113.14,104.04,108.41,17246291
2024-03-26,AMZN,105.64,106.74,101.71,105.49,9751379
2024-03-27,AMZN,104.84,108.65,103.62,104.89,1334141
2024-03-28,AMZN,109.9,109.79,105.36,109.08,5833126
2024-03-29,AMZN,110.75,116.34,109.37,111.14,2077563
2024-04-01,AMZN,109.59,110.85,109.7,110.26,3283644
2024-04-02,AMZN,109.48,109.71,108.48,109.68,6348623
2024-04-03,AMZN,110.38,112.24,109.75,110.89,22028189
2024-04-04,AMZN,108.68,110.48,106.25,108.82,4481658
2024-04-05,AMZN,108.38,110.65,107.13,108.94,4788730
2024-04-08,AMZN,111.84,113.88,109.31,111.83,13081084
2024-04-09,AMZN,111.76,115.56,109.96,110.82,4786622
2024-04-10,AMZN,108.67,110.55,108.12,108.89,2143324
2024-04-11,AMZN,107.9,107.79,101.96,105.72,23865045
2024-04-12,AMZN,99.69,100.1,99.79,99.92,4471633
2024-04-15,AMZN,101.14,102.82,100.0,101.2,5806731
2024-04-16,AMZN,104.66,104.56,99.92,102.56,8985757
2024-04-17,AMZN,99.51,100.95,98.51,100.77,1972116
2024-04-18,AMZN,98.79,100.5,98.89,98.96,1228457
2024-04-19,AMZN,103.6,105.1,101.94,103.47,5065719
2024-04-22,AMZN,98.79,102.74,98.89,99.67,7742928
2024-04-23,AMZN,103.03,104.98,101.53,101.87,3388807
2024-04-24,AMZN,99.77,101.11,97.93,100.24,5193318
2024-04-25,AMZN,100.91,100.8,99.06,100.46,5396839
2024-04-26,AMZN,100.63,102.27,100.23,100.94,13461934
2024-04-29,AMZN,102.29,103.09,101.95,102.92,9588455
2024-04-30,AMZN,99.84,101.04,99.8,100.06,14278353
2024-05-01,AMZN,101.04,104.2,101.14,101.99,14943072
2024-05-02,AMZN,96.15,98.67,94.85,95.82,10478419
2024-05-03,AMZN,93.25,99.09,91.77,93.01,12208691
2024-05-06,AMZN,90.71,93.62,90.59,91.54,2437275
2024-05-07,AMZN,91.78,93.87,90.02,90.86,5123487
2024-05-08,AMZN,91.77,95.68,91.28,92.77,7055254
2024-05-09,AMZN,92.96,94.42,92.79,92.89,5992362
2024-05-10,AMZN,93.83,95.07,93.52,94.08,4659166
2024-05-13,AMZN,92.59,95.3,90.24,92.09,46184129
2024-05-14,AMZN,91.05,93.08,90.54,90.89,55895967
2024-05-15,AMZN,88.38,88.86,87.43,87.66,32003504
2024-05-16,AMZN,88.15,91.7,87.95,88.02,4171073
2024-05-17,AMZN,92.39,93.81,89.56,91.2,2922603
2024-05-20,AMZN,89.79,91.24,89.46,89.98,11229903
2024-05-21,AMZN,92.09,93.24,91.22,91.32,7356684
2024-05-22,AMZN,92.46,93.55,90.71,91.67,1211882
2024-05-23,AMZN,89.59,93.98,88.54,89.64,8822756
2024-05-24,AMZN,85.26,88.25,82.5,86.47,23523657
2024-05-27,AMZN,85.34,86.64,82.85,85.97,3193223
2024-05-28,AMZN,88.53,90.86,86.99,88.72,3245047
2024-05-29,AMZN,88.79,90.9,86.8,88.62,12141106
2024-05-30,AMZN,89.92,92.12,87.65,90.1,5034887
2024-05-31,AMZN,93.35,93.75,92.53,92.63,1692792
2024-06-03,AMZN,92.52,93.1,91.89,91.97,5338015
2024-06-04,AMZN,90.89,95.44,89.37,90.39,3857023
2024-06-05,AMZN,93.14,96.02,91.76,94.09,6864095
2024-06-06,AMZN,92.79,94.0,91.56,93.94,4618344
2024-06-07,AMZN,92.62,95.22,91.39,92.31,16709333
2024-06-10,AMZN,90.92,92.56,87.45,90.62,4559336
2024-06-11,AMZN,93.44,96.44,92.05,92.54,2032520
2024-06-12,AMZN,91.37,93.02,89.65,91.69,9330254
2024-06-13,AMZN,87.93,89.66,86.26,89.23,8093448
2024-06-14,AMZN,89.29,93.28,85.62,88.54,6897282
2024-06-17,AMZN,87.57,88.73,81.97,88.64,3980521
2024-06-18,AMZN,87.59,89.51,87.68,88.16,3738413
2024-06-19,AMZN,87.16,91.26,86.31,87.6,2703594
2024-06-20,AMZN,92.31,92.69,91.29,91.92,4750187
2024-06-21,AMZN,91.93,93.73,90.33,91.12,12909838
2024-06-24,AMZN,90.27,91.1,86.5,89.64,6138681
2024-06-25,AMZN,89.84,91.59,89.93,90.58,1770795
2024-06-26,AMZN,91.72,93.57,89.95,91.9,4573073
2024-06-27,AMZN,90.23,93.77,89.25,90.4,3562263
2024-06-28,AMZN,86.48,87.51,85.84,87.07,4263361
2024-07-01,AMZN,87.01,87.6,85.47,87.27,2618983
2024-07-02,AMZN,84.21,86.64,83.91,84.23,3586086
2024-07-03,AMZN,80.39,81.33,80.47,81.01,3607119
2024-07-04,AMZN,85.33,85.69,83.65,83.89,37335375
2024-07-05,AMZN,84.07,84.61,81.01,83.41,7651611
2024-07-08,AMZN,84.78,85.46,82.34,83.67,2549090
2024-07-09,AMZN,84.65,85.95,84.56,84.59,7030490
2024-07-10,AMZN,88.2,89.84,87.05,87.88,5588644
2024-07-11,AMZN,89.36,91.81,87.02,89.43,1964612
2024-07-12,AMZN,91.9,91.81,88.73,91.58,10717825
2024-07-15,AMZN,89.68,90.81,86.76,89.29,3150777
2024-07-16,AMZN,88.09,89.47,87.93,88.78,3677782
2024-07-17,AMZN,87.21,87.79,83.44,87.34,13405042
2024-07-18,AMZN,88.16,89.0,88.12,88.58,2172871
2024-07-19,AMZN,90.69,90.65,89.1,89.2,3822455
2024-07-22,AMZN,89.19,89.35,87.9,89.08,5112398
2024-07-23,AMZN,89.22,92.17,86.49,89.29,42634603
2024-07-24,AMZN,88.44,88.94,87.21,88.59,3106947
2024-07-25,AMZN,92.16,93.48,91.04,91.11,3566980
2024-07-26,AMZN,90.88,92.82,88.13,91.67,7299558
2024-07-29,AMZN,91.89,93.11,88.3,91.84,5162269
2024-07-30,AMZN,89.94,90.71,89.79,90.15,3992682
2024-07-31,AMZN,88.46,89.13,83.2,88.42,1512861
2024-08-01,AMZN,90.0,95.58,89.08,91.09,4801621
2024-08-02,AMZN,90.67,92.38,90.18,90.81,10632992
2024-08-05,AMZN,94.0,95.75,93.99,94.47,4770931
2024-08-06,AMZN,96.64,99.46,95.93,96.02,12260033
2024-08-07,AMZN,96.18,101.31,93.24,96.4,1787624
2024-08-08,AMZN,95.28,96.76,94.18,95.62,14650361
2024-08-09,AMZN,96.22,96.13,91.96,94.14,5453478
2024-08-12,AMZN,95.32,96.54,93.65,94.99,1168465
2024-08-13,AMZN,91.59,91.71,91.01,91.35,5154113
2024-08-14,AMZN,93.23,95.27,93.05,93.58,2604550
2024-08-15,AMZN,92.1,92.79,90.95,92.72,2893210
2024-08-16,AMZN,91.01,94.31,91.05,91.87,4859245
2024-08-19,AMZN,91.29,92.34,91.39,91.86,7072001
2024-08-20,AMZN,90.13,94.35,88.51,90.26,4380388
2024-08-21,AMZN,88.44,89.88,86.73,88.72,2689204
2024-08-22,AMZN,89.75,90.95,88.71,90.36,4031699
2024-08-23,AMZN,88.96,89.32,88.75,89.31,11377397
2024-08-26,AMZN,89.5,89.41,88.96,89.28,3667705
2024-08-27,AMZN,90.47,93.24,90.56,91.15,4555596
2024-08-28,AMZN,94.12,94.15,92.45,93.1,2519541
2024-08-29,AMZN,92.68,92.58,91.81,92.44,6211841
2024-08-30,AMZN,91.0,93.28,90.42,91.31,1918190
2024-09-02,AMZN,96.32,96.96,96.42,96.58,5854968
2024-09-03,AMZN,95.69,99.24,92.41,95.37,6826525
2024-09-04,AMZN,93.77,94.27,93.83,93.97,1115915
2024-09-05,AMZN,93.06,93.26,89.11,90.97,2711364
2024-09-06,AMZN,89.54,92.25,89.37,89.71,4705862
2024-09-09,AMZN,89.45,91.83,85.49,88.46,33378638
2024-09-10,AMZN,88.58,90.68,88.67,88.76,1344223
2024-09-11,AMZN,90.64,91.38,89.37,91.08,21264679
2024-09-12,AMZN,87.27,87.18,84.63,87.1,5095706
2024-09-13,AMZN,85.69,85.75,82.47,85.19,21670774
2024-09-16,AMZN,86.75,87.62,85.28,86.63,1155545
2024-09-17,AMZN,87.18,88.86,86.51,87.83,6538581
2024-09-18,AMZN,83.69,85.23,82.25,83.95,20032818
2024-09-19,AMZN,83.12,83.6,79.93,83.39,5723172
2024-09-20,AMZN,84.29,87.89,82.72,85.32,5741852
2024-09-23,AMZN,86.44,88.84,86.37,86.69,5232657
2024-09-24,AMZN,85.57,88.51,84.24,85.82,3562505
2024-09-25,AMZN,87.18,89.3,85.98,86.35,4385710
2024-09-26,AMZN,85.36,87.59,85.0,85.39,10922933
2024-09-27,AMZN,83.96,85.45,80.43,84.45,4394782
2024-09-30,AMZN,86.47,89.12,85.86,86.47,5956404
2024-10-01,AMZN,84.8,85.56,82.89,83.95,6964348
2024-10-02,AMZN,83.76,85.36,81.61,84.32,2234533
2024-10-03,AMZN,80.15,81.34,77.95,81.04,2145526
2024-10-04,AMZN,78.44,81.47,78.44,79.63,2437435
2024-10-07,AMZN,78.85,80.37,78.93,79.11,13903953
2024-10-08,AMZN,73.91,76.52,73.5,74.83,16771637
2024-10-09,AMZN,75.04,75.68,75.12,75.44,7402968
2024-10-10,AMZN,74.17,75.98,72.31,73.93,10892110
2024-10-11,AMZN,73.47,73.4,70.78,73.02,2339606
2024-10-14,AMZN,73.55,73.47,69.75,73.15,2122295
2024-10-15,AMZN,72.32,74.17,72.16,73.46,4724856
2024-10-16,AMZN,73.68,73.61,72.82,73.55,9174648
2024-10-17,AMZN,72.57,73.01,72.39,72.6,1169222
2024-10-18,AMZN,73.6,76.28,71.94,74.1,2077932
2024-10-21,AMZN,77.5,79.32,75.69,77.12,8042110
2024-10-22,AMZN,78.8,79.39,77.6,78.85,1484785
2024-10-23,AMZN,80.41,80.38,78.75,80.34,2130528
2024-10-24,AMZN,82.16,87.41,77.22,82.31,6557222
2024-10-25,AMZN,83.19,84.64,83.27,83.75,6580149
2024-10-28,AMZN,85.2,85.74,82.43,85.01,9045726
2024-10-29,AMZN,84.45,85.81,84.4,85.18,4343295
2024-10-30,AMZN,85.15,86.5,82.71,84.07,2964159
2024-10-31,AMZN,83.49,85.23,81.71,85.07,3159361
2024-11-01,AMZN,83.81,88.05,81.84,83.81,1360127
2024-11-04,AMZN,86.55,86.46,81.55,86.28,8844189
2024-11-05,AMZN,85.65,85.56,84.68,85.21,4196657
2024-11-06,AMZN,88.34,88.97,86.5,87.86,8460962
2024-11-07,AMZN,89.43,89.34,82.99,88.71,3597507
2024-11-08,AMZN,86.68,86.99,84.39,86.97,3363190
2024-11-11,AMZN,83.52,83.96,83.12,83.2,8838594
2024-11-12,AMZN,81.28,84.31,80.52,82.18,7139255
2024-11-13,AMZN,83.99,84.4,82.89,83.73,4087024
2024-11-14,AMZN,86.02,85.93,84.56,85.64,12598735
2024-11-15,AMZN,86.01,86.68,84.59,86.45,5361932
2024-11-18,AMZN,88.51,90.86,85.66,87.28,9419424
2024-11-19,AMZN,85.04,87.89,84.1,85.66,6682947
2024-11-20,AMZN,87.92,88.35,86.27,87.59,3898753
2024-11-21,AMZN,91.28,92.35,89.33,90.98,2863433
2024-11-22,AMZN,92.32,96.12,90.23,93.14,1595638
2024-11-25,AMZN,95.79,97.13,92.66,95.38,5259366
2024-11-26,AMZN,96.89,99.48,95.43,97.03,3540963
2024-11-27,AMZN,95.51,99.09,93.46,96.12,5209496
2024-11-28,AMZN,97.22,98.41,97.31,97.68,14619220
2024-11-29,AMZN,101.51,102.41,99.83,102.09,5455392
2024-12-02,AMZN,102.15,104.58,101.75,102.85,1849215
2024-12-03,AMZN,104.2,105.01,101.81,104.5,10929849
2024-12-04,AMZN,103.83,108.55,101.67,105.61,5875129
2024-12-05,AMZN,111.37,114.35,105.6,110.39,7781048
2024-12-06,AMZN,112.93,115.99,113.04,113.41,5204775
2024-12-09,AMZN,112.96,114.48,112.86,113.68,5146333
2024-12-10,AMZN,114.75,118.45,114.76,115.59,7573862
2024-12-11,AMZN,112.24,114.39,112.19,113.32,4214169
2024-12-12,AMZN,116.29,121.47,115.61,116.81,2501688
2024-12-13,AMZN,117.29,117.17,116.16,116.44,7448962
2024-12-16,AMZN,116.05,117.11,113.2,115.05,851583
2024-12-17,AMZN,122.07,122.26,117.98,120.01,4901525
2024-12-18,AMZN,121.54,123.93,119.4,122.54,8305998
2024-12-19,AMZN,126.25,126.12,125.01,125.04,29671662
2024-12-20,AMZN,125.62,127.8,125.26,125.82,2946673
2024-12-23,AMZN,128.1,128.94,124.33,126.86,5161157
2024-12-24,AMZN,123.74,124.76,123.43,123.84,6387589
2024-12-25,AMZN,121.43,123.79,120.81,122.69,4498741
2024-12-26,AMZN,123.37,126.4,121.58,123.04,489497
2024-12-27,AMZN,124.1,125.8,124.22,124.5,7089725
2024-12-30,AMZN,120.29,122.13,118.98,120.48,8710736
2024-12-31,AMZN,119.6,119.58,118.44,119.48,15332978
2020-01-02,TSLA,26.93,27.47,26.54,27.05,2625096
2020-01-03,TSLA,26.52,27.99,26.54,26.82,9556208
2020-01-06,TSLA,26.8,27.29,26.83,26.86,1509073
2020-01-07,TSLA,27.04,28.51,26.83,27.45,4520763
2020-01-08,TSLA,27.72,29.02,26.74,28.64,2626233
2020-01-09,TSLA,27.26,28.81,27.29,27.41,6335383
2020-01-10,TSLA,28.31,28.28,28.27,28.27,8883781
2020-01-13,TSLA,28.65,28.86,27.53,28.8,4578600
2020-01-14,TSLA,27.8,29.05,27.08,28.37,3543261
2020-01-15,TSLA,28.44,29.42,28.14,28.61,4907610
2020-01-16,TSLA,29.74,30.39,28.04,29.19,7872313
2020-01-17,TSLA,30.37,30.34,27.54,29.79,5328440
2020-01-20,TSLA,32.12,32.22,31.42,31.77,23701256
2020-01-21,TSLA,30.25,30.6,29.22,30.27,13906235
2020-01-22,TSLA,27.15,28.4,26.16,27.83,8204269
2020-01-23,TSLA,27.52,28.5,26.15,26.84,1861285
2020-01-24,TSLA,26.93,28.0,26.3,26.35,5242920
2020-01-27,TSLA,26.11,26.45,23.68,26.17,3767287
2020-01-28,TSLA,24.42,25.58,24.02,24.85,1605048
2020-01-29,TSLA,23.73,24.22,23.67,23.86,8265209
2020-01-30,TSLA,21.55,23.12,20.8,22.08,2135223
2020-01-31,TSLA,22.13,23.06,22.15,22.26,6945710
2020-02-03,TSLA,23.84,25.46,22.7,23.37,2275219
2020-02-04,TSLA,23.83,24.74,22.78,23.65,13339647
2020-02-05,TSLA,22.51,23.97,21.51,22.71,4916910
2020-02-06,TSLA,23.51,24.24,23.28,23.67,8925071
2020-02-07,TSLA,25.71,25.68,23.93,25.24,2380447
2020-02-10,TSLA,24.29,24.26,23.94,24.23,3102944
2020-02-11,TSLA,23.1,23.08,21.51,22.99,23217086
2020-02-12,TSLA,22.49,22.53,21.02,22.16,16578488
2020-02-13,TSLA,21.82,22.23,21.84,22.14,2582966
2020-02-14,TSLA,22.4,23.2,22.18,22.76,9703486
2020-02-17,TSLA,23.67,24.98,23.05,23.88,2728079
2020-02-18,TSLA,22.74,23.79,22.54,22.63,1908104
2020-02-19,TSLA,22.04,22.98,21.58,22.65,1247070
2020-02-20,TSLA,22.89,23.42,21.92,22.74,4348249
2020-02-21,TSLA,21.8,22.35,21.83,22.12,1992043
2020-02-24,TSLA,21.48,22.73,21.0,21.26,2151416
2020-02-25,TSLA,20.74,21.46,20.7,20.74,21485092
2020-02-26,TSLA,20.8,21.06,20.82,20.91,8406630
2020-02-27,TSLA,22.6,23.0,21.68,22.61,8126484
2020-02-28,TSLA,22.99,24.54,22.7,22.78,11605788
2020-03-02,TSLA,22.93,23.85,21.22,22.93,21652106
2020-03-03,TSLA,23.96,23.99,22.42,23.13,15272998
2020-03-04,TSLA,23.1,24.63,22.28,22.74,8427318
2020-03-05,TSLA,23.26,24.66,21.98,23.18,4988788
2020-03-06,TSLA,22.74,24.69,22.73,23.42,1564302
2020-03-09,TSLA,23.69,25.93,22.14,23.44,1176375
2020-03-10,TSLA,22.19,23.62,21.88,22.64,1031390
2020-03-11,TSLA,21.11,22.33,20.59,21.27,7203604
2020-03-12,TSLA,19.98,20.71,19.78,20.04,6215694
2020-03-13,TSLA,20.71,21.27,20.41,20.71,3937800
2020-03-16,TSLA,20.62,21.05,19.84,20.64,2285131
2020-03-17,TSLA,19.66,20.1,19.68,19.8,11440189
2020-03-18,TSLA,20.93,22.11,20.55,20.93,8408317
2020-03-19,TSLA,21.53,23.05,20.96,21.92,4579295
2020-03-20,TSLA,22.04,22.21,19.86,21.63,4690886
2020-03-23,TSLA,23.06,23.92,21.88,22.5,3803736
2020-03-24,TSLA,22.73,23.04,21.9,22.26,6785060
2020-03-25,TSLA,22.52,23.1,21.71,22.79,7276191
2020-03-26,TSLA,23.15,23.92,21.0,23.47,8286578
2020-03-27,TSLA,24.48,25.28,21.65,23.81,3526415
2020-03-30,TSLA,23.12,23.24,22.77,23.11,4104307
2020-03-31,TSLA,22.78,22.86,22.39,22.78,1397250
2020-04-01,TSLA,23.04,23.8,23.06,23.49,1156613
2020-04-02,TSLA,24.09,25.56,22.55,23.99,11600653
2020-04-03,TSLA,23.22,23.89,23.24,23.56,1628906
2020-04-06,TSLA,21.72,22.76,20.96,22.29,720902
2020-04-07,TSLA,22.34,23.05,22.36,22.62,6054323
2020-04-08,TSLA,22.75,25.15,21.89,22.86,5939826
2020-04-09,TSLA,22.37,23.41,22.39,22.8,3934198
2020-04-10,TSLA,24.06,24.45,22.9,23.47,3207270
2020-04-13,TSLA,22.6,23.54,22.53,23.35,1178636
2020-04-14,TSLA,23.7,24.05,22.95,23.82,8528577
2020-04-15,TSLA,25.45,25.43,24.36,25.04,19441888
2020-04-16,TSLA,24.85,25.23,23.57,24.81,1467926
2020-04-17,TSLA,23.14,25.11,23.04,23.54,3587308
2020-04-20,TSLA,23.33,24.58,22.66,23.55,24316205
2020-04-21,TSLA,23.88,24.77,23.65,24.5,1533068
2020-04-22,TSLA,24.98,25.27,24.23,24.57,2433374
2020-04-23,TSLA,25.38,25.38,23.1,25.27,14136747
2020-04-24,TSLA,26.17,27.07,25.97,26.28,2638796
2020-04-27,TSLA,25.79,26.41,25.46,25.8,3272322
2020-04-28,TSLA,25.62,25.89,24.57,25.3,17578623
2020-04-29,TSLA,24.48,25.49,24.0,24.66,16634400
2020-04-30,TSLA,25.3,27.62,23.97,24.93,6623002
2020-05-01,TSLA,26.49,27.42,24.7,26.42,3932626
2020-05-04,TSLA,25.22,26.29,24.06,25.31,11706748
2020-05-05,TSLA,23.63,24.93,22.44,24.08,4588055
2020-05-06,TSLA,24.85,25.86,24.52,24.54,2823279
2020-05-07,TSLA,24.64,25.0,24.18,24.19,2903528
2020-05-08,TSLA,24.5,24.99,23.31,24.52,4417667
2020-05-11,TSLA,25.18,26.93,24.89,25.26,5818275
2020-05-12,TSLA,24.43,24.5,22.38,24.39,35299417
2020-05-13,TSLA,24.55,25.35,23.68,24.88,5985703
2020-05-14,TSLA,24.97,25.02,24.51,24.62,4124685
2020-05-15,TSLA,24.94,24.98,24.47,24.61,2406158
2020-05-18,TSLA,25.94,27.05,22.81,25.72,2860559
2020-05-19,TSLA,27.65,28.94,27.68,27.98,3772458
2020-05-20,TSLA,28.18,29.11,28.21,28.57,2842369
2020-05-21,TSLA,29.44,30.99,28.18,29.37,11802727
2020-05-22,TSLA,29.34,29.94,29.33,29.34,4868685
2020-05-25,TSLA,28.21,29.42,25.94,28.23,983040
2020-05-26,TSLA,27.16,27.65,26.83,27.54,4323981
2020-05-27,TSLA,27.62,30.0,26.77,28.28,3776541
2020-05-28,TSLA,26.28,29.26,25.33,26.29,6555243
2020-05-29,TSLA,25.67,26.36,25.7,26.11,1496773
2020-06-01,TSLA,29.47,30.15,29.5,29.54,8511641
2020-06-02,TSLA,29.74,29.96,28.52,29.33,2583994
2020-06-03,TSLA,29.64,30.53,29.29,29.45,3324056
2020-06-04,TSLA,31.3,31.27,30.25,30.71,19309114
2020-06-05,TSLA,30.55,31.67,30.58,30.93,4726065
2020-06-08,TSLA,29.53,29.57,28.43,29.51,3642247
2020-06-09,TSLA,29.53,29.5,29.08,29.48,6826131
2020-06-10,TSLA,28.44,29.06,27.92,28.75,20817029
2020-06-11,TSLA,29.15,30.07,29.18,29.89,4035800
2020-06-12,TSLA,30.73,32.82,29.75,30.83,5784822
2020-06-15,TSLA,32.28,33.7,30.29,31.34,5217691
2020-06-16,TSLA,28.88,29.73,28.33,28.98,5787369
2020-06-17,TSLA,29.69,29.66,28.98,29.11,4410060
2020-06-18,TSLA,32.5,32.96,31.59,32.23,4214881
2020-06-19,TSLA,32.35,33.51,31.57,33.07,4410464
2020-06-22,TSLA,31.62,32.06,31.55,31.75,3829469
2020-06-23,TSLA,33.1,33.06,31.57,33.03,18493072
2020-06-24,TSLA,32.81,33.33,29.57,32.79,14529945
2020-06-25,TSLA,31.22,31.19,27.92,30.24,3541626
2020-06-26,TSLA,29.32,31.47,27.82,29.45,5016118
2020-06-29,TSLA,27.2,29.51,27.23,27.71,2414163
2020-06-30,TSLA,25.56,25.94,25.58,25.9,3600947
2020-07-01,TSLA,26.23,26.49,24.94,26.06,5660680
2020-07-02,TSLA,25.65,26.03,23.88,25.17,8252764
2020-07-03,TSLA,25.58,25.73,25.53,25.65,2000911
2020-07-06,TSLA,25.23,25.73,24.87,25.49,5383310
2020-07-07,TSLA,25.0,25.7,23.87,24.66,1519649
2020-07-08,TSLA,24.21,24.69,23.99,24.5,14383695
2020-07-09,TSLA,23.67,25.05,23.69,23.82,7575255
2020-07-10,TSLA,25.05,25.72,25.07,25.32,5772164
2020-07-13,TSLA,23.53,23.5,23.06,23.35,5274783
2020-07-14,TSLA,22.38,22.36,22.09,22.25,27520369
2020-07-15,TSLA,23.78,24.26,23.14,23.23,18673447
2020-07-16,TSLA,23.29,24.61,23.31,23.74,1852816
2020-07-17,TSLA,21.78,23.05,21.18,21.87,6664981
2020-07-20,TSLA,21.67,23.08,21.0,22.18,5615720
2020-07-21,TSLA,21.15,21.58,20.21,21.15,17355843
2020-07-22,TSLA,22.09,22.45,20.93,21.85,5568237
2020-07-23,TSLA,23.6,23.92,22.8,23.71,2595608
2020-07-24,TSLA,24.22,24.2,23.37,24.01,12980915
2020-07-27,TSLA,25.18,25.55,23.11,24.66,3245102
2020-07-28,TSLA,23.53,23.92,22.89,23.46,21640283
2020-07-29,TSLA,24.32,25.87,23.5,25.07,4875186
2020-07-30,TSLA,23.35,24.25,22.97,23.78,4412105
2020-07-31,TSLA,23.78,24.58,23.8,23.89,1899664
2020-08-03,TSLA,24.12,24.78,22.67,24.4,3445698
2020-08-04,TSLA,24.36,24.33,24.04,24.2,3655752
2020-08-05,TSLA,23.5,24.93,23.17,24.04,3734207
2020-08-06,TSLA,24.25,24.88,22.69,23.95,11863034
2020-08-07,TSLA,24.69,27.23,24.63,25.17,2526506
2020-08-10,TSLA,25.01,25.96,23.95,25.47,10697081
2020-08-11,TSLA,23.48,24.82,23.5,23.58,2129467
2020-08-12,TSLA,22.39,23.05,21.0,22.34,1986620
2020-08-13,TSLA,23.49,25.17,22.9,23.48,6944316
2020-08-14,TSLA,24.02,24.24,23.14,23.72,5477988
2020-08-17,TSLA,25.01,25.82,24.91,25.26,3412306
2020-08-18,TSLA,24.48,25.8,24.2,24.93,19663548
2020-08-19,TSLA,25.6,27.31,24.73,25.26,15209758
2020-08-20,TSLA,27.02,28.38,26.64,27.46,4143949
2020-08-21,TSLA,28.9,29.54,28.72,29.18,5231443
2020-08-24,TSLA,29.46,30.03,28.07,29.36,1972766
2020-08-25,TSLA,29.43,30.43,27.66,29.17,16237338
2020-08-26,TSLA,30.24,32.11,29.05,30.36,15707685
2020-08-27,TSLA,29.62,30.15,28.94,29.8,10207557
2020-08-28,TSLA,29.83,31.64,29.32,30.27,8891009
2020-08-31,TSLA,27.84,28.47,26.53,28.42,11580681
2020-09-01,TSLA,27.67,28.14,26.24,27.47,18569950
2020-09-02,TSLA,28.19,29.39,27.56,28.44,5871914
2020-09-03,TSLA,29.21,29.18,27.35,28.68,5093609
2020-09-04,TSLA,27.56,28.35,26.69,27.54,1367194
2020-09-07,TSLA,25.37,25.52,25.4,25.51,2015006
2020-09-08,TSLA,26.27,27.34,25.72,25.79,12012869
2020-09-09,TSLA,25.44,27.8,24.98,25.87,4372765
2020-09-10,TSLA,25.81,26.66,25.63,25.7,15078014
2020-09-11,TSLA,24.6,27.1,23.47,24.78,2692563
2020-09-14,TSLA,22.77,23.83,21.99,23.37,8500827
2020-09-15,TSLA,24.57,24.66,23.25,24.38,1940521
2020-09-16,TSLA,22.66,23.25,21.22,23.08,6965714
2020-09-17,TSLA,26.82,27.69,25.74,26.76,11970598
2020-09-18,TSLA,25.0,26.29,23.65,24.85,4421589
2020-09-21,TSLA,22.92,24.5,22.86,23.13,2988258
2020-09-22,TSLA,23.77,26.36,22.19,23.58,2165574
2020-09-23,TSLA,23.7,24.92,23.6,23.64,9476825
2020-09-24,TSLA,24.05,24.92,24.07,24.45,4681517
2020-09-25,TSLA,26.96,27.18,25.61,26.93,2514690
2020-09-28,TSLA,25.26,26.92,24.95,25.75,3277951
2020-09-29,TSLA,25.03,26.04,23.87,25.47,1739295
2020-09-30,TSLA,25.07,25.76,25.1,25.2,1353413
2020-10-01,TSLA,24.97,26.35,24.89,25.71,1471162
2020-10-02,TSLA,25.5,25.79,24.13,25.23,9269580
2020-10-05,TSLA,25.39,26.41,23.36,25.12,14530896
2020-10-06,TSLA,25.27,25.9,24.15,25.09,2932647
2020-10-07,TSLA,24.67,25.14,24.54,25.0,2501035
2020-10-08,TSLA,27.14,27.69,25.9,27.14,7163876
2020-10-09,TSLA,26.75,27.79,25.86,27.3,2879200
2020-10-12,TSLA,27.94,28.75,26.68,27.72,3833243
2020-10-13,TSLA,29.01,30.25,26.42,29.08,1218266
2020-10-14,TSLA,30.79,30.75,29.84,30.18,551526
2020-10-15,TSLA,31.41,31.57,29.65,30.37,6738472
2020-10-16,TSLA,30.88,31.71,28.69,30.7,7399552
2020-10-19,TSLA,29.28,30.9,28.16,29.72,10416336
2020-10-20,TSLA,27.56,28.52,27.34,27.77,4317364
2020-10-21,TSLA,27.13,27.69,27.16,27.41,3063522
2020-10-22,TSLA,26.7,27.51,26.73,27.3,1759929
2020-10-23,TSLA,27.58,27.56,27.13,27.32,4456823
2020-10-26,TSLA,26.75,27.85,26.31,26.61,3842442
2020-10-27,TSLA,25.74,28.24,25.1,26.16,22569416
2020-10-28,TSLA,25.9,26.64,25.34,25.76,9658433
2020-10-29,TSLA,23.82,24.44,23.55,24.22,8052951
2020-10-30,TSLA,25.23,25.95,24.76,24.76,2666695
2020-11-02,TSLA,25.68,27.05,22.32,25.68,4571698
2020-11-03,TSLA,25.7,26.01,23.86,25.39,2337984
2020-11-04,TSLA,27.08,27.64,26.06,26.86,11281980
2020-11-05,TSLA,27.84,28.23,27.87,27.88,13608904
2020-11-06,TSLA,28.71,29.49,27.9,29.0,4112221
2020-11-09,TSLA,28.99,29.87,28.84,29.46,6815588
2020-11-10,TSLA,28.58,29.99,28.52,28.76,16665549
2020-11-11,TSLA,26.76,28.59,26.58,26.73,14673647
2020-11-12,TSLA,26.08,27.63,25.51,26.68,14330702
2020-11-13,TSLA,27.48,28.74,25.56,27.71,1825911
2020-11-16,TSLA,27.22,28.46,27.21,27.57,13400247
2020-11-17,TSLA,28.74,30.03,28.21,28.83,16457349
2020-11-18,TSLA,31.19,33.22,29.75,30.98,25651062
2020-11-19,TSLA,29.91,30.39,29.01,29.71,7999728
2020-11-20,TSLA,30.32,30.83,29.05,29.25,4277988
2020-11-23,TSLA,31.58,32.04,30.97,31.2,1891673
2020-11-24,TSLA,32.9,33.69,31.83,32.39,14735942
2020-11-25,TSLA,31.88,32.87,31.18,32.29,3032494
2020-11-26,TSLA,33.59,33.75,31.46,33.08,19129083
2020-11-27,TSLA,33.43,33.71,31.93,33.37,31421644
2020-11-30,TSLA,32.57,32.54,30.36,32.17,49660342
2020-12-01,TSLA,32.83,33.89,30.76,31.9,3270074
2020-12-02,TSLA,32.22,32.84,31.27,31.42,2997110
2020-12-03,TSLA,31.31,31.87,30.45,30.47,4834804
2020-12-04,TSLA,29.57,29.55,27.05,28.65,20754444
2020-12-07,TSLA,29.03,29.99,28.99,28.99,5900697
2020-12-08,TSLA,30.71,31.83,29.05,30.79,6470527
2020-12-09,TSLA,30.6,31.05,30.25,30.81,6983652
2020-12-10,TSLA,29.45,30.51,28.4,29.69,5394940
2020-12-11,TSLA,30.81,31.48,27.57,30.44,11584677
2020-12-14,TSLA,30.53,30.55,27.41,29.98,1258956
2020-12-15,TSLA,29.5,30.49,29.51,30.24,8101641
2020-12-16,TSLA,28.48,28.68,28.34,28.55,7135142
2020-12-17,TSLA,27.74,27.83,27.77,27.82,6490740
2020-12-18,TSLA,29.26,29.23,27.86,28.82,2462984
2020-12-21,TSLA,27.15,27.8,26.98,27.79,2672095
2020-12-22,TSLA,27.24,27.42,26.8,27.28,3464186
2020-12-23,TSLA,26.88,27.62,25.99,26.58,4818339
2020-12-24,TSLA,26.68,27.6,26.71,27.07,3674802
2020-12-25,TSLA,26.68,27.0,25.82,26.56,4856433
2020-12-28,TSLA,25.5,26.84,24.81,25.9,10432308
2020-12-29,TSLA,24.25,25.14,24.03,24.54,8879505
2020-12-30,TSLA,23.83,25.46,22.87,23.97,20366626
2020-12-31,TSLA,23.87,24.95,23.9,24.14,4599324
2021-01-01,TSLA,24.59,25.89,24.15,24.89,2743539
2021-01-04,TSLA,24.47,25.44,24.18,24.96,3183936
2021-01-05,TSLA,26.7,26.67,24.94,25.92,6712660
2021-01-06,TSLA,26.28,28.62,25.54,25.77,8517151
2021-01-07,TSLA,26.27,26.24,25.28,25.75,2571821
2021-01-08,TSLA,25.95,26.16,25.12,25.92,12806221
2021-01-11,TSLA,27.47,28.37,27.5,27.68,10066979
2021-01-12,TSLA,27.65,27.89,26.67,27.72,1733307
2021-01-13,TSLA,30.39,31.91,28.09,29.81,7500747
2021-01-14,TSLA,29.63,29.85,25.59,29.56,6344323
2021-01-15,TSLA,28.68,29.62,27.31,28.45,5425621
2021-01-18,TSLA,27.15,28.13,27.18,27.3,2096089
2021-01-19,TSLA,28.86,30.3,28.41,28.92,10323383
2021-01-20,TSLA,28.47,29.56,27.45,28.23,3834126
2021-01-21,TSLA,27.04,27.53,26.86,27.05,5966034
2021-01-22,TSLA,28.48,29.07,27.86,28.34,5236188
2021-01-25,TSLA,28.88,30.36,28.91,28.94,1419728
2021-01-26,TSLA,31.31,32.83,30.47,30.74,18479141
2021-01-27,TSLA,30.92,31.59,29.62,30.71,7549860
2021-01-28,TSLA,33.38,34.11,32.3,32.51,4638809
2021-01-29,TSLA,30.92,31.9,29.07,30.89,7258152
2021-02-01,TSLA,31.55,31.94,29.21,31.02,1769223
2021-02-02,TSLA,31.46,31.9,30.44,31.57,3217961
2021-02-03,TSLA,31.9,32.82,31.87,32.25,4947442
2021-02-04,TSLA,30.62,30.59,29.79,30.14,6197370
2021-02-05,TSLA,31.59,32.39,31.2,31.47,4080195
2021-02-08,TSLA,29.62,29.6,27.54,29.28,3977163
2021-02-09,TSLA,30.79,31.17,30.05,30.23,4285936
2021-02-10,TSLA,31.63,32.92,29.48,31.5,676668
2021-02-11,TSLA,33.35,33.97,33.05,33.27,4610497
2021-02-12,TSLA,34.67,36.52,33.94,35.13,12282017
2021-02-15,TSLA,39.74,39.7,37.6,39.39,2164552
2021-02-16,TSLA,42.72,43.09,41.68,42.0,15321459
2021-02-17,TSLA,44.73,44.86,44.08,44.8,7663427
2021-02-18,TSLA,45.41,45.36,45.1,45.35,13375718
2021-02-19,TSLA,49.83,51.09,46.83,48.93,3145220
2021-02-22,TSLA,49.08,49.3,49.13,49.28,12164935
2021-02-23,TSLA,49.83,52.84,48.92,50.18,3002455
2021-02-24,TSLA,49.32,50.28,45.84,49.05,5454765
2021-02-25,TSLA,45.48,46.92,44.75,46.59,2876636
2021-02-26,TSLA,46.11,47.48,45.82,46.12,3082517
2021-03-01,TSLA,47.26,48.23,44.74,47.04,1139837
2021-03-02,TSLA,45.6,45.56,44.21,45.12,5691290
2021-03-03,TSLA,45.5,46.68,44.02,44.79,2462175
2021-03-04,TSLA,47.18,47.44,46.53,46.91,6468411
2021-03-05,TSLA,47.0,49.36,46.9,47.69,5462376
2021-03-08,TSLA,45.72,46.4,45.07,45.39,14679040
2021-03-09,TSLA,47.11,50.62,47.16,47.4,8864871
2021-03-10,TSLA,42.6,44.49,41.12,44.11,30735184
2021-03-11,TSLA,45.75,48.83,45.19,45.62,21975664
2021-03-12,TSLA,47.28,48.68,46.07,47.2,3273168
2021-03-15,TSLA,46.73,46.77,45.53,46.02,4200281
2021-03-16,TSLA,47.97,49.0,47.23,48.25,6579096
2021-03-17,TSLA,47.52,48.8,44.25,47.6,6421054
2021-03-18,TSLA,47.04,50.53,47.09,47.59,7867170
2021-03-19,TSLA,46.9,50.21,46.95,48.07,11281871
2021-03-22,TSLA,43.97,44.74,43.61,43.97,1728689
2021-03-23,TSLA,45.8,46.02,41.8,44.95,8079131
2021-03-24,TSLA,44.27,47.36,43.79,45.0,6304954
2021-03-25,TSLA,43.95,43.91,41.67,43.71,10278183
2021-03-26,TSLA,43.35,46.04,41.95,43.71,2179982
2021-03-29,TSLA,44.26,46.15,41.48,44.81,4487588
2021-03-30,TSLA,47.02,48.29,45.56,46.26,4520086
2021-03-31,TSLA,49.14,50.49,49.15,49.45,2629082
2021-04-01,TSLA,48.95,49.67,48.19,48.22,8728115
2021-04-02,TSLA,49.16,51.34,46.45,49.92,13794210
2021-04-05,TSLA,48.27,50.52,45.51,47.94,1767075
2021-04-06,TSLA,47.75,48.72,45.27,46.2,7314296
2021-04-07,TSLA,47.15,48.76,46.42,48.48,10572341
2021-04-08,TSLA,45.12,45.4,44.63,45.0,2782329
2021-04-09,TSLA,46.2,47.59,45.9,46.24,2031326
2021-04-12,TSLA,46.1,48.33,42.34,45.78,7764648
2021-04-13,TSLA,44.39,44.34,43.1,43.87,18749765
2021-04-14,TSLA,41.48,44.34,41.52,42.15,2026130
2021-04-15,TSLA,42.87,44.02,42.16,42.24,3404931
2021-04-16,TSLA,41.19,45.68,38.91,41.05,3788517
2021-04-19,TSLA,43.14,43.1,40.17,42.98,1294244
2021-04-20,TSLA,43.11,43.63,41.52,42.71,5117506
2021-04-21,TSLA,45.15,46.53,44.14,45.44,4033041
2021-04-22,TSLA,44.18,45.44,43.04,45.14,2452094
2021-04-23,TSLA,44.54,46.24,43.04,45.11,2607373
2021-04-26,TSLA,45.99,47.97,45.51,47.2,4436239
2021-04-27,TSLA,43.51,44.1,43.43,44.01,3556820
2021-04-28,TSLA,46.6,46.56,45.61,46.46,1338439
2021-04-29,TSLA,45.45,46.37,45.08,46.18,1597559
2021-04-30,TSLA,45.33,46.47,44.4,45.76,6956389
2021-05-03,TSLA,43.96,43.92,43.13,43.66,1351201
2021-05-04,TSLA,44.66,47.61,44.7,44.71,5677689
2021-05-05,TSLA,47.57,47.52,46.39,46.8,2566573
2021-05-06,TSLA,48.15,51.48,47.76,48.4,9637096
2021-05-07,TSLA,51.67,52.38,48.45,50.81,5762780
2021-05-10,TSLA,51.53,51.71,50.45,51.36,2076890
2021-05-11,TSLA,50.99,51.22,48.89,50.68,6209591
2021-05-12,TSLA,50.03,52.73,49.96,51.32,1922922
2021-05-13,TSLA,56.27,59.51,56.05,57.5,3247889
2021-05-14,TSLA,60.17,60.11,58.09,59.45,8015245
2021-05-17,TSLA,62.17,65.42,56.89,62.2,5301843
2021-05-18,TSLA,63.92,66.56,62.29,62.48,6510354
2021-05-19,TSLA,62.46,62.89,60.94,62.54,3570354
2021-05-20,TSLA,62.4,63.15,60.55,62.2,3931563
2021-05-21,TSLA,60.32,60.26,58.3,59.11,8801981
2021-05-24,TSLA,58.87,60.39,56.31,58.66,5801488
2021-05-25,TSLA,59.03,60.95,57.73,57.9,8487049
2021-05-26,TSLA,56.09,60.76,56.15,57.62,15803679
2021-05-27,TSLA,55.07,55.16,52.26,55.06,3013644
2021-05-28,TSLA,54.65,58.08,52.82,53.91,11170058
2021-05-31,TSLA,53.76,56.13,51.68,52.38,4897846
2021-06-01,TSLA,51.43,51.38,50.92,51.28,13168077
2021-06-02,TSLA,55.34,56.67,53.1,53.82,3468423
2021-06-03,TSLA,56.79,57.08,51.2,56.0,3111335
2021-06-04,TSLA,57.01,58.64,55.31,56.71,9253978
2021-06-07,TSLA,56.92,56.88,54.39,55.1,11358992
2021-06-08,TSLA,52.51,57.28,52.56,53.95,7206666
2021-06-09,TSLA,56.09,60.42,53.55,55.8,1369019
2021-06-10,TSLA,57.33,57.49,51.79,56.04,4358690
2021-06-11,TSLA,55.13,59.48,55.11,56.38,20343002
2021-06-14,TSLA,54.75,56.15,54.8,55.68,907593
2021-06-15,TSLA,56.08,56.32,55.16,56.08,5256114
2021-06-16,TSLA,57.8,60.56,57.24,57.94,11469539
2021-06-17,TSLA,64.55,66.48,63.24,63.25,2094389
2021-06-18,TSLA,61.71,62.59,57.73,62.42,3757750
2021-06-21,TSLA,65.14,68.69,62.19,65.93,5794069
2021-06-22,TSLA,71.09,73.16,68.24,71.87,4698931
2021-06-23,TSLA,72.61,80.2,70.74,74.26,18458561
2021-06-24,TSLA,71.51,71.49,68.72,71.19,3814277
2021-06-25,TSLA,71.05,70.98,70.65,70.92,4158110
2021-06-28,TSLA,76.26,76.18,74.33,74.75,5006565
2021-06-29,TSLA,76.66,81.0,74.59,75.85,1627037
2021-06-30,TSLA,71.64,72.41,71.71,72.38,7291496
2021-07-01,TSLA,69.43,72.26,63.84,70.4,6627632
2021-07-02,TSLA,72.37,74.38,68.51,72.28,2984411
2021-07-05,TSLA,66.55,71.79,65.48,67.11,7121209
2021-07-06,TSLA,64.71,72.11,64.77,64.85,9812143
2021-07-07,TSLA,63.08,65.02,60.53,62.73,1967622
2021-07-08,TSLA,64.74,66.82,62.08,64.82,7854442
2021-07-09,TSLA,59.35,60.0,57.19,59.69,3417109
2021-07-12,TSLA,57.14,58.76,55.21,57.16,4427788
2021-07-13,TSLA,54.91,55.43,52.47,54.85,2273793
2021-07-14,TSLA,53.67,53.61,49.54,52.35,7288879
2021-07-15,TSLA,50.46,50.73,49.8,50.3,8877650
2021-07-16,TSLA,52.91,53.26,49.51,52.8,10909099
2021-07-19,TSLA,56.26,57.15,56.04,56.29,5468669
2021-07-20,TSLA,56.01,58.04,54.87,55.9,43932561
2021-07-21,TSLA,55.42,55.36,54.2,55.28,8223026
2021-07-22,TSLA,54.95,57.39,54.32,55.48,7889815
2021-07-23,TSLA,58.53,63.66,58.59,58.69,5305547
2021-07-26,TSLA,61.11,62.21,57.06,61.4,1383966
2021-07-27,TSLA,59.79,60.83,59.85,60.14,5852325
2021-07-28,TSLA,58.92,62.25,57.84,59.6,9966481
2021-07-29,TSLA,60.58,60.52,58.17,60.06,3474851
2021-07-30,TSLA,63.13,64.55,58.66,62.27,14613453
2021-08-02,TSLA,62.59,66.6,61.61,64.15,10575262
2021-08-03,TSLA,62.99,62.92,60.84,62.44,880007
2021-08-04,TSLA,63.96,64.4,61.22,63.57,1634085
2021-08-05,TSLA,68.43,73.92,65.99,68.72,9435450
2021-08-06,TSLA,68.93,70.15,69.0,69.4,13869993
2021-08-09,TSLA,70.35,71.59,68.6,70.11,3596905
2021-08-10,TSLA,73.69,74.86,73.2,73.77,5867558
2021-08-11,TSLA,69.18,70.89,67.14,69.0,12435880
2021-08-12,TSLA,72.85,73.81,68.68,70.55,4401001
2021-08-13,TSLA,69.29,72.29,62.9,70.02,8393119
2021-08-16,TSLA,70.54,70.47,68.55,70.42,5822056
2021-08-17,TSLA,74.05,74.88,71.46,73.82,24016913
2021-08-18,TSLA,69.91,70.62,67.55,69.88,33524465
2021-08-19,TSLA,74.31,74.25,70.0,73.06,5669677
2021-08-20,TSLA,71.44,71.57,69.53,70.95,14988311
2021-08-23,TSLA,69.99,72.92,64.01,69.3,16478390
2021-08-24,TSLA,76.94,77.78,74.01,75.69,15381969
2021-08-25,TSLA,78.39,78.37,77.66,78.37,2859726
2021-08-26,TSLA,78.66,78.58,76.93,78.37,2509502
2021-08-27,TSLA,82.19,84.23,75.34,81.06,3655340
2021-08-30,TSLA,86.04,89.65,82.77,86.56,24476934
2021-08-31,TSLA,90.49,90.39,88.18,90.1,7341347
2021-09-01,TSLA,87.3,87.95,84.05,87.41,2276130
2021-09-02,TSLA,94.29,101.59,94.05,94.33,3858261
2021-09-03,TSLA,89.76,91.09,85.77,87.26,2244536
2021-09-06,TSLA,84.24,87.27,79.77,83.05,10902754
2021-09-07,TSLA,83.48,87.54,82.97,83.74,2871375
2021-09-08,TSLA,94.22,96.64,91.75,93.46,10704513
2021-09-09,TSLA,97.09,104.04,96.42,97.97,6009458
2021-09-10,TSLA,94.05,104.16,91.13,93.59,3983999
2021-09-13,TSLA,98.16,99.61,95.45,96.55,6772505
2021-09-14,TSLA,91.68,98.92,86.44,92.13,9437193
2021-09-15,TSLA,89.22,92.29,89.31,89.55,11556037
2021-09-16,TSLA,98.75,98.65,96.07,98.22,5650719
2021-09-17,TSLA,90.73,95.01,90.82,91.36,6420822
2021-09-20,TSLA,91.49,95.38,91.5,92.46,20117812
2021-09-21,TSLA,87.51,87.42,82.82,86.48,7706088
2021-09-22,TSLA,87.43,87.35,84.3,86.56,5595330
2021-09-23,TSLA,84.14,86.46,77.51,83.63,7038551
2021-09-24,TSLA,83.7,87.27,79.45,83.47,4113516
2021-09-27,TSLA,83.38,83.3,79.77,82.88,5858682
2021-09-28,TSLA,84.95,85.8,84.46,85.23,4709040
2021-09-29,TSLA,88.09,91.18,84.79,86.71,3359096
2021-09-30,TSLA,88.59,89.49,84.25,88.56,11622140
2021-10-01,TSLA,92.02,93.86,88.94,90.5,5108785
2021-10-04,TSLA,93.96,97.39,93.55,94.06,1183065
2021-10-05,TSLA,87.24,92.67,86.98,88.84,9228107
2021-10-06,TSLA,85.31,87.93,84.07,86.33,5431935
2021-10-07,TSLA,84.04,89.95,77.75,82.94,9152100
2021-10-08,TSLA,82.97,86.98,82.21,84.61,4297073
2021-10-11,TSLA,85.91,86.62,82.45,86.53,1543690
2021-10-12,TSLA,82.79,85.99,78.01,81.03,2459604
2021-10-13,TSLA,76.3,78.2,71.77,77.08,3135529
2021-10-14,TSLA,80.85,81.13,75.88,79.46,23831557
2021-10-15,TSLA,79.42,79.34,77.02,78.01,5030884
2021-10-18,TSLA,76.82,81.58,75.68,76.6,21724697
2021-10-19,TSLA,74.48,74.86,71.45,72.87,5841883
2021-10-20,TSLA,78.03,78.03,75.92,77.77,29587950
2021-10-21,TSLA,75.67,76.96,75.75,76.35,5196976
2021-10-22,TSLA,77.03,77.8,77.11,77.75,5826632
2021-10-25,TSLA,78.84,83.54,77.95,78.35,1838315
2021-10-26,TSLA,75.41,81.09,73.29,73.8,1646943
2021-10-27,TSLA,74.07,79.79,70.24,74.04,3896861
2021-10-28,TSLA,77.65,79.66,76.08,78.53,1729813
2021-10-29,TSLA,82.4,88.76,79.5,82.0,10728190
2021-11-01,TSLA,84.02,83.93,81.11,83.79,7872524
2021-11-02,TSLA,81.25,81.17,76.76,80.97,3403903
2021-11-03,TSLA,83.85,83.76,79.25,82.24,4247538
2021-11-04,TSLA,84.34,88.63,82.32,84.38,15667907
2021-11-05,TSLA,83.18,84.41,82.94,83.72,3198076
2021-11-08,TSLA,81.54,89.81,77.55,82.25,122936622
2021-11-09,TSLA,76.32,81.79,75.56,77.95,6344791
2021-11-10,TSLA,82.6,84.64,80.61,80.69,7491980
2021-11-11,TSLA,78.34,79.64,75.91,77.87,3820585
2021-11-12,TSLA,76.89,78.12,75.5,77.32,6269683
2021-11-15,TSLA,76.18,80.59,74.67,75.59,2798915
2021-11-16,TSLA,74.93,75.85,75.01,75.23,2445196
2021-11-17,TSLA,78.6,81.67,72.5,78.08,1144424
2021-11-18,TSLA,85.51,87.01,84.35,85.29,2055658
2021-11-19,TSLA,88.99,91.97,86.36,87.82,1978040
2021-11-22,TSLA,87.57,89.92,83.97,89.52,8744227
2021-11-23,TSLA,91.61,93.48,87.42,89.25,19081338
2021-11-24,TSLA,95.06,94.96,92.23,94.81,2543922
2021-11-25,TSLA,87.97,90.67,79.15,87.1,2182936
2021-11-26,TSLA,89.91,89.82,86.15,89.27,5563383
2021-11-29,TSLA,88.95,90.67,84.07,89.39,7229429
2021-11-30,TSLA,95.82,95.72,90.82,92.73,3450963
2021-12-01,TSLA,88.35,90.08,88.43,89.1,18139044
2021-12-02,TSLA,90.73,93.3,87.05,89.53,7429863
2021-12-03,TSLA,98.71,104.12,93.75,95.51,6887672
2021-12-06,TSLA,100.53,101.27,97.04,99.21,5836671
2021-12-07,TSLA,96.44,108.05,92.28,97.01,4984315
2021-12-08,TSLA,93.0,97.71,89.54,93.92,7083790
2021-12-09,TSLA,92.49,98.73,91.43,93.11,11627209
2021-12-10,TSLA,94.9,103.57,94.99,95.09,11440053
2021-12-13,TSLA,101.6,103.69,95.25,101.28,6616862
2021-12-14,TSLA,99.91,103.76,100.01,100.46,6016198
2021-12-15,TSLA,97.32,102.9,89.96,98.46,13423017
2021-12-16,TSLA,99.5,100.5,90.85,99.56,11064667
2021-12-17,TSLA,98.33,106.7,90.98,97.99,38469481
2021-12-20,TSLA,101.57,106.65,94.01,99.82,3588833
2021-12-21,TSLA,102.46,110.31,96.57,102.15,4471133
2021-12-22,TSLA,108.91,108.81,105.28,108.2,2796692
2021-12-23,TSLA,113.32,114.36,107.7,111.3,2418718
2021-12-24,TSLA,118.4,118.28,112.01,118.21,29055162
2021-12-27,TSLA,120.89,126.65,116.53,119.35,2879538
2021-12-28,TSLA,126.78,132.83,126.88,129.16,2934321
2021-12-29,TSLA,125.97,130.11,121.11,127.03,18106318
2021-12-30,TSLA,123.37,130.6,123.47,127.04,2843676
2021-12-31,TSLA,122.88,128.03,119.57,121.32,5110750
2022-01-03,TSLA,120.17,126.82,114.84,121.03,13680427
2022-01-04,TSLA,116.14,117.31,115.03,115.81,1774089
2022-01-05,TSLA,115.96,116.14,113.35,115.39,6644227
2022-01-06,TSLA,104.73,112.55,104.83,106.84,9570098
2022-01-07,TSLA,102.81,104.79,95.55,102.75,5832940
2022-01-10,TSLA,102.29,104.01,87.48,102.81,12628372
2022-01-11,TSLA,94.42,97.59,88.69,94.4,1781034
2022-01-12,TSLA,89.71,90.76,83.04,88.03,9199858
2022-01-13,TSLA,86.14,89.56,85.8,87.86,14128305
2022-01-14,TSLA,86.82,91.6,83.52,87.07,1467004
2022-01-17,TSLA,93.6,96.57,90.57,92.54,7817387
2022-01-18,TSLA,88.16,89.98,86.88,89.64,9614042
2022-01-19,TSLA,93.81,97.37,93.91,94.15,1429463
2022-01-20,TSLA,96.52,102.1,94.49,95.24,4684975
2022-01-21,TSLA,99.73,103.26,97.79,99.4,4635965
2022-01-24,TSLA,101.49,102.08,100.61,101.44,1432166
2022-01-25,TSLA,95.69,98.95,95.79,96.28,12397967
2022-01-26,TSLA,104.16,107.84,96.44,103.51,2849117
2022-01-27,TSLA,106.2,107.65,105.39,106.54,7132671
2022-01-28,TSLA,113.56,116.47,110.87,112.44,4735853
2022-01-31,TSLA,115.0,116.05,115.11,115.77,9137780
2022-02-01,TSLA,120.33,129.48,116.87,120.78,10736019
2022-02-02,TSLA,122.6,127.53,115.99,122.87,3796899
2022-02-03,TSLA,119.99,127.6,118.77,122.95,2262022
2022-02-04,TSLA,124.89,124.76,120.72,123.86,7948705
2022-02-07,TSLA,119.51,124.88,114.76,121.8,13741658
2022-02-08,TSLA,118.02,118.15,112.56,115.41,6436351
2022-02-09,TSLA,118.6,118.49,113.18,115.32,1891978
2022-02-10,TSLA,118.03,117.91,111.47,117.23,1795670
2022-02-11,TSLA,117.1,116.98,112.94,116.89,1554465
2022-02-14,TSLA,113.39,118.49,112.23,113.08,1475720
2022-02-15,TSLA,111.21,111.97,106.78,111.01,2362141
2022-02-16,TSLA,110.7,115.61,109.19,110.92,4049382
2022-02-17,TSLA,106.93,107.96,104.96,106.88,2227368
2022-02-18,TSLA,108.33,122.74,108.39,108.41,1435155
2022-02-21,TSLA,107.79,109.77,104.82,106.22,10752501
2022-02-22,TSLA,105.13,115.13,105.24,106.14,1443975
2022-02-23,TSLA,107.64,108.37,102.27,107.61,10640346
2022-02-24,TSLA,111.01,110.99,108.32,108.57,562579
2022-02-25,TSLA,110.82,111.76,107.0,108.91,1624675
2022-02-28,TSLA,111.53,115.24,111.04,112.66,11841866
2022-03-01,TSLA,120.1,124.38,113.49,117.12,9241197
2022-03-02,TSLA,107.44,114.16,107.55,107.98,12568002
2022-03-03,TSLA,105.58,107.48,101.11,106.74,4078040
2022-03-04,TSLA,111.52,112.59,109.94,111.16,2476089
2022-03-07,TSLA,118.0,119.26,116.75,117.04,8290578
2022-03-08,TSLA,118.69,124.95,114.82,120.56,1390410
2022-03-09,TSLA,118.43,124.73,113.34,119.56,8472121
2022-03-10,TSLA,119.51,124.09,116.54,119.05,39425932
2022-03-11,TSLA,120.2,126.15,120.32,120.35,3067270
2022-03-14,TSLA,123.52,129.3,121.73,124.17,10064846
2022-03-15,TSLA,113.59,123.51,113.71,114.04,4455121
2022-03-16,TSLA,126.29,126.16,122.15,125.18,2065356
2022-03-17,TSLA,120.81,121.17,119.95,120.84,8513594
2022-03-18,TSLA,124.44,133.67,114.45,121.83,7033722
2022-03-21,TSLA,123.83,128.83,123.95,124.52,1830785
2022-03-22,TSLA,135.91,135.99,122.37,133.03,16081434
2022-03-23,TSLA,135.15,136.82,134.11,134.25,2150110
2022-03-24,TSLA,127.84,137.52,126.85,129.58,6524428
2022-03-25,TSLA,122.58,124.64,122.7,123.43,8601365
2022-03-28,TSLA,120.32,124.08,116.42,119.67,6019692
2022-03-29,TSLA,122.77,123.38,118.81,119.42,8680577
2022-03-30,TSLA,117.91,122.19,115.84,116.47,1709553
2022-03-31,TSLA,127.58,146.12,127.71,132.0,8526907
2022-04-01,TSLA,122.77,126.9,122.15,123.01,5591923
2022-04-04,TSLA,125.3,125.18,114.53,124.74,646335
2022-04-05,TSLA,117.11,121.5,115.19,118.51,23319117
2022-04-06,TSLA,118.47,128.86,108.38,116.41,3188503
2022-04-07,TSLA,123.72,123.6,121.32,122.75,1925629
2022-04-08,TSLA,115.28,116.24,111.42,115.54,4850316
2022-04-11,TSLA,119.45,119.33,117.67,119.18,10113584
2022-04-12,TSLA,113.5,117.52,109.42,114.87,2968987
2022-04-13,TSLA,112.74,117.24,109.18,113.56,6240698
2022-04-14,TSLA,113.98,123.99,109.08,112.18,1278474
2022-04-15,TSLA,113.06,115.78,111.46,114.52,3649096
2022-04-18,TSLA,112.49,117.92,107.02,112.97,8895508
2022-04-19,TSLA,108.36,109.92,107.48,109.79,4007174
2022-04-20,TSLA,110.16,114.42,107.58,108.96,6154082
2022-04-21,TSLA,106.08,113.62,99.92,105.74,16057790
2022-04-22,TSLA,100.09,106.02,96.9,98.13,8742357
2022-04-25,TSLA,102.04,102.11,97.41,100.55,2309129
2022-04-26,TSLA,104.69,105.9,101.55,103.41,12066444
2022-04-27,TSLA,104.71,107.95,104.82,105.43,2680732
2022-04-28,TSLA,104.2,112.82,102.32,105.2,4125151
2022-04-29,TSLA,96.92,97.21,96.3,96.74,37161337
2022-05-02,TSLA,94.43,98.35,80.91,95.27,2866485
2022-05-03,TSLA,93.32,95.04,87.3,92.97,2354412
2022-05-04,TSLA,91.14,93.37,88.62,90.8,1015111
2022-05-05,TSLA,84.49,86.83,83.61,85.06,21612183
2022-05-06,TSLA,91.93,92.47,87.39,90.69,3368579
2022-05-09,TSLA,92.55,93.55,90.18,91.75,6812373
2022-05-10,TSLA,88.01,90.62,87.67,88.44,1521876
2022-05-11,TSLA,86.37,88.89,79.98,85.99,14706811
2022-05-12,TSLA,90.05,94.43,88.77,91.56,7970745
2022-05-13,TSLA,91.19,93.17,80.48,91.55,6284086
2022-05-16,TSLA,82.08,85.67,82.12,84.59,3273078
2022-05-17,TSLA,88.77,90.66,82.33,88.83,11269487
2022-05-18,TSLA,89.64,101.29,88.21,90.72,11374082
2022-05-19,TSLA,90.4,97.92,90.49,90.75,8145815
2022-05-20,TSLA,88.03,92.21,84.5,90.44,2826730
2022-05-23,TSLA,98.24,101.46,96.66,100.65,16797455
2022-05-24,TSLA,104.14,108.53,104.25,104.47,5226154
2022-05-25,TSLA,99.14,99.64,90.4,96.67,3983310
2022-05-26,TSLA,94.34,98.01,93.62,93.74,5435392
2022-05-27,TSLA,96.95,96.85,87.37,95.1,5432881
2022-05-30,TSLA,101.55,101.99,97.4,101.4,4844415
2022-05-31,TSLA,99.63,104.67,98.11,101.54,3101524
2022-06-01,TSLA,98.75,102.99,96.08,98.24,8702226
2022-06-02,TSLA,96.94,98.1,93.69,95.88,5765906
2022-06-03,TSLA,90.17,93.38,80.53,90.13,5733417
2022-06-06,TSLA,90.54,99.69,90.63,90.99,4635243
2022-06-07,TSLA,92.28,99.07,89.77,90.83,5160538
2022-06-08,TSLA,88.56,92.61,85.78,88.6,7987907
2022-06-09,TSLA,90.33,91.41,87.84,89.7,3194345
2022-06-10,TSLA,86.24,98.0,85.53,87.02,27841990
2022-06-13,TSLA,86.23,88.74,82.73,87.36,5150607
2022-06-14,TSLA,87.87,95.88,87.94,88.3,6330200
2022-06-15,TSLA,90.96,92.31,91.05,91.65,8068442
2022-06-16,TSLA,87.26,88.94,86.11,87.39,5744765
2022-06-17,TSLA,89.04,89.23,79.69,87.11,2334432
2022-06-20,TSLA,85.09,86.99,82.62,84.46,2629000
2022-06-21,TSLA,88.95,90.39,82.56,87.31,3324879
2022-06-22,TSLA,89.23,93.73,83.07,90.18,5618667
2022-06-23,TSLA,92.41,95.62,89.33,92.24,4144326
2022-06-24,TSLA,86.8,87.3,79.06,85.24,1387914
2022-06-27,TSLA,86.99,94.81,79.09,86.63,1133011
2022-06-28,TSLA,90.56,95.24,86.58,89.98,6250230
2022-06-29,TSLA,89.71,89.62,88.57,89.43,11129643
2022-06-30,TSLA,90.7,91.84,90.48,90.78,3891710
2022-07-01,TSLA,94.78,94.83,85.44,92.74,4705403
2022-07-04,TSLA,96.38,100.52,95.64,95.89,11341735
2022-07-05,TSLA,96.84,98.85,86.52,96.18,8231762
2022-07-06,TSLA,97.04,96.95,92.81,95.64,4896846
2022-07-07,TSLA,96.74,104.2,96.77,100.45,2472657
2022-07-08,TSLA,104.75,108.62,103.2,104.55,16780107
2022-07-11,TSLA,111.98,115.1,111.93,111.95,2428750
2022-07-12,TSLA,112.16,119.66,111.86,113.9,2199959
2022-07-13,TSLA,112.94,119.42,111.85,114.86,16533374
2022-07-14,TSLA,114.95,123.22,108.71,117.0,8911399
2022-07-15,TSLA,111.69,116.0,110.28,111.65,8361604
2022-07-18,TSLA,112.05,114.26,111.56,111.93,7918744
2022-07-19,TSLA,113.88,118.37,112.68,115.78,11767538
2022-07-20,TSLA,114.67,122.53,112.95,113.6,8217701
2022-07-21,TSLA,117.92,117.8,104.79,115.57,1608123
2022-07-22,TSLA,115.79,116.48,115.91,116.24,1772642
2022-07-25,TSLA,116.84,117.54,107.6,113.38,1042500
2022-07-26,TSLA,109.57,110.03,104.83,109.33,22420024
2022-07-27,TSLA,104.67,111.53,100.91,106.01,3456352
2022-07-28,TSLA,104.12,105.27,94.85,102.55,15796350
2022-07-29,TSLA,102.9,107.91,102.38,102.96,10244086
2022-08-01,TSLA,108.85,109.59,99.23,108.53,10386030
2022-08-02,TSLA,107.43,110.01,99.9,107.21,2252733
2022-08-03,TSLA,113.05,124.12,111.29,114.67,9216036
2022-08-04,TSLA,112.81,112.7,109.43,111.25,3715643
2022-08-05,TSLA,117.72,117.97,114.82,117.38,5890427
2022-08-08,TSLA,113.12,114.68,110.95,111.98,835985
2022-08-09,TSLA,112.24,115.4,107.98,109.82,1282417
2022-08-10,TSLA,111.41,115.55,110.73,112.13,11808725
2022-08-11,TSLA,110.05,110.78,109.7,109.86,2878440
2022-08-12,TSLA,110.98,110.87,108.89,110.17,6355337
2022-08-15,TSLA,112.37,112.26,97.56,110.26,9891183
2022-08-16,TSLA,104.76,112.74,101.33,104.69,1747813
2022-08-17,TSLA,110.28,110.27,102.07,109.58,3416138
2022-08-18,TSLA,114.0,113.88,109.76,111.95,6461750
2022-08-19,TSLA,109.76,112.2,109.87,110.65,16102737
2022-08-22,TSLA,110.87,116.9,110.04,112.33,3846640
2022-08-23,TSLA,110.9,119.4,106.49,110.9,3805999
2022-08-24,TSLA,108.48,110.75,104.79,108.08,2268744
2022-08-25,TSLA,115.31,120.87,113.31,116.38,6306037
2022-08-26,TSLA,108.96,117.95,106.23,110.58,2256251
2022-08-29,TSLA,114.03,116.67,110.77,116.37,2462924
2022-08-30,TSLA,114.36,117.74,114.25,115.31,11830965
2022-08-31,TSLA,114.84,120.06,110.37,115.77,9036946
2022-09-01,TSLA,120.05,121.31,117.02,120.3,4360435
2022-09-02,TSLA,118.55,125.95,118.52,119.85,10853935
2022-09-05,TSLA,124.79,127.52,115.32,124.22,7591079
2022-09-06,TSLA,126.37,134.17,123.91,129.11,1098338
2022-09-07,TSLA,134.95,139.42,129.48,134.5,2428850
2022-09-08,TSLA,134.53,140.1,134.66,134.99,1063267
2022-09-09,TSLA,147.91,147.76,147.19,147.31,4460029
2022-09-12,TSLA,142.75,148.22,142.89,144.73,1419645
2022-09-13,TSLA,142.96,142.81,134.69,139.69,7403619
2022-09-14,TSLA,144.68,147.82,139.0,142.41,2688110
2022-09-15,TSLA,148.31,153.75,139.67,143.94,7241824
2022-09-16,TSLA,150.02,149.87,145.01,149.47,8008547
2022-09-19,TSLA,152.75,152.6,151.31,151.73,12227274
2022-09-20,TSLA,148.02,152.97,139.25,149.36,3330823
2022-09-21,TSLA,141.26,143.84,141.4,141.41,2440996
2022-09-22,TSLA,142.88,145.37,143.03,143.94,4388254
2022-09-23,TSLA,144.81,152.81,137.03,144.12,5243393
2022-09-26,TSLA,141.36,147.13,139.17,143.44,1975319
2022-09-27,TSLA,139.6,140.32,129.6,138.12,3115836
2022-09-28,TSLA,140.25,140.11,137.56,139.33,4426962
2022-09-29,TSLA,143.17,145.44,132.46,140.22,3447365
2022-09-30,TSLA,153.22,156.52,137.55,151.49,1496236
2022-10-03,TSLA,154.41,160.41,151.21,153.03,3877247
2022-10-04,TSLA,150.84,154.11,147.93,153.08,6013542
2022-10-05,TSLA,153.71,157.47,148.63,154.41,41669424
2022-10-06,TSLA,160.84,163.4,152.33,159.56,8625790
2022-10-07,TSLA,170.65,173.45,152.6,169.06,2458682
2022-10-10,TSLA,158.98,166.57,149.78,160.55,4198986
2022-10-11,TSLA,158.17,166.65,149.51,160.28,3904956
2022-10-12,TSLA,158.2,158.25,156.2,156.52,4629648
2022-10-13,TSLA,161.83,171.84,141.12,162.94,949915
2022-10-14,TSLA,159.25,164.72,154.92,155.96,7127766
2022-10-17,TSLA,151.81,151.65,148.55,151.36,5435161
2022-10-18,TSLA,162.32,172.62,158.62,162.1,10566757
2022-10-19,TSLA,167.29,177.7,164.49,166.64,3825218
2022-10-20,TSLA,161.2,164.27,156.26,161.25,4302815
2022-10-21,TSLA,166.15,167.76,163.53,166.17,18128619
2022-10-24,TSLA,165.17,165.64,159.52,165.33,3407418
2022-10-25,TSLA,165.62,173.6,155.08,165.52,3422793
2022-10-26,TSLA,162.35,163.44,153.37,163.12,4057146
2022-10-27,TSLA,154.93,161.56,149.9,156.79,15232921
2022-10-28,TSLA,151.15,152.5,147.73,151.98,1162771
2022-10-31,TSLA,149.25,149.1,137.12,145.71,2603484
2022-11-01,TSLA,141.28,143.41,140.91,143.21,17528878
2022-11-02,TSLA,146.53,155.44,145.53,145.76,8524297
2022-11-03,TSLA,157.0,156.85,153.73,155.09,2752297
2022-11-04,TSLA,170.06,169.89,158.03,169.15,2468057
2022-11-07,TSLA,167.68,175.04,160.78,167.75,2453857
2022-11-08,TSLA,160.37,169.52,160.53,162.76,730891
2022-11-09,TSLA,167.51,172.35,156.38,165.19,25943839
2022-11-10,TSLA,160.68,166.7,151.77,158.83,6086226
2022-11-11,TSLA,156.84,165.2,157.0,159.82,3227547
2022-11-14,TSLA,162.42,169.67,162.58,165.2,4086003
2022-11-15,TSLA,155.76,165.58,151.09,157.47,3682776
2022-11-16,TSLA,146.73,151.01,143.79,148.2,1401992
2022-11-17,TSLA,157.23,157.28,148.84,155.61,17852401
2022-11-18,TSLA,161.81,161.65,157.3,159.41,5569839
2022-11-21,TSLA,161.86,174.05,156.53,160.37,3125273
2022-11-22,TSLA,168.27,177.49,158.32,165.8,8391877
2022-11-23,TSLA,155.73,171.86,144.26,157.68,4328984
2022-11-24,TSLA,158.74,167.29,146.35,158.66,5310566
2022-11-25,TSLA,164.37,165.84,161.39,164.31,1489801
2022-11-28,TSLA,171.41,186.52,164.83,171.62,3770281
2022-11-29,TSLA,162.1,161.93,150.38,160.23,350453
2022-11-30,TSLA,168.93,179.21,169.1,169.21,17289047
2022-12-01,TSLA,171.21,180.06,160.1,170.36,13330447
2022-12-02,TSLA,179.76,191.18,161.23,176.99,3804679
2022-12-05,TSLA,177.47,180.15,167.35,174.66,79109332
2022-12-06,TSLA,166.66,180.29,165.1,170.77,9520257
2022-12-07,TSLA,177.27,180.16,173.5,175.45,17585717
2022-12-08,TSLA,177.43,180.65,176.83,177.58,1602304
2022-12-09,TSLA,171.63,177.67,165.85,175.21,21511264
2022-12-12,TSLA,176.88,179.23,175.4,176.47,7272276
2022-12-13,TSLA,175.17,180.8,165.02,174.29,5100685
2022-12-14,TSLA,173.94,186.85,170.75,175.9,6747851
2022-12-15,TSLA,165.19,166.52,158.84,163.16,4178102
2022-12-16,TSLA,167.3,172.3,158.92,164.13,7170097
2022-12-19,TSLA,156.84,160.82,157.0,158.23,8123584
2022-12-20,TSLA,152.26,154.13,148.12,152.97,4333693
2022-12-21,TSLA,152.03,157.16,149.17,150.86,7308420
2022-12-22,TSLA,147.15,148.64,144.95,146.9,1317637
2022-12-23,TSLA,150.86,152.98,141.58,150.37,3470216
2022-12-26,TSLA,160.44,163.25,155.83,159.56,3300390
2022-12-27,TSLA,158.96,159.58,154.52,158.54,2684990
2022-12-28,TSLA,165.31,170.66,160.37,163.82,4070633
2022-12-29,TSLA,157.5,161.21,153.56,157.79,10796180
2022-12-30,TSLA,147.29,158.26,144.33,146.93,3875734
2023-01-02,TSLA,164.99,174.65,158.3,168.07,9134699
2023-01-03,TSLA,171.96,178.79,158.5,167.84,4071952
2023-01-04,TSLA,178.28,178.1,169.68,174.52,5686178
2023-01-05,TSLA,186.43,194.82,182.18,184.21,3238163
2023-01-06,TSLA,177.49,177.59,164.55,173.34,4217770
2023-01-09,TSLA,180.31,180.13,172.19,178.66,10729023
2023-01-10,TSLA,182.35,193.04,175.51,184.4,5165436
2023-01-11,TSLA,208.67,217.52,201.64,204.68,2115628
2023-01-12,TSLA,205.58,222.43,203.89,204.5,3275179
2023-01-13,TSLA,200.17,200.69,195.39,199.59,3292365
2023-01-16,TSLA,207.89,214.88,195.56,206.1,700415
2023-01-17,TSLA,209.28,219.83,203.53,211.43,3357014
2023-01-18,TSLA,215.82,226.96,210.74,211.48,1956056
2023-01-19,TSLA,195.92,202.1,195.9,200.49,3532202
2023-01-20,TSLA,184.86,188.77,182.91,184.72,1469838
2023-01-23,TSLA,173.94,184.59,171.42,174.98,4217076
2023-01-24,TSLA,196.54,199.68,196.64,199.13,7459159
2023-01-25,TSLA,200.35,213.74,190.55,199.86,5159857
2023-01-26,TSLA,191.82,197.65,192.01,192.94,28213824
2023-01-27,TSLA,182.88,190.87,181.8,182.59,988439
2023-01-30,TSLA,174.37,180.86,173.86,177.55,2500958
2023-01-31,TSLA,168.95,176.07,168.05,172.2,3729203
2023-02-01,TSLA,172.21,179.25,160.9,173.37,6672296
2023-02-02,TSLA,181.37,188.67,179.03,180.74,5298132
2023-02-03,TSLA,184.69,187.31,179.5,185.13,2523181
2023-02-06,TSLA,167.06,172.68,167.23,169.52,9941327
2023-02-07,TSLA,176.24,178.52,172.05,173.66,5463995
2023-02-08,TSLA,173.11,173.44,168.52,172.29,3271028
2023-02-09,TSLA,178.01,177.83,170.21,175.69,3121071
2023-02-10,TSLA,167.73,170.86,167.9,170.37,13456461
2023-02-13,TSLA,182.24,189.07,168.04,181.57,36267896
2023-02-14,TSLA,183.8,186.53,181.31,181.6,26314944
2023-02-15,TSLA,192.88,192.69,191.17,191.45,3954670
2023-02-16,TSLA,177.93,186.58,177.28,179.52,9226849
2023-02-17,TSLA,177.37,185.02,177.55,178.24,2412879
2023-02-20,TSLA,197.41,210.2,191.28,200.57,6755491
2023-02-21,TSLA,204.88,209.88,196.84,204.9,11649840
2023-02-22,TSLA,197.04,203.74,196.27,202.45,1015161
2023-02-23,TSLA,198.96,220.54,193.58,198.4,1817895
2023-02-24,TSLA,205.04,214.06,204.24,208.72,3532666
2023-02-27,TSLA,202.68,211.09,197.45,206.06,9868383
2023-02-28,TSLA,209.83,217.96,185.93,202.98,7461496
2023-03-01,TSLA,199.6,203.82,199.8,203.25,9226943
2023-03-02,TSLA,212.57,216.07,203.88,213.32,3905305
2023-03-03,TSLA,214.55,219.86,200.59,213.15,6934349
2023-03-06,TSLA,209.66,214.97,209.87,213.29,1952680
2023-03-07,TSLA,229.44,234.18,220.18,227.72,2145944
2023-03-08,TSLA,242.15,243.41,237.38,241.4,9892649
2023-03-09,TSLA,238.25,242.42,238.04,238.07,1622705
2023-03-10,TSLA,231.7,238.13,231.93,233.38,756426
2023-03-13,TSLA,236.41,236.18,228.76,234.92,20861516
2023-03-14,TSLA,237.85,250.72,235.55,238.34,4634775
2023-03-15,TSLA,253.35,260.43,252.88,258.47,9391638
2023-03-16,TSLA,249.02,273.39,239.46,256.52,7470236
2023-03-17,TSLA,256.85,256.59,250.24,255.07,13302060
2023-03-20,TSLA,273.2,278.15,266.86,271.51,5087887
2023-03-21,TSLA,257.03,272.14,257.29,258.49,24412292
2023-03-22,TSLA,259.7,277.67,249.26,264.17,6558969
2023-03-23,TSLA,251.09,255.34,251.34,252.31,5266377
2023-03-24,TSLA,272.11,289.26,249.88,271.29,3825882
2023-03-27,TSLA,277.47,290.92,269.82,280.86,6051562
2023-03-28,TSLA,283.4,302.97,270.58,287.65,5267558
2023-03-29,TSLA,293.55,310.69,279.92,292.97,566680
2023-03-30,TSLA,298.54,308.21,298.84,299.23,5695932
2023-03-31,TSLA,284.51,290.52,284.2,285.9,11657966
2023-04-03,TSLA,287.66,287.37,266.82,284.72,1373142
2023-04-04,TSLA,306.14,320.41,298.03,306.55,1674466
2023-04-05,TSLA,306.76,321.46,291.5,306.03,5885439
2023-04-06,TSLA,292.3,320.78,290.26,299.91,1390882
2023-04-07,TSLA,292.8,301.59,276.96,289.92,8414199
2023-04-10,TSLA,294.6,301.09,294.89,295.83,4903042
2023-04-11,TSLA,287.13,304.51,287.42,288.97,59425549
2023-04-12,TSLA,282.84,296.35,271.34,293.25,4089661
2023-04-13,TSLA,259.54,262.53,245.33,259.15,3426056
2023-04-14,TSLA,253.64,257.23,253.82,254.53,1491585
2023-04-17,TSLA,260.26,269.1,255.54,264.23,2586497
2023-04-18,TSLA,293.3,293.01,263.5,291.11,1162521
2023-04-19,TSLA,280.07,290.57,280.35,283.01,1803445
2023-04-20,TSLA,282.88,291.82,280.21,285.56,4247462
2023-04-21,TSLA,317.26,340.36,296.17,311.6,17754513
2023-04-24,TSLA,317.25,316.93,305.21,315.96,11423151
2023-04-25,TSLA,327.85,339.04,323.89,329.98,2398804
2023-04-26,TSLA,344.11,349.15,344.2,345.31,7585972
2023-04-27,TSLA,351.02,381.34,351.37,355.76,7398758
2023-04-28,TSLA,362.08,378.54,351.13,353.9,12804212
2023-05-01,TSLA,340.16,344.4,340.5,341.11,8479239
2023-05-02,TSLA,313.87,325.48,305.73,320.37,6739701
2023-05-03,TSLA,311.99,319.01,298.22,302.93,4840825
2023-05-04,TSLA,307.91,312.92,289.63,300.7,5381030
2023-05-05,TSLA,304.68,312.41,303.46,305.46,7004499
2023-05-08,TSLA,320.21,322.36,317.19,319.98,2640431
2023-05-09,TSLA,322.22,322.64,300.99,314.5,9761364
2023-05-10,TSLA,308.73,329.2,301.57,309.84,4018188
2023-05-11,TSLA,321.33,334.78,294.38,318.07,3902130
2023-05-12,TSLA,286.36,292.39,258.38,287.7,33109403
2023-05-15,TSLA,260.47,270.86,260.73,264.41,18299223
2023-05-16,TSLA,250.02,266.1,250.24,256.21,2424143
2023-05-17,TSLA,264.55,266.81,262.82,265.6,3883938
2023-05-18,TSLA,265.17,265.59,260.78,265.54,4486734
2023-05-19,TSLA,260.18,262.19,255.84,258.85,2201353
2023-05-22,TSLA,264.3,278.86,262.56,263.85,5519340
2023-05-23,TSLA,253.2,258.54,253.45,254.11,2960890
2023-05-24,TSLA,254.6,261.58,242.16,249.61,3520340
2023-05-25,TSLA,252.98,265.57,243.73,255.33,17908970
2023-05-26,TSLA,243.4,244.59,243.64,243.96,5577017
2023-05-29,TSLA,239.76,244.33,236.56,237.48,6798117
2023-05-30,TSLA,222.64,222.41,209.36,220.33,16660289
2023-05-31,TSLA,223.74,231.7,219.64,223.79,6377327
2023-06-01,TSLA,217.73,229.39,214.84,216.78,916034
2023-06-02,TSLA,211.97,211.76,191.36,205.35,8290580
2023-06-05,TSLA,207.0,211.79,199.23,201.1,5049861
2023-06-06,TSLA,186.79,198.0,173.14,187.21,9728629
2023-06-07,TSLA,177.79,179.0,165.63,175.41,8428231
2023-06-08,TSLA,175.95,179.49,162.63,169.07,5582895
2023-06-09,TSLA,182.72,182.54,175.15,178.8,2441869
2023-06-12,TSLA,172.98,177.17,162.97,173.73,16355525
2023-06-13,TSLA,161.99,172.32,157.51,162.42,4877382
2023-06-14,TSLA,162.96,164.57,155.92,161.76,1503125
2023-06-15,TSLA,160.37,166.76,157.8,161.83,2517996
2023-06-16,TSLA,166.34,170.45,163.58,164.07,4714205
2023-06-19,TSLA,167.23,169.59,166.4,168.28,8552033
2023-06-20,TSLA,163.85,165.7,156.55,161.23,2880466
2023-06-21,TSLA,157.86,157.71,145.35,157.07,3907384
2023-06-22,TSLA,148.87,163.11,143.51,149.88,7842342
2023-06-23,TSLA,153.8,157.22,153.96,156.68,2137484
2023-06-26,TSLA,154.74,155.85,145.96,151.07,4318415
2023-06-27,TSLA,149.42,149.27,144.27,148.93,8938610
2023-06-28,TSLA,148.84,152.26,138.61,147.76,3850002
2023-06-29,TSLA,144.43,158.41,138.06,144.19,5518566
2023-06-30,TSLA,151.61,155.17,150.06,150.07,4197855
2023-07-03,TSLA,148.95,154.91,144.83,150.87,22203438
2023-07-04,TSLA,157.81,157.92,146.15,154.42,12391307
2023-07-05,TSLA,159.63,173.65,157.2,164.37,9200207
2023-07-06,TSLA,155.44,155.29,150.6,154.5,7984808
2023-07-07,TSLA,151.94,156.04,142.77,149.68,1406734
2023-07-10,TSLA,150.73,161.42,148.14,155.22,14062054
2023-07-11,TSLA,145.7,146.81,141.62,146.46,2295173
2023-07-12,TSLA,147.89,147.75,141.85,147.27,12613343
2023-07-13,TSLA,139.3,142.16,138.4,142.09,8290810
2023-07-14,TSLA,135.64,139.31,125.67,137.94,6242137
2023-07-17,TSLA,141.02,153.2,132.73,141.92,1426185
2023-07-18,TSLA,146.96,148.6,138.32,145.08,3548904
2023-07-19,TSLA,143.26,147.6,138.25,144.31,3385185
2023-07-20,TSLA,140.46,142.64,137.21,140.1,5591742
2023-07-21,TSLA,125.82,133.33,124.91,125.73,5079801
2023-07-24,TSLA,124.91,126.06,120.79,125.9,11480856
2023-07-25,TSLA,123.15,127.91,114.13,122.09,2296492
2023-07-26,TSLA,133.19,135.81,123.32,131.79,5623849
2023-07-27,TSLA,136.42,147.5,132.97,137.6,6376469
2023-07-28,TSLA,133.6,137.95,131.25,136.37,4650960
2023-07-31,TSLA,129.49,139.86,129.62,131.19,8426841
2023-08-01,TSLA,126.95,129.23,117.97,127.91,3633512
2023-08-02,TSLA,128.45,133.12,120.83,130.7,11777258
2023-08-03,TSLA,127.51,132.72,125.46,126.79,9637356
2023-08-04,TSLA,129.81,139.0,120.28,126.69,5052606
2023-08-07,TSLA,136.63,140.56,135.45,138.05,9137191
2023-08-08,TSLA,140.62,141.64,131.57,139.28,1920569
2023-08-09,TSLA,148.73,148.85,142.77,145.18,2214842
2023-08-10,TSLA,143.59,152.06,143.32,144.3,17075400
2023-08-11,TSLA,149.25,155.62,141.91,148.18,2501516
2023-08-14,TSLA,143.12,149.29,135.15,146.14,8988871
2023-08-15,TSLA,153.89,153.94,150.18,150.82,13203157
2023-08-16,TSLA,146.62,150.76,143.58,148.7,3150897
2023-08-17,TSLA,141.87,143.74,140.76,142.23,3922557
2023-08-18,TSLA,147.78,160.84,141.11,145.34,13836892
2023-08-21,TSLA,141.74,147.3,141.87,142.64,10849050
2023-08-22,TSLA,143.51,155.09,142.62,145.31,3752065
2023-08-23,TSLA,150.05,149.9,141.91,148.15,7707245
2023-08-24,TSLA,141.41,148.98,141.55,143.74,3857442
2023-08-25,TSLA,143.94,146.95,144.09,146.72,2616438
2023-08-28,TSLA,153.11,153.79,146.67,149.95,12600144
2023-08-29,TSLA,148.81,148.66,139.67,148.49,900610
2023-08-30,TSLA,140.81,147.18,137.82,141.94,2883091
2023-08-31,TSLA,137.4,141.91,129.82,138.22,5454095
2023-09-01,TSLA,133.95,135.46,132.92,134.39,6917026
2023-09-04,TSLA,124.15,130.05,117.19,127.18,9136773
2023-09-05,TSLA,124.16,127.94,124.29,124.55,2772363
2023-09-06,TSLA,120.92,129.75,116.16,120.65,22704796
2023-09-07,TSLA,133.57,134.22,120.23,129.87,3707444
2023-09-08,TSLA,132.35,139.21,121.98,134.2,11218540
2023-09-11,TSLA,137.7,139.16,121.55,133.47,5013949
2023-09-12,TSLA,130.69,134.97,125.11,131.1,2515144
2023-09-13,TSLA,126.58,130.14,125.59,127.84,4283227
2023-09-14,TSLA,128.92,133.92,126.28,130.74,20406608
2023-09-15,TSLA,128.56,131.71,127.74,130.39,10099285
2023-09-18,TSLA,117.35,125.22,114.72,120.46,5393017
2023-09-19,TSLA,115.67,121.28,112.82,118.69,3071619
2023-09-20,TSLA,119.16,120.51,114.51,117.06,2550567
2023-09-21,TSLA,125.22,127.34,120.85,122.53,13983680
2023-09-22,TSLA,129.15,134.38,128.54,129.03,3448857
2023-09-25,TSLA,129.23,135.74,119.48,126.55,46859199
2023-09-26,TSLA,129.58,135.82,126.4,130.98,3024446
2023-09-27,TSLA,115.68,116.3,111.33,113.15,9298309
2023-09-28,TSLA,120.9,120.78,117.51,118.87,1050520
2023-09-29,TSLA,125.4,135.12,123.85,128.69,2308762
2023-10-02,TSLA,124.17,126.42,124.29,125.6,2012506
2023-10-03,TSLA,130.27,133.76,129.16,130.5,993551
2023-10-04,TSLA,127.04,132.57,123.19,129.79,8214521
2023-10-05,TSLA,126.27,131.66,126.4,127.38,4283331
2023-10-06,TSLA,117.15,122.42,115.5,118.71,5235748
2023-10-09,TSLA,119.65,129.38,119.77,121.02,5876107
2023-10-10,TSLA,122.65,126.18,122.77,122.93,5737849
2023-10-11,TSLA,124.74,129.69,112.09,125.28,2556677
2023-10-12,TSLA,127.74,128.31,122.44,126.53,1155181
2023-10-13,TSLA,128.44,129.76,119.04,126.26,6575432
2023-10-16,TSLA,123.08,125.54,123.21,124.1,2388031
2023-10-17,TSLA,125.24,126.13,123.37,125.36,7093103
2023-10-18,TSLA,127.63,130.32,124.92,126.01,4336728
2023-10-19,TSLA,137.6,137.46,127.32,137.44,2881363
2023-10-20,TSLA,133.82,144.74,131.28,136.1,15488357
2023-10-23,TSLA,140.62,140.48,136.5,139.66,6984214
2023-10-24,TSLA,135.74,146.05,133.01,133.72,13235356
2023-10-25,TSLA,128.25,135.53,124.72,129.19,1402083
2023-10-26,TSLA,126.45,131.24,125.06,125.87,9233707
2023-10-27,TSLA,127.63,129.17,124.03,125.37,10031862
2023-10-30,TSLA,133.41,143.02,125.95,135.04,4345339
2023-10-31,TSLA,138.41,140.91,133.79,138.22,58170695
2023-11-01,TSLA,140.86,146.17,139.46,142.01,1489162
2023-11-02,TSLA,137.63,148.36,137.76,142.29,6677267
2023-11-03,TSLA,141.06,142.87,138.53,138.88,5859634
2023-11-06,TSLA,144.5,145.31,139.74,141.61,4181464
2023-11-07,TSLA,136.75,140.77,131.25,136.19,2563958
2023-11-08,TSLA,141.95,150.28,137.24,139.29,653576
2023-11-09,TSLA,146.63,146.48,139.35,145.32,3297835
2023-11-10,TSLA,133.89,136.77,127.56,133.5,3414215
2023-11-13,TSLA,129.95,136.21,130.08,131.36,13516511
2023-11-14,TSLA,135.92,139.18,125.88,131.43,13624543
2023-11-15,TSLA,134.79,142.07,131.23,133.7,3698021
2023-11-16,TSLA,134.8,135.95,133.86,134.0,4006596
2023-11-17,TSLA,133.75,137.7,132.39,135.53,2101706
2023-11-20,TSLA,137.47,146.4,132.47,136.45,30293780
2023-11-21,TSLA,140.52,140.37,137.42,139.88,2801191
2023-11-22,TSLA,130.62,136.4,128.14,130.81,3614174
2023-11-23,TSLA,131.2,133.87,130.5,130.76,3270864
2023-11-24,TSLA,131.31,131.56,128.35,130.67,5479054
2023-11-27,TSLA,124.86,125.47,123.04,123.38,1167881
2023-11-28,TSLA,120.56,121.47,117.22,121.31,12270526
2023-11-29,TSLA,121.4,124.37,107.61,123.94,2735010
2023-11-30,TSLA,124.88,129.7,118.69,123.6,4174289
2023-12-01,TSLA,123.07,133.2,119.19,124.71,4306477
2023-12-04,TSLA,121.6,125.36,121.34,121.69,1519282
2023-12-05,TSLA,124.01,123.89,123.18,123.48,4117371
2023-12-06,TSLA,133.61,138.49,133.75,134.64,4304502
2023-12-07,TSLA,127.78,132.21,120.89,129.3,3951799
2023-12-08,TSLA,124.65,136.19,123.69,127.01,41273053
2023-12-11,TSLA,131.67,138.11,128.17,130.03,3477394
2023-12-12,TSLA,134.31,134.99,128.52,132.06,2257595
2023-12-13,TSLA,132.33,136.57,128.58,133.06,7378429
2023-12-14,TSLA,133.1,132.97,127.16,132.2,3585355
2023-12-15,TSLA,130.04,133.4,128.09,130.71,10040752
2023-12-18,TSLA,125.55,133.66,124.93,127.98,5714715
2023-12-19,TSLA,134.07,139.16,128.05,133.58,6935774
2023-12-20,TSLA,139.28,139.37,135.83,138.08,1509022
2023-12-21,TSLA,139.97,149.17,135.57,136.44,4072701
2023-12-22,TSLA,130.53,132.92,118.32,128.34,6488626
2023-12-25,TSLA,125.91,125.79,120.56,123.98,14005221
2023-12-26,TSLA,128.02,127.89,123.1,126.42,1543626
2023-12-27,TSLA,130.65,136.2,128.1,131.76,10454873
2023-12-28,TSLA,124.84,127.81,122.96,126.24,7238361
2023-12-29,TSLA,118.01,120.91,114.0,118.55,3274433
2024-01-01,TSLA,118.64,125.88,118.19,119.56,11918514
2024-01-02,TSLA,115.25,120.66,114.88,118.44,9412004
2024-01-03,TSLA,121.95,121.83,114.77,120.39,3568248
2024-01-04,TSLA,115.12,123.53,108.76,113.0,2436235
2024-01-05,TSLA,104.0,105.67,97.93,105.32,5720274
2024-01-08,TSLA,107.34,108.97,107.14,108.32,1453509
2024-01-09,TSLA,110.8,121.58,106.58,109.22,1582035
2024-01-10,TSLA,110.2,123.8,108.8,111.34,3246597
2024-01-11,TSLA,120.18,124.2,115.91,116.79,5702984
2024-01-12,TSLA,127.4,130.03,127.53,127.84,2447763
2024-01-15,TSLA,129.36,132.78,123.28,128.59,4576346
2024-01-16,TSLA,125.44,130.39,123.5,124.26,772999
2024-01-17,TSLA,124.63,130.76,124.37,125.06,5666408
2024-01-18,TSLA,125.36,132.5,120.99,124.28,9634147
2024-01-19,TSLA,124.05,130.01,121.73,125.11,5092664
2024-01-22,TSLA,125.06,124.94,123.17,124.41,18536825
2024-01-23,TSLA,126.09,126.71,123.3,124.92,2586059
2024-01-24,TSLA,129.11,129.36,128.57,129.34,12097110
2024-01-25,TSLA,132.3,132.71,125.92,131.25,6912833
2024-01-26,TSLA,131.75,133.96,131.88,133.53,9511903
2024-01-29,TSLA,132.85,132.72,124.24,132.25,3358629
2024-01-30,TSLA,131.42,133.25,129.54,129.89,12279377
2024-01-31,TSLA,135.89,135.76,134.79,135.08,4703941
2024-02-01,TSLA,140.35,142.42,137.43,138.12,2211593
2024-02-02,TSLA,149.69,156.63,136.66,147.75,4783738
2024-02-05,TSLA,150.61,155.17,148.44,149.49,3296325
2024-02-06,TSLA,140.64,147.46,135.02,144.98,9387432
2024-02-07,TSLA,142.97,147.21,142.55,143.48,802764
2024-02-08,TSLA,130.81,132.21,124.16,127.78,5631481
2024-02-09,TSLA,131.42,138.63,123.74,130.18,10313506
2024-02-12,TSLA,129.63,131.65,123.17,131.11,6128938
2024-02-13,TSLA,140.8,146.67,127.57,141.38,7349241
2024-02-14,TSLA,149.91,155.91,146.16,151.8,973252
2024-02-15,TSLA,144.47,151.58,133.94,141.84,940308
2024-02-16,TSLA,142.42,146.63,131.56,143.02,3746690
2024-02-19,TSLA,141.65,151.45,140.19,140.34,2904897
2024-02-20,TSLA,139.65,143.89,133.43,139.01,3359543
2024-02-21,TSLA,141.06,153.25,132.77,139.81,3858146
2024-02-22,TSLA,140.67,141.66,135.17,139.64,6250105
2024-02-23,TSLA,142.64,144.48,142.04,142.19,4127699
2024-02-26,TSLA,140.94,142.08,134.52,139.28,1546491
2024-02-27,TSLA,128.68,128.72,127.96,127.98,6068961
2024-02-28,TSLA,121.93,129.22,120.74,123.02,7227411
2024-02-29,TSLA,119.6,124.23,116.29,119.19,2725206
2024-03-01,TSLA,125.9,130.28,125.61,126.19,273608
2024-03-04,TSLA,132.96,140.02,130.77,132.0,1248102
2024-03-05,TSLA,129.07,134.84,128.45,133.5,3814843
2024-03-06,TSLA,135.79,151.31,135.49,136.15,1908979
2024-03-07,TSLA,132.8,136.17,126.7,129.98,16139562
2024-03-08,TSLA,135.16,135.46,125.17,133.18,1817839
2024-03-11,TSLA,132.75,145.97,123.9,136.09,1789321
2024-03-12,TSLA,122.84,130.98,113.38,121.3,3998545
2024-03-13,TSLA,120.82,122.66,111.38,117.16,6479345
2024-03-14,TSLA,117.05,123.24,115.02,118.32,9510990
2024-03-15,TSLA,116.67,117.22,104.91,117.18,3777619
2024-03-18,TSLA,114.26,115.58,111.65,113.86,1498021
2024-03-19,TSLA,120.83,122.3,115.51,120.31,7993774
2024-03-20,TSLA,111.14,112.85,107.5,112.63,5446745
2024-03-21,TSLA,107.61,107.5,106.0,106.68,1839073
2024-03-22,TSLA,97.67,101.08,95.56,97.22,4740811
2024-03-25,TSLA,90.31,97.42,83.83,90.36,877769
2024-03-26,TSLA,86.38,92.68,86.47,86.6,9841198
2024-03-27,TSLA,92.18,96.32,89.33,93.51,1321553
2024-03-28,TSLA,93.28,98.86,87.46,95.36,1746294
2024-03-29,TSLA,91.85,98.4,89.72,94.44,4705204
2024-04-01,TSLA,95.41,103.32,88.83,96.58,1802902
2024-04-02,TSLA,102.09,101.99,98.53,101.41,4949967
2024-04-03,TSLA,104.66,107.91,96.14,103.78,1386505
2024-04-04,TSLA,104.2,104.3,98.11,104.16,2669713
2024-04-05,TSLA,112.4,115.63,105.95,111.02,7248669
2024-04-08,TSLA,106.48,112.77,99.51,107.16,2065101
2024-04-09,TSLA,107.1,108.48,105.54,108.04,2242634
2024-04-10,TSLA,109.25,114.23,105.14,106.72,12230133
2024-04-11,TSLA,119.45,122.67,112.55,117.18,2196249
2024-04-12,TSLA,118.58,127.44,116.17,118.97,2638855
2024-04-15,TSLA,120.52,128.74,119.11,122.18,10380321
2024-04-16,TSLA,127.87,133.7,124.54,128.96,5082457
2024-04-17,TSLA,128.44,143.72,125.84,129.12,1805450
2024-04-18,TSLA,130.33,134.95,124.17,134.29,5275919
2024-04-19,TSLA,129.69,129.56,120.09,127.85,3482891
2024-04-22,TSLA,123.78,136.89,122.59,126.89,12188287
2024-04-23,TSLA,126.04,127.3,124.37,126.18,3506963
2024-04-24,TSLA,129.33,133.14,125.58,127.38,2187532
2024-04-25,TSLA,128.0,132.31,128.13,128.36,2044963
2024-04-26,TSLA,131.56,134.98,130.45,133.06,12322099
2024-04-29,TSLA,128.59,137.87,126.85,129.34,9215162
2024-04-30,TSLA,128.69,129.4,121.95,129.11,14536618
2024-05-01,TSLA,125.87,134.55,117.59,124.84,6914966
2024-05-02,TSLA,120.34,125.22,113.52,121.41,1938809
2024-05-03,TSLA,127.42,130.84,127.55,128.85,5924710
2024-05-06,TSLA,117.98,119.98,118.1,118.2,13715553
2024-05-07,TSLA,118.56,124.48,114.52,118.57,893057
2024-05-08,TSLA,125.07,137.14,120.12,122.73,2730853
2024-05-09,TSLA,117.96,117.84,113.22,117.72,5477715
2024-05-10,TSLA,127.96,131.71,120.16,121.33,5933819
2024-05-13,TSLA,130.57,130.43,124.88,129.98,5068618
2024-05-14,TSLA,124.13,124.0,121.88,123.86,11184077
2024-05-15,TSLA,123.31,125.61,123.43,124.86,5213026
2024-05-16,TSLA,127.38,134.39,127.18,128.03,6793859
2024-05-17,TSLA,121.28,122.91,119.58,122.62,1952074
2024-05-20,TSLA,124.22,128.01,124.35,127.21,13589875
2024-05-21,TSLA,127.06,132.92,121.24,125.65,2649404
2024-05-22,TSLA,124.33,137.69,122.08,124.18,1585983
2024-05-23,TSLA,129.94,135.94,125.76,128.46,4418692
2024-05-24,TSLA,124.6,137.52,124.73,126.93,11811567
2024-05-27,TSLA,129.22,131.74,124.24,127.33,2152308
2024-05-28,TSLA,126.91,128.15,121.12,123.62,4249722
2024-05-29,TSLA,118.74,127.0,116.23,119.69,14778796
2024-05-30,TSLA,113.77,122.79,113.88,116.46,7242072
2024-05-31,TSLA,117.12,125.02,111.77,120.75,4667676
2024-06-03,TSLA,121.07,120.95,119.0,120.87,4779290
2024-06-04,TSLA,116.23,123.56,108.79,115.4,6368658
2024-06-05,TSLA,117.5,127.07,115.96,119.14,3017842
2024-06-06,TSLA,124.4,125.98,121.38,123.43,3937983
2024-06-07,TSLA,123.52,125.25,121.4,121.82,7276045
2024-06-10,TSLA,127.43,129.21,124.72,128.66,3873356
2024-06-11,TSLA,127.52,130.78,121.03,124.8,9694391
2024-06-12,TSLA,129.87,129.74,128.22,128.89,1034899
2024-06-13,TSLA,126.33,133.52,118.7,126.77,6403814
2024-06-14,TSLA,118.77,126.13,113.73,121.1,5118786
2024-06-17,TSLA,119.5,129.26,117.83,119.58,5169574
2024-06-18,TSLA,129.54,130.01,127.99,128.43,7213260
2024-06-19,TSLA,120.17,122.35,116.63,120.69,9309164
2024-06-20,TSLA,118.28,123.13,113.58,120.31,12878280
2024-06-21,TSLA,128.16,128.74,123.2,128.36,11421804
2024-06-24,TSLA,125.14,133.37,122.26,126.93,4600173
2024-06-25,TSLA,128.27,132.8,126.94,130.33,1286592
2024-06-26,TSLA,134.08,137.63,131.09,134.53,11536491
2024-06-27,TSLA,129.83,136.32,128.78,131.69,1555126
2024-06-28,TSLA,129.3,131.64,120.16,127.54,7315102
2024-07-01,TSLA,125.11,133.32,114.52,125.63,9169677
2024-07-02,TSLA,121.09,124.69,121.21,121.6,834547
2024-07-03,TSLA,117.28,123.84,110.72,118.16,7062673
2024-07-04,TSLA,121.59,125.32,120.08,121.9,2431548
2024-07-05,TSLA,117.19,118.68,114.33,115.86,13866406
2024-07-08,TSLA,125.37,125.24,115.47,123.22,2327582
2024-07-09,TSLA,119.86,125.03,117.55,121.0,5889880
2024-07-10,TSLA,124.64,126.8,119.26,122.71,6312926
2024-07-11,TSLA,132.98,135.0,130.69,131.03,2448684
2024-07-12,TSLA,136.67,145.16,134.52,136.21,14574264
2024-07-15,TSLA,138.24,141.07,135.26,137.79,5518112
2024-07-16,TSLA,144.62,148.97,133.56,144.57,4220171
2024-07-17,TSLA,140.89,140.75,133.4,137.08,726403
2024-07-18,TSLA,131.32,135.5,126.27,128.85,2518192
2024-07-19,TSLA,133.16,133.02,130.23,132.83,3634554
2024-07-22,TSLA,128.45,131.77,127.85,129.08,6943921
2024-07-23,TSLA,123.22,130.19,121.66,125.01,3754444
2024-07-24,TSLA,130.56,134.62,129.06,129.83,3448818
2024-07-25,TSLA,131.03,143.94,131.17,133.64,6947114
2024-07-26,TSLA,139.71,153.17,133.18,138.77,2370341
2024-07-29,TSLA,133.94,144.25,134.08,136.36,5060668
2024-07-30,TSLA,130.97,140.36,128.93,129.91,4021799
2024-07-31,TSLA,131.79,133.87,121.31,131.12,8562981
2024-08-01,TSLA,138.6,141.59,131.54,136.16,6046047
2024-08-02,TSLA,120.94,127.9,118.12,123.74,3409274
2024-08-05,TSLA,122.94,125.97,117.54,120.68,9638796
2024-08-06,TSLA,122.81,124.4,121.89,122.51,5296150
2024-08-07,TSLA,119.57,122.38,119.69,120.25,7350434
2024-08-08,TSLA,117.94,121.31,116.07,118.01,6923152
2024-08-09,TSLA,115.59,128.82,104.38,115.96,40115389
2024-08-12,TSLA,113.16,114.47,113.27,114.23,2967705
2024-08-13,TSLA,119.02,118.9,118.64,118.88,7181146
2024-08-14,TSLA,121.62,125.36,116.64,122.88,12656935
2024-08-15,TSLA,121.98,126.03,121.7,124.49,8142952
2024-08-16,TSLA,123.67,124.28,121.8,123.15,6670325
2024-08-19,TSLA,120.46,125.0,114.61,122.5,12815700
2024-08-20,TSLA,117.34,123.24,110.81,116.95,3684249
2024-08-21,TSLA,118.17,121.66,109.43,115.41,2828398
2024-08-22,TSLA,114.39,115.06,104.67,113.08,564553
2024-08-23,TSLA,105.93,113.33,106.03,110.38,9321848
2024-08-26,TSLA,113.27,121.17,106.41,113.94,20136686
2024-08-27,TSLA,109.9,120.49,101.55,109.54,3200430
2024-08-28,TSLA,115.61,115.49,103.98,112.73,8973187
2024-08-29,TSLA,115.05,121.95,110.57,114.71,14648186
2024-08-30,TSLA,114.02,117.42,110.12,115.3,3307945
2024-09-02,TSLA,111.16,115.49,109.31,113.07,20915984
2024-09-03,TSLA,109.85,112.07,100.38,109.25,3142627
2024-09-04,TSLA,114.1,115.85,114.21,114.99,8517624
2024-09-05,TSLA,118.03,126.97,118.15,120.32,3045912
2024-09-06,TSLA,122.79,130.52,121.46,122.94,4813658
2024-09-09,TSLA,116.59,116.5,112.53,115.1,5865647
2024-09-10,TSLA,108.73,111.65,105.87,108.87,2236618
2024-09-11,TSLA,102.51,105.07,102.61,103.7,6733299
2024-09-12,TSLA,102.97,106.95,103.07,103.29,3672444
2024-09-13,TSLA,104.93,104.82,103.28,104.58,2285285
2024-09-16,TSLA,103.05,110.7,103.16,103.52,7919890
2024-09-17,TSLA,109.42,116.38,104.85,110.78,2527682
2024-09-18,TSLA,113.74,116.89,105.67,110.97,4393479
2024-09-19,TSLA,112.51,114.87,105.64,113.27,5317195
2024-09-20,TSLA,115.73,115.67,113.91,114.81,2866614
2024-09-23,TSLA,122.38,127.48,120.08,121.81,13502935
2024-09-24,TSLA,120.28,126.14,120.4,122.36,1063867
2024-09-25,TSLA,125.87,126.04,116.77,123.56,6540109
2024-09-26,TSLA,125.32,126.24,122.04,124.75,1617741
2024-09-27,TSLA,120.28,122.92,113.72,120.6,3773183
2024-09-30,TSLA,119.46,124.36,119.58,120.86,14824347
2024-10-01,TSLA,121.41,123.4,117.86,119.58,1395364
2024-10-02,TSLA,117.29,121.94,114.88,116.12,27383309
2024-10-03,TSLA,112.38,113.11,106.88,110.3,1372034
2024-10-04,TSLA,108.84,108.73,101.22,107.48,4939097
2024-10-07,TSLA,106.95,110.86,95.54,106.06,21131641
2024-10-08,TSLA,114.18,120.08,114.3,114.86,7420204
2024-10-09,TSLA,115.71,116.99,113.92,115.02,3346649
2024-10-10,TSLA,118.67,120.47,117.02,119.73,6123371
2024-10-11,TSLA,122.26,124.5,119.98,122.61,10376819
2024-10-14,TSLA,120.24,123.25,113.75,120.88,14861923
2024-10-15,TSLA,123.74,129.37,122.03,122.18,13141644
2024-10-16,TSLA,135.66,144.94,130.27,134.36,8928533
2024-10-17,TSLA,137.86,137.72,131.63,133.85,3623057
2024-10-18,TSLA,137.18,137.04,135.66,136.77,3379749
2024-10-21,TSLA,138.56,142.86,136.41,140.68,10272112
2024-10-22,TSLA,145.42,145.28,139.04,143.53,2706840
2024-10-23,TSLA,146.65,146.5,142.81,145.1,8103069
2024-10-24,TSLA,137.82,144.1,131.96,138.1,2417654
2024-10-25,TSLA,132.33,135.84,130.93,131.6,1193579
2024-10-28,TSLA,127.0,137.0,124.6,128.39,2192149
2024-10-29,TSLA,125.83,127.65,124.58,125.58,4993537
2024-10-30,TSLA,131.02,132.01,129.77,130.43,10756597
2024-10-31,TSLA,131.63,131.5,130.3,130.86,7487961
2024-11-01,TSLA,130.13,133.31,130.26,130.46,3557013
2024-11-04,TSLA,121.52,126.41,106.39,118.98,11877685
2024-11-05,TSLA,120.67,120.55,113.56,117.02,5623375
2024-11-06,TSLA,121.66,126.69,114.36,122.2,3895640
2024-11-07,TSLA,125.51,129.31,120.69,126.14,3419998
2024-11-08,TSLA,123.26,129.62,119.82,127.16,5110638
2024-11-11,TSLA,125.84,126.66,122.48,125.11,10138898
2024-11-12,TSLA,117.93,117.81,116.32,117.36,5749516
2024-11-13,TSLA,119.27,122.82,117.61,121.12,14143723
2024-11-14,TSLA,128.78,129.68,126.71,128.58,4978947
2024-11-15,TSLA,129.87,129.74,124.8,128.18,2559708
2024-11-18,TSLA,127.34,132.43,122.98,128.21,10613337
2024-11-19,TSLA,127.72,127.6,123.66,126.85,21923496
2024-11-20,TSLA,132.3,136.42,130.13,131.93,2051445
2024-11-21,TSLA,126.5,129.96,125.98,128.6,6200876
2024-11-22,TSLA,122.63,124.98,122.76,124.5,8599848
2024-11-25,TSLA,118.21,125.8,116.85,118.73,4207554
2024-11-26,TSLA,115.85,125.6,115.96,116.95,13592522
2024-11-27,TSLA,115.2,118.48,106.11,114.29,10802275
2024-11-28,TSLA,113.65,118.61,111.97,113.43,2412158
2024-11-29,TSLA,111.89,114.62,110.17,111.93,774160
2024-12-02,TSLA,113.39,114.5,109.88,111.89,1459033
2024-12-03,TSLA,108.77,109.48,102.02,106.96,2961506
2024-12-04,TSLA,102.64,108.84,101.07,103.71,12605072
2024-12-05,TSLA,103.01,107.63,100.38,102.6,6733585
2024-12-06,TSLA,109.57,115.21,107.11,107.69,781906
2024-12-09,TSLA,109.05,108.98,105.56,108.04,5534013
2024-12-10,TSLA,107.71,113.84,107.82,110.33,2844368
2024-12-11,TSLA,114.41,116.44,110.21,115.03,4163518
2024-12-12,TSLA,117.04,118.18,110.82,115.39,1947820
2024-12-13,TSLA,110.75,115.2,102.9,109.69,4247831
2024-12-16,TSLA,104.84,108.66,103.5,105.29,16385360
2024-12-17,TSLA,106.15,108.83,104.21,104.87,1880474
2024-12-18,TSLA,102.09,104.96,100.55,101.97,7952102
2024-12-19,TSLA,104.65,104.54,99.63,103.9,9691435
2024-12-20,TSLA,97.87,103.04,97.97,100.25,4130398
2024-12-23,TSLA,96.95,98.95,91.98,97.71,2091661
2024-12-24,TSLA,102.14,102.03,95.51,101.05,14902960
2024-12-25,TSLA,107.84,108.62,103.67,103.91,6109188
2024-12-26,TSLA,101.52,101.42,93.51,101.3,921664
2024-12-27,TSLA,107.39,107.28,99.18,106.25,8956227
2024-12-30,TSLA,94.74,98.06,90.69,96.24,5125512
2024-12-31,TSLA,98.06,99.95,97.45,98.87,2985531
2020-01-02,NVDA,61.86,61.8,60.6,61.21,2080781
2020-01-03,NVDA,59.82,60.87,59.1,60.79,2432937
2020-01-06,NVDA,59.22,60.5,57.48,58.87,3011540
2020-01-07,NVDA,58.33,60.56,57.92,58.65,5786505
2020-01-08,NVDA,58.04,57.98,54.05,56.82,3194066
2020-01-09,NVDA,56.69,59.47,56.74,56.76,4715957
2020-01-10,NVDA,60.93,63.65,59.94,61.92,3510344
2020-01-13,NVDA,62.97,65.59,61.74,61.97,9150913
2020-01-14,NVDA,60.29,62.78,59.45,60.81,2510388
2020-01-15,NVDA,61.02,62.65,57.77,61.51,13685066
2020-01-16,NVDA,65.65,66.05,62.77,65.59,11676842
2020-01-17,NVDA,68.51,69.95,65.96,68.33,18245311
2020-01-20,NVDA,69.86,70.49,66.43,69.12,7365231
2020-01-21,NVDA,67.27,67.21,65.74,67.09,2188517
2020-01-22,NVDA,68.53,71.07,66.47,68.09,2802176
2020-01-23,NVDA,70.26,72.88,68.96,70.6,2377017
2020-01-24,NVDA,68.2,72.52,66.09,68.4,4891075
2020-01-27,NVDA,67.32,67.26,66.85,67.12,3387351
2020-01-28,NVDA,69.22,75.99,68.09,69.94,2707153
2020-01-29,NVDA,69.71,73.91,67.93,69.59,8593796
2020-01-30,NVDA,70.48,74.11,69.77,71.3,3475973
2020-01-31,NVDA,77.67,78.5,74.99,77.55,3943858
2020-02-03,NVDA,82.6,84.09,79.79,82.5,8379671
2020-02-04,NVDA,82.38,82.78,82.05,82.35,13453396
2020-02-05,NVDA,84.77,84.68,79.83,83.85,962192
2020-02-06,NVDA,79.54,80.32,76.83,80.29,10465359
2020-02-07,NVDA,83.95,83.99,79.28,82.18,7304778
2020-02-10,NVDA,83.56,87.03,82.35,82.42,1028573
2020-02-11,NVDA,84.63,86.41,84.71,85.78,13736138
2020-02-12,NVDA,82.69,86.79,81.01,83.95,5928030
2020-02-13,NVDA,85.61,87.81,83.21,83.76,8826074
2020-02-14,NVDA,85.87,88.72,84.96,86.26,4626339
2020-02-17,NVDA,84.74,88.96,82.79,84.66,1651143
2020-02-18,NVDA,82.43,83.82,78.17,80.33,13465208
2020-02-19,NVDA,79.57,81.69,79.65,80.43,9753345
2020-02-20,NVDA,78.4,79.42,73.92,78.93,2029304
2020-02-21,NVDA,74.43,77.1,69.17,75.23,9727324
2020-02-24,NVDA,77.97,80.23,75.6,77.41,8299972
2020-02-25,NVDA,77.88,84.54,77.25,78.89,1864307
2020-02-26,NVDA,78.66,78.58,77.78,78.0,3692246
2020-02-27,NVDA,79.47,81.65,78.86,79.69,1209383
2020-02-28,NVDA,83.83,85.62,80.05,82.6,21022960
2020-03-02,NVDA,86.41,87.87,83.33,86.42,4598933
2020-03-03,NVDA,88.39,89.2,86.97,87.37,20015852
2020-03-04,NVDA,87.93,87.84,85.89,86.69,10176917
2020-03-05,NVDA,88.59,92.66,88.1,89.17,2188946
2020-03-06,NVDA,86.53,87.38,85.54,86.93,6641548
2020-03-09,NVDA,82.18,87.97,82.26,83.78,2097005
2020-03-10,NVDA,80.81,86.03,80.77,81.05,2584720
2020-03-11,NVDA,83.33,84.75,81.43,83.19,17956907
2020-03-12,NVDA,82.95,85.52,81.03,82.98,3013132
2020-03-13,NVDA,82.39,84.39,81.35,82.53,1651104
2020-03-16,NVDA,79.23,89.86,79.31,81.72,1725284
2020-03-17,NVDA,85.36,87.77,84.96,85.69,28772506
2020-03-18,NVDA,83.65,89.69,83.73,85.53,9441253
2020-03-19,NVDA,89.38,91.34,87.87,89.63,2956116
2020-03-20,NVDA,87.81,88.5,83.58,86.42,7919328
2020-03-23,NVDA,85.22,87.64,78.01,84.53,12367639
2020-03-24,NVDA,86.64,90.08,83.32,87.46,1418675
2020-03-25,NVDA,83.06,88.78,81.14,82.74,22475957
2020-03-26,NVDA,86.78,91.31,82.98,85.07,3791027
2020-03-27,NVDA,92.82,96.21,90.49,92.23,4681124
2020-03-30,NVDA,89.93,92.02,89.44,89.85,3340560
2020-03-31,NVDA,86.87,91.73,86.2,88.52,2531221
2020-04-01,NVDA,92.19,95.6,88.75,92.05,2205736
2020-04-02,NVDA,87.03,87.91,86.97,87.0,9872130
2020-04-03,NVDA,80.47,81.48,71.88,79.03,9753920
2020-04-06,NVDA,78.23,78.15,76.35,77.6,16454407
2020-04-07,NVDA,79.63,81.98,79.71,79.98,4043089
2020-04-08,NVDA,80.23,80.67,80.31,80.56,16874193
2020-04-09,NVDA,77.83,82.11,75.23,77.55,8713027
2020-04-10,NVDA,79.97,81.69,78.64,79.2,3335208
2020-04-13,NVDA,81.02,81.36,78.5,80.32,3474546
2020-04-14,NVDA,80.23,80.15,79.06,79.64,2793152
2020-04-15,NVDA,83.28,83.2,80.78,82.19,1444650
2020-04-16,NVDA,81.16,82.63,81.24,81.31,2565194
2020-04-17,NVDA,75.29,80.67,73.42,75.23,9493520
2020-04-20,NVDA,77.42,79.73,77.31,78.37,11615224
2020-04-21,NVDA,74.71,75.06,71.46,74.05,5135089
2020-04-22,NVDA,76.51,78.47,72.64,75.23,7249259
2020-04-23,NVDA,73.0,72.93,71.35,72.73,4980148
2020-04-24,NVDA,76.19,81.64,70.6,75.39,13203233
2020-04-27,NVDA,76.4,78.04,74.92,75.62,4141628
2020-04-28,NVDA,75.67,76.83,71.83,74.15,2501646
2020-04-29,NVDA,71.0,72.74,67.57,70.53,4700140
2020-04-30,NVDA,69.8,71.95,68.34,68.77,30879034
2020-05-01,NVDA,72.77,76.17,72.85,73.4,12000220
2020-05-04,NVDA,70.71,76.33,69.34,71.64,4597005
2020-05-05,NVDA,70.97,72.51,69.0,71.24,3114227
2020-05-06,NVDA,73.43,74.42,73.51,73.64,7099764
2020-05-07,NVDA,74.51,74.44,70.3,74.22,1193018
2020-05-08,NVDA,74.51,76.7,70.44,74.91,7388717
2020-05-11,NVDA,76.89,79.01,72.82,76.18,6033279
2020-05-12,NVDA,73.73,77.44,72.69,73.82,4102768
2020-05-13,NVDA,74.93,75.53,75.01,75.19,5214777
2020-05-14,NVDA,77.16,80.32,77.06,77.57,10260573
2020-05-15,NVDA,81.53,81.45,80.72,81.35,7963486
2020-05-18,NVDA,80.72,85.52,80.31,81.3,7022208
2020-05-19,NVDA,84.05,83.97,83.75,83.96,31270610
2020-05-20,NVDA,82.64,85.22,80.85,81.58,5441636
2020-05-21,NVDA,84.58,84.5,80.97,82.64,10435634
2020-05-22,NVDA,88.5,91.22,85.03,87.19,7499883
2020-05-25,NVDA,85.57,85.9,84.63,85.01,9872400
2020-05-26,NVDA,84.72,87.69,83.99,85.44,5753199
2020-05-27,NVDA,82.47,86.0,81.46,83.15,13091742
2020-05-28,NVDA,83.35,83.27,81.01,81.95,1152727
2020-05-29,NVDA,75.56,82.27,75.63,77.35,4347972
2020-06-01,NVDA,80.86,84.34,75.24,79.6,37980259
2020-06-02,NVDA,77.83,80.94,76.95,77.92,14900760
2020-06-03,NVDA,74.52,78.29,74.15,75.9,13260412
2020-06-04,NVDA,76.56,77.21,75.17,76.91,5391263
2020-06-05,NVDA,74.28,76.26,73.98,74.26,16477700
2020-06-08,NVDA,72.67,75.31,71.51,73.23,9787338
2020-06-09,NVDA,73.85,74.14,69.87,73.23,2737623
2020-06-10,NVDA,73.97,77.96,72.16,74.09,6696269
2020-06-11,NVDA,72.81,78.51,71.14,72.24,4743677
2020-06-12,NVDA,73.48,75.38,71.62,74.35,14013246
2020-06-15,NVDA,77.09,82.47,75.29,78.08,2007148
2020-06-16,NVDA,79.09,79.71,77.07,77.82,390893
2020-06-17,NVDA,76.84,78.83,76.92,77.15,3189721
2020-06-18,NVDA,74.39,74.32,70.76,73.87,3745862
2020-06-19,NVDA,73.88,74.61,69.77,73.2,1164522
2020-06-22,NVDA,76.19,78.38,76.17,77.13,1579822
2020-06-23,NVDA,75.04,75.79,74.9,75.09,3044792
2020-06-24,NVDA,75.82,81.41,69.97,76.68,7333007
2020-06-25,NVDA,76.8,76.73,75.02,76.14,19317950
2020-06-26,NVDA,78.38,78.3,72.08,78.25,1633607
2020-06-29,NVDA,78.76,81.9,77.76,78.78,13036563
2020-06-30,NVDA,75.9,77.55,67.05,74.85,4194634
2020-07-01,NVDA,72.03,75.43,69.72,73.11,2550558
2020-07-02,NVDA,69.47,71.18,68.89,70.64,4873163
2020-07-03,NVDA,73.2,73.12,71.06,72.13,9865591
2020-07-06,NVDA,67.92,72.86,63.04,68.45,4303979
2020-07-07,NVDA,70.9,72.65,70.97,71.71,10401683
2020-07-08,NVDA,74.24,74.69,72.56,73.71,2903303
2020-07-09,NVDA,72.4,78.31,68.03,73.97,3520586
2020-07-10,NVDA,73.43,75.71,70.89,72.96,10038013
2020-07-13,NVDA,72.93,72.86,70.93,72.84,1668353
2020-07-14,NVDA,69.84,72.28,69.91,70.29,3171052
2020-07-15,NVDA,73.12,75.04,69.57,73.07,4012337
2020-07-16,NVDA,74.11,74.03,72.14,72.63,4994870
2020-07-17,NVDA,74.04,77.24,74.12,74.59,2082684
2020-07-20,NVDA,75.0,76.79,72.7,73.44,8546288
2020-07-21,NVDA,71.14,73.63,69.73,70.82,15571106
2020-07-22,NVDA,74.93,74.97,73.68,74.35,726966
2020-07-23,NVDA,73.79,74.94,71.17,74.54,1842285
2020-07-24,NVDA,67.5,73.99,66.42,69.22,3903029
2020-07-27,NVDA,69.38,73.22,67.65,68.37,6317662
2020-07-28,NVDA,72.49,73.51,69.24,71.5,3444148
2020-07-29,NVDA,72.3,75.97,72.38,72.77,1783294
2020-07-30,NVDA,73.76,76.14,73.0,74.41,12458410
2020-07-31,NVDA,73.05,76.92,69.44,72.51,2789534
2020-08-03,NVDA,72.49,76.53,72.56,72.89,5697868
2020-08-04,NVDA,72.5,73.49,69.3,72.57,1251979
2020-08-05,NVDA,70.25,70.63,68.93,70.58,12759545
2020-08-06,NVDA,71.35,76.6,68.75,71.89,12960075
2020-08-07,NVDA,68.99,71.56,68.1,70.08,4149353
2020-08-10,NVDA,69.11,70.69,69.18,70.12,3419084
2020-08-11,NVDA,71.23,73.58,69.13,69.96,3549414
2020-08-12,NVDA,67.9,71.18,67.42,69.77,1579478
2020-08-13,NVDA,71.12,72.62,67.67,71.93,5407849
2020-08-14,NVDA,71.02,73.56,69.39,70.21,19255575
2020-08-17,NVDA,66.58,69.12,65.93,67.95,5957356
2020-08-18,NVDA,73.58,78.33,73.52,73.99,8808406
2020-08-19,NVDA,76.88,80.43,76.81,77.48,6562701
2020-08-20,NVDA,73.47,76.06,69.37,75.18,12912040
2020-08-21,NVDA,71.05,75.77,66.9,70.89,9442777
2020-08-24,NVDA,74.98,78.38,69.76,73.99,2126611
2020-08-25,NVDA,70.89,72.07,70.65,70.66,7428582
2020-08-26,NVDA,70.41,71.28,70.48,71.03,7954244
2020-08-27,NVDA,76.29,80.09,71.95,75.98,15979002
2020-08-28,NVDA,70.16,72.86,69.84,70.72,4643328
2020-08-31,NVDA,66.81,67.3,66.21,67.03,16694741
2020-09-01,NVDA,69.03,71.25,68.56,69.37,5302973
2020-09-02,NVDA,66.63,70.94,66.56,67.05,812943
2020-09-03,NVDA,63.35,66.46,62.2,63.58,2412149
2020-09-04,NVDA,63.66,66.24,60.15,63.19,1872838
2020-09-07,NVDA,64.66,65.87,63.53,63.61,12647359
2020-09-08,NVDA,66.89,67.02,63.19,66.32,907425
2020-09-09,NVDA,69.4,74.05,68.77,69.11,3272878
2020-09-10,NVDA,71.12,71.56,68.55,69.92,5902903
2020-09-11,NVDA,68.62,68.66,67.66,67.74,7102451
2020-09-14,NVDA,66.11,67.84,66.18,67.53,2716128
2020-09-15,NVDA,70.38,73.45,66.55,70.37,6392595
2020-09-16,NVDA,72.48,80.42,71.24,73.92,2466627
2020-09-17,NVDA,75.74,75.67,72.86,73.72,1995812
2020-09-18,NVDA,73.78,75.04,69.97,72.2,2426845
2020-09-21,NVDA,73.06,74.69,70.45,72.38,2880122
2020-09-22,NVDA,75.97,79.82,74.84,77.13,15671658
2020-09-23,NVDA,75.68,76.27,74.67,75.05,1936070
2020-09-24,NVDA,81.09,81.62,79.53,79.87,9168842
2020-09-25,NVDA,80.88,82.97,76.5,79.16,2058680
2020-09-28,NVDA,84.39,86.01,82.41,82.55,2376687
2020-09-29,NVDA,83.6,86.52,78.04,85.2,17414324
2020-09-30,NVDA,86.0,87.17,81.57,86.9,5386328
2020-10-01,NVDA,84.98,85.62,80.97,83.63,7617386
2020-10-02,NVDA,83.4,83.32,80.92,82.44,12561667
2020-10-05,NVDA,79.02,84.15,77.61,82.05,7799152
2020-10-06,NVDA,80.94,82.43,80.86,80.87,2947355
2020-10-07,NVDA,84.06,84.25,82.7,82.87,11150234
2020-10-08,NVDA,77.85,78.55,77.93,78.04,10635798
2020-10-09,NVDA,79.01,81.03,78.62,78.83,5566404
2020-10-12,NVDA,81.38,81.29,75.37,80.97,3680105
2020-10-13,NVDA,81.47,82.78,81.55,82.29,6898805
2020-10-14,NVDA,83.57,84.29,81.57,82.29,9878462
2020-10-15,NVDA,83.8,86.32,83.5,84.39,5240794
2020-10-16,NVDA,84.73,86.49,82.79,84.61,3709916
2020-10-19,NVDA,83.03,82.95,75.94,82.73,1701352
2020-10-20,NVDA,84.25,88.3,81.59,84.94,29972033
2020-10-21,NVDA,86.77,87.75,85.25,86.96,10111725
2020-10-22,NVDA,83.93,87.46,83.76,85.29,8057225
2020-10-23,NVDA,83.16,84.67,80.26,83.62,10106059
2020-10-26,NVDA,80.7,84.57,80.78,81.8,7707193
2020-10-27,NVDA,84.57,86.83,82.64,83.11,4813264
2020-10-28,NVDA,81.0,81.92,81.04,81.07,3284582
2020-10-29,NVDA,84.71,87.76,83.32,85.35,2691717
2020-10-30,NVDA,87.12,90.55,85.64,86.96,5813212
2020-11-02,NVDA,87.36,88.15,84.56,88.07,4697098
2020-11-03,NVDA,88.71,90.33,88.63,88.79,5560673
2020-11-04,NVDA,81.6,81.52,80.32,81.43,2162475
2020-11-05,NVDA,84.53,85.43,83.86,84.83,12009279
2020-11-06,NVDA,80.92,84.75,76.66,82.32,3689870
2020-11-09,NVDA,86.9,88.45,86.2,88.06,2627082
2020-11-10,NVDA,86.53,88.84,83.31,86.54,6488545
2020-11-11,NVDA,87.7,88.96,86.42,88.17,4517314
2020-11-12,NVDA,88.38,88.79,82.15,86.32,1862001
2020-11-13,NVDA,86.96,86.87,84.3,86.28,4151941
2020-11-16,NVDA,86.91,88.93,85.22,88.48,1124477
2020-11-17,NVDA,88.64,94.33,79.21,88.99,3047977
2020-11-18,NVDA,91.1,99.7,91.04,91.61,7187496
2020-11-19,NVDA,94.28,97.07,93.41,94.98,5314867
2020-11-20,NVDA,97.18,103.6,94.42,97.4,2698389
2020-11-23,NVDA,93.39,100.05,93.48,93.57,7329725
2020-11-24,NVDA,95.24,96.34,91.88,94.78,3730883
2020-11-25,NVDA,94.55,98.46,92.1,93.48,9011074
2020-11-26,NVDA,94.21,97.31,92.52,95.05,7983159
2020-11-27,NVDA,94.77,96.74,93.21,95.43,3046965
2020-11-30,NVDA,97.89,98.73,95.17,96.83,834358
2020-12-01,NVDA,97.34,99.45,93.96,97.55,4491861
2020-12-02,NVDA,98.03,100.57,95.52,98.86,2157642
2020-12-03,NVDA,94.68,98.72,94.77,98.52,3813033
2020-12-04,NVDA,102.53,106.6,101.66,102.16,6312715
2020-12-07,NVDA,104.8,104.69,103.35,104.31,2151606
2020-12-08,NVDA,98.9,100.14,94.89,99.61,3163807
2020-12-09,NVDA,100.58,108.73,100.68,102.32,10352904
2020-12-10,NVDA,104.13,104.03,99.33,103.33,5946973
2020-12-11,NVDA,105.98,112.33,102.91,108.79,1325828
2020-12-14,NVDA,109.27,110.58,102.77,108.91,1681918
2020-12-15,NVDA,102.92,108.18,103.02,104.1,5755405
2020-12-16,NVDA,100.27,101.27,100.37,101.04,3326227
2020-12-17,NVDA,104.53,104.42,103.4,103.59,5724766
2020-12-18,NVDA,99.4,103.21,99.5,100.25,3013218
2020-12-21,NVDA,97.94,101.85,91.21,99.87,40411229
2020-12-22,NVDA,100.0,105.2,100.1,101.01,5256688
2020-12-23,NVDA,96.33,96.24,93.24,96.07,13299713
2020-12-24,NVDA,99.84,106.13,97.37,100.71,2634402
2020-12-25,NVDA,105.01,106.39,104.68,104.87,5743018
2020-12-28,NVDA,109.01,109.1,101.62,107.2,27732106
2020-12-29,NVDA,109.67,112.31,103.27,108.64,6178204
2020-12-30,NVDA,106.85,107.09,104.97,106.59,11466648
2020-12-31,NVDA,107.96,116.04,107.16,108.72,10418909
2021-01-01,NVDA,112.31,112.2,109.23,111.31,3426630
2021-01-04,NVDA,112.0,111.89,109.5,111.17,6905544
2021-01-05,NVDA,109.07,116.49,108.75,109.56,1730696
2021-01-06,NVDA,107.04,113.35,100.55,105.39,1347484
2021-01-07,NVDA,105.64,112.22,104.11,106.37,2445187
2021-01-08,NVDA,108.95,109.9,109.06,109.3,4448648
2021-01-11,NVDA,106.53,108.09,102.11,105.95,8554591
2021-01-12,NVDA,106.81,112.4,100.63,107.23,10394486
2021-01-13,NVDA,104.35,106.78,103.15,104.12,42636614
2021-01-14,NVDA,106.54,109.71,101.24,105.91,4728963
2021-01-15,NVDA,104.54,110.32,103.93,106.84,1474739
2021-01-18,NVDA,103.66,104.55,95.71,103.6,1419824
2021-01-19,NVDA,103.38,106.02,99.28,104.55,9390231
2021-01-20,NVDA,105.89,116.8,104.3,106.74,7706589
2021-01-21,NVDA,104.85,108.42,104.95,106.64,4171187
2021-01-22,NVDA,104.88,105.67,104.54,105.48,5925081
2021-01-25,NVDA,107.86,116.48,105.21,107.91,2980289
2021-01-26,NVDA,110.76,110.65,104.36,109.14,16866869
2021-01-27,NVDA,106.73,108.89,105.5,106.31,3078822
2021-01-28,NVDA,111.47,111.36,103.29,107.94,951556
2021-01-29,NVDA,108.86,115.96,108.97,111.25,9312941
2021-02-01,NVDA,108.34,108.58,104.68,108.05,9960716
2021-02-02,NVDA,110.89,110.78,108.7,110.53,9401704
2021-02-03,NVDA,113.05,114.54,110.01,110.82,6414750
2021-02-04,NVDA,99.69,105.71,97.65,102.71,2849561
2021-02-05,NVDA,97.25,101.59,94.9,98.54,5308505
2021-02-08,NVDA,101.97,107.08,98.75,101.69,9498904
2021-02-09,NVDA,101.73,106.21,99.4,101.72,20480107
2021-02-10,NVDA,101.8,108.02,99.39,102.56,4093624
2021-02-11,NVDA,103.38,105.2,103.48,104.78,3860199
2021-02-12,NVDA,106.55,111.91,103.29,107.73,1553168
2021-02-15,NVDA,108.85,113.48,108.46,110.7,30000609
2021-02-16,NVDA,114.8,115.85,104.61,113.89,753001
2021-02-17,NVDA,113.69,114.2,112.03,112.79,5032699
2021-02-18,NVDA,110.45,113.19,107.76,111.39,35381734
2021-02-19,NVDA,114.37,116.08,109.22,112.01,5342457
2021-02-22,NVDA,107.42,108.93,103.31,108.92,3712592
2021-02-23,NVDA,116.87,119.87,115.85,116.8,18500815
2021-02-24,NVDA,116.93,121.61,117.05,117.42,5727760
2021-02-25,NVDA,120.57,124.88,110.72,122.15,7399531
2021-02-26,NVDA,119.27,121.73,117.38,118.53,12222098
2021-03-01,NVDA,119.71,122.52,115.18,118.3,3167962
2021-03-02,NVDA,113.79,118.91,103.73,114.52,16864254
2021-03-03,NVDA,115.71,117.42,115.74,117.41,2526576
2021-03-04,NVDA,122.26,122.95,110.33,121.07,2251550
2021-03-05,NVDA,132.08,135.09,124.87,129.65,2098001
2021-03-08,NVDA,132.28,132.24,130.68,130.83,5392337
2021-03-09,NVDA,121.69,124.87,119.07,122.44,5596565
2021-03-10,NVDA,123.24,129.93,121.36,124.36,3629760
2021-03-11,NVDA,123.95,131.4,124.07,124.21,8567178
2021-03-12,NVDA,122.46,126.51,119.9,125.15,1900127
2021-03-15,NVDA,126.51,126.38,122.72,125.82,2963985
2021-03-16,NVDA,123.76,125.07,117.57,123.63,10371678
2021-03-17,NVDA,125.42,130.86,121.97,124.74,9344514
2021-03-18,NVDA,123.02,131.54,119.81,125.72,4822579
2021-03-19,NVDA,132.26,138.35,127.92,132.69,777157
2021-03-22,NVDA,127.72,136.03,127.84,128.99,3437742
2021-03-23,NVDA,126.95,136.71,127.07,128.33,1517750
2021-03-24,NVDA,127.32,130.22,122.15,127.92,3445610
2021-03-25,NVDA,132.23,135.22,131.44,133.42,6047218
2021-03-26,NVDA,126.24,129.81,126.37,129.52,4425868
2021-03-29,NVDA,124.97,130.64,119.78,127.4,6026800
2021-03-30,NVDA,133.69,141.46,131.07,132.06,1777568
2021-03-31,NVDA,134.84,135.73,132.45,134.72,8084855
2021-04-01,NVDA,139.06,146.47,138.12,140.88,3559882
2021-04-02,NVDA,140.61,151.03,138.46,143.17,4028686
2021-04-05,NVDA,134.9,142.64,130.27,135.19,2897042
2021-04-06,NVDA,135.59,146.84,135.39,136.0,46927893
2021-04-07,NVDA,131.05,138.09,126.17,131.92,9165996
2021-04-08,NVDA,132.52,132.68,126.86,129.2,4672739
2021-04-09,NVDA,137.59,141.44,133.65,136.09,9018213
2021-04-12,NVDA,140.44,140.3,132.27,139.61,1982209
2021-04-13,NVDA,133.38,133.25,130.83,132.84,2493424
2021-04-14,NVDA,131.65,131.52,128.29,130.43,5854381
2021-04-15,NVDA,122.31,124.92,117.41,122.03,2082817
2021-04-16,NVDA,122.0,125.12,116.19,119.91,5227980
2021-04-19,NVDA,127.36,133.35,127.49,128.24,2271191
2021-04-20,NVDA,125.54,132.54,121.58,127.54,773392
2021-04-21,NVDA,130.63,134.45,130.65,130.66,5861406
2021-04-22,NVDA,122.39,126.61,121.11,124.67,5495951
2021-04-23,NVDA,123.92,127.79,120.78,123.19,13991001
2021-04-26,NVDA,126.7,130.71,124.19,128.97,1567877
2021-04-27,NVDA,122.72,129.08,122.49,124.99,5292211
2021-04-28,NVDA,126.77,126.64,123.66,124.91,889595
2021-04-29,NVDA,128.02,130.41,128.15,128.44,826402
2021-04-30,NVDA,134.26,136.43,126.98,132.51,19793718
2021-05-03,NVDA,135.17,137.44,129.35,132.72,10384050
2021-05-04,NVDA,133.01,136.61,132.01,134.67,4009275
2021-05-05,NVDA,135.57,135.89,126.41,134.32,11680698
2021-05-06,NVDA,129.87,130.9,127.51,128.45,3571783
2021-05-07,NVDA,131.38,132.71,124.76,131.32,9250289
2021-05-10,NVDA,131.66,136.14,128.59,129.86,3955200
2021-05-11,NVDA,132.28,135.66,130.34,131.2,1364019
2021-05-12,NVDA,134.9,135.73,133.47,134.69,4561664
2021-05-13,NVDA,132.01,139.39,130.39,131.66,11587704
2021-05-14,NVDA,119.58,122.7,118.24,119.36,3241583
2021-05-17,NVDA,117.18,120.28,115.01,116.48,5152206
2021-05-18,NVDA,113.78,118.5,111.32,112.3,18394837
2021-05-19,NVDA,117.3,120.64,116.13,116.28,1912828
2021-05-20,NVDA,118.39,120.16,114.8,117.87,9990321
2021-05-21,NVDA,119.16,122.98,110.49,119.01,6282490
2021-05-24,NVDA,124.63,124.51,119.46,124.25,5500151
2021-05-25,NVDA,117.74,122.46,113.76,118.9,4645347
2021-05-26,NVDA,114.12,114.0,112.41,113.81,1247236
2021-05-27,NVDA,109.56,109.5,106.0,108.79,1563058
2021-05-28,NVDA,115.33,117.53,108.3,114.62,5499423
2021-05-31,NVDA,114.54,116.55,110.54,113.4,1470569
2021-06-01,NVDA,109.99,115.65,108.86,110.61,2047271
2021-06-02,NVDA,106.72,106.77,105.08,106.44,11124000
2021-06-03,NVDA,111.48,113.47,108.03,110.57,20565470
2021-06-04,NVDA,99.75,102.36,99.85,101.76,2865990
2021-06-07,NVDA,105.99,106.65,104.42,105.52,5149065
2021-06-08,NVDA,98.1,101.68,96.8,98.98,3363928
2021-06-09,NVDA,95.13,96.51,95.22,95.49,7857964
2021-06-10,NVDA,89.28,90.71,87.31,89.35,3129951
2021-06-11,NVDA,85.38,91.73,83.56,87.95,4320029
2021-06-14,NVDA,85.66,88.53,85.75,86.54,3367175
2021-06-15,NVDA,80.6,81.2,78.68,80.63,3536461
2021-06-16,NVDA,78.06,78.53,72.78,77.7,11652189
2021-06-17,NVDA,78.39,78.99,75.89,78.02,7182024
2021-06-18,NVDA,75.37,75.47,73.21,74.4,5812388
2021-06-21,NVDA,73.82,77.66,73.9,74.42,3645916
2021-06-22,NVDA,74.22,78.1,70.46,74.41,23125556
2021-06-23,NVDA,74.27,78.94,71.68,74.11,2880628
2021-06-24,NVDA,70.75,73.67,65.28,71.13,4200336
2021-06-25,NVDA,69.74,70.65,69.81,69.98,4027273
2021-06-28,NVDA,71.38,72.36,70.46,71.81,1544581
2021-06-29,NVDA,69.83,70.19,69.68,70.04,5531641
2021-06-30,NVDA,68.71,69.18,68.78,68.94,1162505
2021-07-01,NVDA,70.05,71.42,68.74,70.44,6245415
2021-07-02,NVDA,70.52,73.22,66.65,70.31,15313768
2021-07-05,NVDA,66.42,73.28,66.24,68.35,1535060
2021-07-06,NVDA,65.47,67.19,63.39,66.3,15467748
2021-07-07,NVDA,66.37,69.73,64.4,67.09,5378584
2021-07-08,NVDA,64.64,69.88,63.11,65.68,19412526
2021-07-09,NVDA,63.29,63.54,61.36,62.92,6421435
2021-07-12,NVDA,67.9,68.29,64.32,67.23,46549722
2021-07-13,NVDA,63.71,65.68,62.46,63.15,22798604
2021-07-14,NVDA,64.09,67.14,62.89,65.53,1786253
2021-07-15,NVDA,61.83,63.32,60.42,62.49,2487519
2021-07-16,NVDA,63.15,63.59,62.78,62.87,3733064
2021-07-19,NVDA,65.49,65.43,62.65,64.44,14886021
2021-07-20,NVDA,68.55,70.38,67.66,67.98,6203960
2021-07-21,NVDA,66.47,67.43,66.54,67.32,10046487
2021-07-22,NVDA,68.27,68.2,67.13,67.95,7614016
2021-07-23,NVDA,68.7,71.32,64.33,68.16,5512170
2021-07-26,NVDA,71.12,73.97,68.06,70.76,3337802
2021-07-27,NVDA,69.53,78.64,69.6,70.9,8676654
2021-07-28,NVDA,68.0,73.73,66.43,69.5,7913670
2021-07-29,NVDA,68.94,70.62,66.81,70.51,5583291
2021-07-30,NVDA,74.18,76.13,73.38,74.8,16483747
2021-08-02,NVDA,76.54,79.89,75.02,75.82,4917810
2021-08-03,NVDA,77.23,78.99,76.37,77.93,2332413
2021-08-04,NVDA,79.05,82.74,75.86,80.39,1947320
2021-08-05,NVDA,81.24,85.71,75.43,80.82,11364577
2021-08-06,NVDA,84.94,86.88,81.23,85.34,16200845
2021-08-09,NVDA,87.0,92.23,83.45,88.65,9339722
2021-08-10,NVDA,87.7,87.66,86.37,86.75,21118948
2021-08-11,NVDA,89.46,92.53,84.75,88.61,6114685
2021-08-12,NVDA,87.88,88.39,84.91,87.26,1717094
2021-08-13,NVDA,88.77,92.53,88.76,90.8,2924623
2021-08-16,NVDA,92.76,93.94,87.94,92.9,4624145
2021-08-17,NVDA,97.33,98.23,93.87,95.77,5640815
2021-08-18,NVDA,92.66,99.81,92.75,93.64,8949629
2021-08-19,NVDA,91.1,95.64,90.61,91.09,1173972
2021-08-20,NVDA,89.18,89.85,87.03,88.34,3346103
2021-08-23,NVDA,91.3,91.21,89.43,91.05,4943190
2021-08-24,NVDA,100.43,103.31,97.15,100.73,2596733
2021-08-25,NVDA,98.22,102.8,93.06,97.23,9466623
2021-08-26,NVDA,97.2,98.24,94.44,95.14,7125898
2021-08-27,NVDA,91.52,95.01,87.8,90.7,6461624
2021-08-30,NVDA,85.07,91.23,85.16,85.42,1388910
2021-08-31,NVDA,81.95,87.4,78.6,83.41,1966186
2021-09-01,NVDA,83.28,90.17,82.93,83.06,5046728
2021-09-02,NVDA,84.83,86.96,84.21,84.77,2766258
2021-09-03,NVDA,83.57,86.53,83.65,83.9,9849628
2021-09-06,NVDA,88.44,89.14,86.95,88.25,7736061
2021-09-07,NVDA,92.51,92.42,88.7,91.54,4896769
2021-09-08,NVDA,89.95,96.81,90.04,92.91,1648791
2021-09-09,NVDA,92.3,96.72,90.62,92.03,4374350
2021-09-10,NVDA,86.26,90.66,84.21,87.33,12199503
2021-09-13,NVDA,86.45,90.1,86.53,88.0,3240207
2021-09-14,NVDA,89.88,92.42,85.9,89.25,7085516
2021-09-15,NVDA,84.92,84.84,82.06,84.12,12273449
2021-09-16,NVDA,78.72,79.68,77.01,78.25,2394891
2021-09-17,NVDA,72.48,73.71,70.25,73.45,6785199
2021-09-20,NVDA,75.01,75.72,74.48,75.42,6289140
2021-09-21,NVDA,72.68,75.46,70.28,73.32,2848321
2021-09-22,NVDA,68.92,72.08,67.85,69.52,5555709
2021-09-23,NVDA,70.14,71.06,69.67,71.04,7974601
2021-09-24,NVDA,68.46,69.47,68.52,68.67,1964529
2021-09-27,NVDA,76.15,80.16,75.38,76.18,7247637
2021-09-28,NVDA,77.53,80.73,77.6,78.95,2339701
2021-09-29,NVDA,81.8,82.7,80.36,81.9,3056134
2021-09-30,NVDA,80.01,80.14,78.1,79.07,5273195
2021-10-01,NVDA,74.69,78.52,74.29,76.27,3172185
2021-10-04,NVDA,84.51,85.97,82.0,83.33,16499811
2021-10-05,NVDA,79.13,84.54,79.2,80.66,5169088
2021-10-06,NVDA,76.59,78.14,76.39,77.4,1720364
2021-10-07,NVDA,76.31,79.44,76.17,76.41,8891518
2021-10-08,NVDA,77.46,80.47,73.84,78.97,7725862
2021-10-11,NVDA,82.39,83.71,81.31,83.09,1865772
2021-10-12,NVDA,87.88,89.0,84.16,86.02,8398991
2021-10-13,NVDA,84.87,85.69,83.56,83.93,8484999
2021-10-14,NVDA,82.08,83.9,81.09,82.29,1502449
2021-10-15,NVDA,86.11,87.88,84.33,85.88,1071852
2021-10-18,NVDA,83.52,89.67,83.6,83.75,4589066
2021-10-19,NVDA,87.41,91.49,86.22,89.29,16265890
2021-10-20,NVDA,88.55,90.78,87.79,88.63,3588062
2021-10-21,NVDA,87.51,92.92,86.26,89.01,1972715
2021-10-22,NVDA,89.5,90.82,89.59,90.07,4891475
2021-10-25,NVDA,91.07,94.35,88.83,93.25,1015016
2021-10-26,NVDA,89.05,94.4,86.57,91.04,2884560
2021-10-27,NVDA,90.64,93.8,88.35,91.04,3179719
2021-10-28,NVDA,88.33,96.17,85.8,88.42,7855490
2021-10-29,NVDA,90.22,93.69,88.92,89.85,4234635
2021-11-01,NVDA,92.85,99.49,92.24,92.33,4369806
2021-11-02,NVDA,97.24,97.65,92.82,95.66,12301468
2021-11-03,NVDA,96.29,96.19,90.12,95.67,4358830
2021-11-04,NVDA,96.97,103.12,93.31,97.16,6212703
2021-11-05,NVDA,100.16,110.68,100.08,101.87,11468793
2021-11-08,NVDA,104.93,106.06,101.17,103.78,6991358
2021-11-09,NVDA,100.64,102.94,94.75,102.18,5396715
2021-11-10,NVDA,105.37,108.34,101.54,104.95,10914521
2021-11-11,NVDA,109.74,110.42,106.86,107.34,5733803
2021-11-12,NVDA,103.66,106.98,101.26,104.0,10070387
2021-11-15,NVDA,102.56,104.95,102.67,103.68,7533260
2021-11-16,NVDA,101.04,101.01,97.71,100.82,4046774
2021-11-17,NVDA,106.54,112.67,102.73,106.12,4230152
2021-11-18,NVDA,105.21,108.08,103.59,107.97,11871615
2021-11-19,NVDA,109.94,109.83,106.32,109.21,1769830
2021-11-22,NVDA,113.79,119.61,109.94,113.52,1301716
2021-11-23,NVDA,111.65,114.15,107.96,111.29,5648791
2021-11-24,NVDA,112.47,117.48,112.58,113.51,1243139
2021-11-25,NVDA,111.24,111.13,108.04,110.91,7726753
2021-11-26,NVDA,107.73,112.03,107.83,110.08,17751701
2021-11-29,NVDA,104.58,109.33,104.06,104.77,2604228
2021-11-30,NVDA,103.98,106.12,104.09,104.74,1331860
2021-12-01,NVDA,106.04,106.59,100.51,105.12,1666564
2021-12-02,NVDA,102.18,103.27,100.29,100.66,2515026
2021-12-03,NVDA,99.85,104.58,94.76,102.47,4040633
2021-12-06,NVDA,94.21,95.36,94.3,94.93,2283056
2021-12-07,NVDA,95.58,97.0,90.56,94.93,10204399
2021-12-08,NVDA,89.04,93.24,86.42,89.46,5934626
2021-12-09,NVDA,96.71,98.54,95.57,96.6,3246184
2021-12-10,NVDA,91.91,98.75,92.01,92.7,1852086
2021-12-13,NVDA,86.99,92.88,83.13,88.24,1834387
2021-12-14,NVDA,93.34,94.01,90.07,93.58,1135555
2021-12-15,NVDA,96.82,98.16,92.06,97.27,22024072
2021-12-16,NVDA,103.74,104.81,101.31,104.06,1577043
2021-12-17,NVDA,102.84,105.15,101.23,102.44,13353602
2021-12-20,NVDA,105.68,107.7,100.72,104.87,1322721
2021-12-21,NVDA,102.16,106.0,99.89,103.72,4955153
2021-12-22,NVDA,97.79,102.42,97.31,98.07,6805062
2021-12-23,NVDA,106.33,106.75,103.07,103.76,1925872
2021-12-24,NVDA,108.26,109.0,104.6,105.46,5957392
2021-12-27,NVDA,105.21,105.95,103.04,104.64,5196299
2021-12-28,NVDA,104.27,108.1,100.52,103.76,3217475
2021-12-29,NVDA,102.52,104.49,92.17,100.72,3936192
2021-12-30,NVDA,103.9,106.32,99.71,103.85,3503824
2021-12-31,NVDA,100.17,109.62,98.59,100.6,2890256
2022-01-03,NVDA,101.5,109.0,101.6,101.67,3280251
2022-01-04,NVDA,106.2,106.1,104.26,105.45,5237092
2022-01-05,NVDA,116.02,120.52,113.6,116.55,2943018
2022-01-06,NVDA,114.06,119.11,113.8,115.76,1499466
2022-01-07,NVDA,115.47,115.36,109.83,115.05,1379959
2022-01-10,NVDA,119.92,121.85,115.25,118.95,9563152
2022-01-11,NVDA,119.51,121.9,115.62,121.16,3076827
2022-01-12,NVDA,123.08,122.96,120.81,122.35,6843719
2022-01-13,NVDA,120.71,122.65,118.06,121.03,5336365
2022-01-14,NVDA,130.4,131.38,125.18,129.38,23150633
2022-01-17,NVDA,126.17,129.21,122.43,125.17,2963099
2022-01-18,NVDA,124.57,127.57,123.04,123.87,3036918
2022-01-19,NVDA,124.05,132.36,117.43,122.41,3707608
2022-01-20,NVDA,125.44,126.98,115.78,124.87,5123901
2022-01-21,NVDA,123.82,124.9,118.5,122.95,1059313
2022-01-24,NVDA,117.81,118.16,115.84,117.72,1348282
2022-01-25,NVDA,120.89,125.64,120.92,122.38,5280311
2022-01-26,NVDA,118.43,119.93,109.82,119.69,4471270
2022-01-27,NVDA,118.01,119.13,117.5,118.39,5138776
2022-01-28,NVDA,121.7,123.43,117.27,120.25,2847390
2022-01-31,NVDA,125.25,131.81,122.59,126.43,1910368
2022-02-01,NVDA,131.04,131.31,128.14,129.92,7162719
2022-02-02,NVDA,133.16,134.51,133.29,134.44,6901186
2022-02-03,NVDA,137.94,142.12,137.22,137.5,4733473
2022-02-04,NVDA,136.79,154.3,136.89,138.77,2569907
2022-02-07,NVDA,139.09,141.37,138.72,140.05,32413750
2022-02-08,NVDA,139.92,140.84,135.09,139.52,3794978
2022-02-09,NVDA,131.34,136.28,129.08,132.09,9688174
2022-02-10,NVDA,135.5,146.68,132.28,135.26,3273000
2022-02-11,NVDA,135.47,144.42,135.52,137.84,3083290
2022-02-14,NVDA,130.72,138.57,130.85,132.22,6813935
2022-02-15,NVDA,122.77,125.28,122.89,123.46,6617464
2022-02-16,NVDA,127.74,129.56,125.98,127.38,5945186
2022-02-17,NVDA,129.42,132.96,128.37,128.89,11237670
2022-02-18,NVDA,125.18,135.27,123.87,125.89,1709345
2022-02-21,NVDA,119.29,121.63,118.77,120.14,5181130
2022-02-22,NVDA,122.34,128.5,119.79,123.76,28635722
2022-02-23,NVDA,120.86,129.4,118.89,121.24,2571423
2022-02-24,NVDA,121.75,125.31,119.08,120.57,4449398
2022-02-25,NVDA,119.2,120.9,112.33,119.47,5864082
2022-02-28,NVDA,114.36,124.7,112.64,113.39,4887655
2022-03-01,NVDA,113.83,115.12,113.49,113.77,1469985
2022-03-02,NVDA,112.43,119.79,104.75,114.11,4780869
2022-03-03,NVDA,111.17,115.05,110.46,110.57,2750875
2022-03-04,NVDA,109.98,115.47,109.38,112.33,9480947
2022-03-07,NVDA,106.7,109.99,104.61,108.2,5511378
2022-03-08,NVDA,115.01,119.26,111.69,112.88,2632753
2022-03-09,NVDA,113.61,119.68,112.44,113.1,2372772
2022-03-10,NVDA,121.21,121.09,113.28,120.4,14503760
2022-03-11,NVDA,114.36,116.42,109.57,115.36,3442348
2022-03-14,NVDA,111.63,116.48,109.69,111.26,6023799
2022-03-15,NVDA,116.87,121.15,116.73,117.75,2738112
2022-03-16,NVDA,114.98,118.18,113.6,116.27,5096464
2022-03-17,NVDA,119.91,121.79,118.45,118.63,2707934
2022-03-18,NVDA,124.57,126.64,107.82,121.27,2421879
2022-03-21,NVDA,119.1,125.72,113.03,117.64,3468142
2022-03-22,NVDA,112.98,117.48,111.4,114.39,5000293
2022-03-23,NVDA,116.39,116.76,112.7,115.34,6003074
2022-03-24,NVDA,113.49,114.12,111.77,112.58,6854379
2022-03-25,NVDA,110.59,113.28,110.03,110.88,2510684
2022-03-28,NVDA,112.15,116.5,103.83,110.53,11951415
2022-03-29,NVDA,109.37,109.26,106.65,108.1,3689602
2022-03-30,NVDA,113.86,122.73,108.85,114.82,3386754
2022-03-31,NVDA,115.14,115.02,113.55,114.69,4529085
2022-04-01,NVDA,111.73,116.14,108.81,113.58,5499448
2022-04-04,NVDA,120.05,119.93,115.86,119.17,5897322
2022-04-05,NVDA,114.77,117.35,111.01,115.67,6190213
2022-04-06,NVDA,119.22,124.05,118.11,118.4,1715033
2022-04-07,NVDA,114.06,117.14,110.59,113.76,4040386
2022-04-08,NVDA,115.3,118.91,115.42,115.99,3035831
2022-04-11,NVDA,120.58,122.52,113.66,118.5,6191230
2022-04-12,NVDA,119.78,124.68,119.86,123.51,3384102
2022-04-13,NVDA,124.17,126.59,121.47,123.63,7553718
2022-04-14,NVDA,123.74,126.35,123.87,124.87,3905228
2022-04-15,NVDA,130.33,134.67,130.2,131.71,3358651
2022-04-18,NVDA,120.85,135.21,119.89,126.52,10007384
2022-04-19,NVDA,124.54,126.15,120.78,125.58,5869767
2022-04-20,NVDA,123.7,125.4,120.87,122.29,5187912
2022-04-21,NVDA,126.13,126.36,124.48,124.74,2062804
2022-04-22,NVDA,127.81,134.37,122.82,128.29,7098666
2022-04-25,NVDA,122.92,124.3,116.97,122.26,14797799
2022-04-26,NVDA,120.13,126.15,118.77,119.4,5423197
2022-04-27,NVDA,123.96,123.83,121.72,122.33,8428648
2022-04-28,NVDA,125.53,126.24,120.51,124.54,3571363
2022-04-29,NVDA,124.74,131.42,123.49,125.83,1996758
2022-05-02,NVDA,126.19,127.45,122.1,126.73,7416145
2022-05-03,NVDA,123.61,127.13,118.71,124.77,42253722
2022-05-04,NVDA,119.85,121.83,117.92,121.16,5026030
2022-05-05,NVDA,116.34,118.75,114.32,116.63,4171160
2022-05-06,NVDA,116.43,119.05,116.55,116.67,4307298
2022-05-09,NVDA,114.9,115.86,106.82,112.22,21275868
2022-05-10,NVDA,112.2,112.36,109.85,111.3,7170971
2022-05-11,NVDA,113.1,117.19,108.04,112.79,1079535
2022-05-12,NVDA,118.81,119.85,115.74,117.4,4575552
2022-05-13,NVDA,120.14,120.02,119.2,119.57,8566917
2022-05-16,NVDA,118.5,125.73,117.48,118.81,10707189
2022-05-17,NVDA,121.35,124.33,118.32,122.47,15290053
2022-05-18,NVDA,125.39,128.83,123.41,125.09,3545137
2022-05-19,NVDA,118.82,122.91,115.87,118.61,6733705
2022-05-20,NVDA,124.89,129.5,123.95,125.78,10139495
2022-05-23,NVDA,123.23,123.11,120.0,123.04,7616179
2022-05-24,NVDA,124.96,126.78,120.66,123.17,6369631
2022-05-25,NVDA,126.38,132.83,125.66,128.24,3696077
2022-05-26,NVDA,126.65,132.14,125.12,127.44,3511217
2022-05-27,NVDA,125.09,129.32,123.8,126.35,1321121
2022-05-30,NVDA,133.51,133.38,130.22,133.37,3562102
2022-05-31,NVDA,143.77,149.21,143.91,144.06,3501979
2022-06-01,NVDA,147.86,149.42,140.97,143.89,4534191
2022-06-02,NVDA,146.74,148.83,145.69,146.73,2790858
2022-06-03,NVDA,148.95,150.33,144.02,148.75,3299389
2022-06-06,NVDA,142.4,147.03,138.02,141.54,4720261
2022-06-07,NVDA,154.59,156.96,141.18,151.76,2259012
2022-06-08,NVDA,140.45,140.59,127.84,139.88,4794447
2022-06-09,NVDA,132.23,132.1,128.55,130.95,4277060
2022-06-10,NVDA,133.98,133.93,132.33,132.69,4652556
2022-06-13,NVDA,131.67,142.92,129.64,131.98,1810945
2022-06-14,NVDA,135.74,147.9,134.88,137.64,6292001
2022-06-15,NVDA,133.4,142.12,129.34,135.99,3726624
2022-06-16,NVDA,132.83,132.7,128.13,131.51,1645357
2022-06-17,NVDA,137.89,144.53,133.06,138.27,3253516
2022-06-20,NVDA,138.08,139.67,127.25,137.79,3056659
2022-06-21,NVDA,135.29,138.16,134.03,136.05,5204220
2022-06-22,NVDA,130.97,133.45,128.64,132.24,16858988
2022-06-23,NVDA,131.15,138.11,122.19,130.77,18681030
2022-06-24,NVDA,134.59,134.89,131.53,133.62,18336720
2022-06-27,NVDA,138.29,147.49,133.03,141.82,15533535
2022-06-28,NVDA,138.38,147.92,138.46,139.37,694125
2022-06-29,NVDA,141.08,147.87,137.93,139.96,5946072
2022-06-30,NVDA,146.45,150.47,140.31,147.21,9876961
2022-07-01,NVDA,146.86,155.44,145.54,149.25,3823067
2022-07-04,NVDA,147.32,147.18,140.96,146.56,7164199
2022-07-05,NVDA,139.93,145.37,136.0,142.68,4343443
2022-07-06,NVDA,142.67,146.61,138.28,142.77,2384718
2022-07-07,NVDA,136.94,142.88,135.73,141.67,5591068
2022-07-08,NVDA,134.19,138.38,129.47,135.72,2756373
2022-07-11,NVDA,135.48,135.35,132.31,134.33,5162064
2022-07-12,NVDA,130.86,135.66,121.17,130.86,6365146
2022-07-13,NVDA,130.64,132.93,126.4,131.13,1583550
2022-07-14,NVDA,135.51,136.06,130.32,135.49,21256701
2022-07-15,NVDA,134.18,138.45,128.94,130.74,3031985
2022-07-18,NVDA,131.48,134.76,126.22,132.43,9950877
2022-07-19,NVDA,129.24,135.2,118.46,129.85,8958490
2022-07-20,NVDA,135.62,139.95,135.75,137.16,6558376
2022-07-21,NVDA,137.84,139.74,124.3,137.51,9356189
2022-07-22,NVDA,138.52,138.38,136.54,136.76,2247123
2022-07-25,NVDA,137.31,142.49,133.13,136.15,1049847
2022-07-26,NVDA,131.8,132.01,126.67,130.84,2954222
2022-07-27,NVDA,133.57,133.44,131.7,133.34,8239937
2022-07-28,NVDA,125.58,125.45,123.22,125.43,9736147
2022-07-29,NVDA,126.55,128.1,123.61,126.16,5859798
2022-08-01,NVDA,121.28,128.65,116.81,122.45,3900695
2022-08-02,NVDA,126.44,128.43,124.07,126.0,4162321
2022-08-03,NVDA,125.04,130.82,121.83,126.62,6165753
2022-08-04,NVDA,130.74,135.07,126.99,129.92,2607509
2022-08-05,NVDA,124.76,126.27,116.58,122.9,4227687
2022-08-08,NVDA,129.67,130.9,125.4,127.71,7540066
2022-08-09,NVDA,129.75,135.58,129.65,131.62,13812286
2022-08-10,NVDA,126.37,128.8,125.72,128.05,7811760
2022-08-11,NVDA,127.96,128.54,127.51,128.28,2193657
2022-08-12,NVDA,124.21,124.97,123.27,124.71,17523218
2022-08-15,NVDA,133.52,133.39,130.22,132.37,5573182
2022-08-16,NVDA,135.9,138.4,131.7,135.08,6197125
2022-08-17,NVDA,135.85,140.35,134.01,134.1,2856774
2022-08-18,NVDA,135.29,136.08,126.79,134.76,898055
2022-08-19,NVDA,127.68,133.1,126.55,128.9,11142999
2022-08-22,NVDA,133.88,138.37,127.26,133.4,4838079
2022-08-23,NVDA,133.33,145.2,130.6,134.81,5588893
2022-08-24,NVDA,134.53,134.4,130.51,132.39,1899987
2022-08-25,NVDA,139.32,147.84,133.94,139.3,2394838
2022-08-26,NVDA,129.73,135.06,128.51,131.23,6774720
2022-08-29,NVDA,131.63,133.13,124.1,129.76,2791465
2022-08-30,NVDA,131.63,131.5,124.32,130.83,5306198
2022-08-31,NVDA,129.28,134.28,129.41,132.04,12645531
2022-09-01,NVDA,138.29,140.01,135.29,135.3,7184851
2022-09-02,NVDA,135.21,142.47,135.35,137.33,6694230
2022-09-05,NVDA,140.75,141.52,135.63,139.79,1146285
2022-09-06,NVDA,140.07,141.31,134.88,139.23,4425949
2022-09-07,NVDA,131.9,133.5,129.97,131.41,4955361
2022-09-08,NVDA,132.23,132.09,128.39,131.3,7384715
2022-09-09,NVDA,126.2,128.96,124.42,126.8,14164655
2022-09-12,NVDA,122.8,127.89,118.34,121.38,33472313
2022-09-13,NVDA,121.85,125.46,119.48,123.54,8210942
2022-09-14,NVDA,116.92,117.68,111.84,115.98,10218673
2022-09-15,NVDA,112.1,116.69,111.69,111.89,3121151
2022-09-16,NVDA,113.13,119.54,109.91,115.3,5364835
2022-09-19,NVDA,115.89,118.28,115.9,116.44,7087553
2022-09-20,NVDA,117.35,117.34,114.24,117.29,3672443
2022-09-21,NVDA,115.44,125.21,109.72,116.69,2299169
2022-09-22,NVDA,119.65,123.1,119.77,119.98,3188750
2022-09-23,NVDA,126.48,128.67,126.57,127.0,3875971
2022-09-26,NVDA,125.07,129.58,124.78,125.19,3903994
2022-09-27,NVDA,129.32,136.31,129.45,130.24,5140843
2022-09-28,NVDA,121.13,122.71,116.37,121.53,3788186
2022-09-29,NVDA,126.05,127.88,123.02,125.45,4819665
2022-09-30,NVDA,131.6,132.38,128.07,129.9,19317781
2022-10-03,NVDA,129.66,134.4,126.21,128.07,10844862
2022-10-04,NVDA,122.04,124.26,122.17,123.01,1763956
2022-10-05,NVDA,120.71,130.84,120.83,122.81,4711076
2022-10-06,NVDA,125.75,132.61,115.16,125.06,1655691
2022-10-07,NVDA,123.98,132.7,119.17,124.44,6434038
2022-10-10,NVDA,119.91,124.11,117.43,120.79,17829811
2022-10-11,NVDA,122.92,126.9,119.23,122.4,7620453
2022-10-12,NVDA,125.41,125.29,122.57,123.57,7954239
2022-10-13,NVDA,121.11,126.77,119.8,121.79,11901965
2022-10-14,NVDA,121.57,123.81,116.83,121.28,23027159
2022-10-17,NVDA,128.44,135.24,124.99,126.78,2394533
2022-10-18,NVDA,125.37,125.43,122.55,124.06,3766235
2022-10-19,NVDA,124.63,128.44,124.75,125.33,3829662
2022-10-20,NVDA,117.48,118.56,117.25,117.97,17875374
2022-10-21,NVDA,121.55,124.1,121.67,123.99,40915989
2022-10-24,NVDA,116.29,124.62,115.81,119.18,3917658
2022-10-25,NVDA,114.55,115.2,112.84,114.05,2351645
2022-10-26,NVDA,116.98,120.58,115.4,116.62,5821839
2022-10-27,NVDA,120.14,122.03,116.44,121.28,7800367
2022-10-28,NVDA,123.21,123.09,122.73,122.88,1187395
2022-10-31,NVDA,129.0,128.87,124.41,125.18,3656932
2022-11-01,NVDA,130.77,131.29,122.55,127.73,2294211
2022-11-02,NVDA,119.84,123.89,115.66,120.66,9768408
2022-11-03,NVDA,119.9,121.52,116.23,120.55,845194
2022-11-04,NVDA,114.42,115.86,114.12,115.19,32343898
2022-11-07,NVDA,111.76,112.07,106.34,111.65,3021679
2022-11-08,NVDA,113.01,116.75,112.58,114.13,12401891
2022-11-09,NVDA,113.15,117.47,108.17,113.46,12953288
2022-11-10,NVDA,109.16,109.05,106.77,108.26,5670883
2022-11-11,NVDA,103.87,106.44,103.61,105.12,12357283
2022-11-14,NVDA,106.05,108.52,104.44,104.62,25578200
2022-11-15,NVDA,102.46,104.41,99.08,101.39,1154557
2022-11-16,NVDA,95.0,94.91,93.86,94.51,4539353
2022-11-17,NVDA,95.73,105.8,92.82,95.28,26002183
2022-11-18,NVDA,92.61,93.39,90.38,92.14,3829111
2022-11-21,NVDA,105.24,107.16,102.07,103.6,3437139
2022-11-22,NVDA,110.7,110.67,102.85,110.64,23480868
2022-11-23,NVDA,106.52,106.41,102.23,106.26,21092397
2022-11-24,NVDA,106.31,107.1,106.29,106.65,9588324
2022-11-25,NVDA,104.6,104.5,100.82,103.84,4192377
2022-11-28,NVDA,101.32,103.55,101.42,102.69,8847546
2022-11-29,NVDA,102.61,104.64,99.75,103.96,2328616
2022-11-30,NVDA,99.58,104.22,98.56,101.23,6463711
2022-12-01,NVDA,98.26,99.38,97.02,97.67,7015356
2022-12-02,NVDA,95.84,97.48,95.94,96.88,24046722
2022-12-05,NVDA,93.03,94.69,91.4,92.89,1300994
2022-12-06,NVDA,93.87,96.72,93.97,94.16,1034595
2022-12-07,NVDA,91.12,95.99,87.85,91.81,9896151
2022-12-08,NVDA,101.64,102.44,99.48,100.5,4023172
2022-12-09,NVDA,107.63,107.53,103.11,107.28,6913323
2022-12-12,NVDA,105.18,108.47,103.56,104.96,2654575
2022-12-13,NVDA,111.03,112.68,107.3,111.38,19917920
2022-12-14,NVDA,109.59,113.06,106.35,109.48,6320389
2022-12-15,NVDA,113.38,120.4,111.18,113.04,7361225
2022-12-16,NVDA,108.89,117.34,108.79,113.44,6267936
2022-12-19,NVDA,108.69,111.74,105.21,108.92,5465017
2022-12-20,NVDA,108.74,115.28,108.85,110.44,5304664
2022-12-21,NVDA,106.23,108.65,104.84,106.79,12759186
2022-12-22,NVDA,103.13,106.55,95.5,104.69,10907901
2022-12-23,NVDA,99.14,104.36,96.1,98.94,17871209
2022-12-26,NVDA,98.93,101.66,98.27,99.88,7863134
2022-12-27,NVDA,105.51,111.52,102.78,106.44,13465246
2022-12-28,NVDA,109.22,113.73,99.49,108.25,4357942
2022-12-29,NVDA,105.34,111.99,104.32,105.68,859471
2022-12-30,NVDA,106.44,106.34,101.4,104.96,3879301
2023-01-02,NVDA,104.36,104.26,103.77,104.2,3969968
2023-01-03,NVDA,108.65,108.74,103.97,108.64,15178397
2023-01-04,NVDA,105.15,108.9,105.25,105.27,907048
2023-01-05,NVDA,107.77,108.61,107.88,108.15,7809235
2023-01-06,NVDA,99.46,104.15,98.08,100.27,2118755
2023-01-09,NVDA,100.63,102.13,100.71,101.54,3022291
2023-01-10,NVDA,106.66,110.51,106.65,107.69,4864638
2023-01-11,NVDA,107.59,108.42,103.43,105.77,10399318
2023-01-12,NVDA,101.4,108.46,99.27,101.01,3537852
2023-01-13,NVDA,105.28,108.68,101.65,104.63,5026071
2023-01-16,NVDA,106.18,106.79,103.47,104.59,4377830
2023-01-17,NVDA,103.59,103.95,98.58,103.57,9034572
2023-01-18,NVDA,103.78,107.99,100.0,105.4,1038681
2023-01-19,NVDA,100.35,101.45,99.18,100.47,3299804
2023-01-20,NVDA,103.45,107.66,98.82,102.56,4895892
2023-01-23,NVDA,106.46,106.46,103.34,105.66,10110200
2023-01-24,NVDA,111.07,112.74,108.75,109.5,2739276
2023-01-25,NVDA,107.67,114.48,107.72,107.92,15023307
2023-01-26,NVDA,105.53,109.56,103.26,104.82,1397892
2023-01-27,NVDA,103.78,103.68,101.87,103.6,950240
2023-01-30,NVDA,106.77,114.92,99.98,107.06,14385785
2023-01-31,NVDA,102.31,106.91,102.23,102.96,18532767
2023-02-01,NVDA,102.23,106.49,101.18,104.16,3903397
2023-02-02,NVDA,101.46,101.86,95.54,98.92,17751238
2023-02-03,NVDA,96.41,103.51,89.23,95.74,4001227
2023-02-06,NVDA,100.14,101.66,97.48,97.99,2522020
2023-02-07,NVDA,94.95,94.85,93.3,94.13,8602435
2023-02-08,NVDA,100.81,103.69,96.64,98.17,5947525
2023-02-09,NVDA,100.18,104.01,95.56,101.2,4441422
2023-02-10,NVDA,97.33,100.27,97.43,97.88,19218500
2023-02-13,NVDA,102.88,109.29,100.27,101.48,11483912
2023-02-14,NVDA,96.71,99.96,92.97,94.66,1326422
2023-02-15,NVDA,94.33,95.97,91.18,94.59,34735515
2023-02-16,NVDA,92.12,94.98,90.36,92.88,4024531
2023-02-17,NVDA,93.75,101.61,93.84,94.12,62188441
2023-02-20,NVDA,93.6,98.41,93.16,93.37,8404673
2023-02-21,NVDA,95.46,102.4,93.75,94.04,1551675
2023-02-22,NVDA,97.91,98.36,95.82,97.95,11341268
2023-02-23,NVDA,98.34,102.27,98.44,98.71,2966267
2023-02-24,NVDA,99.57,99.53,97.43,98.05,3922946
2023-02-27,NVDA,111.6,111.49,110.38,111.42,6203127
2023-02-28,NVDA,114.98,119.16,114.41,115.64,9587865
2023-03-01,NVDA,115.09,119.95,115.21,115.28,6211410
2023-03-02,NVDA,113.88,119.12,112.45,113.6,3518920
2023-03-03,NVDA,108.88,117.96,108.0,109.27,2198991
2023-03-06,NVDA,105.79,109.79,105.02,105.7,4745705
2023-03-07,NVDA,103.83,106.89,101.8,104.15,5265695
2023-03-08,NVDA,103.26,108.44,100.03,103.9,8165725
2023-03-09,NVDA,103.0,107.03,100.65,103.52,2545048
2023-03-10,NVDA,101.9,101.8,94.14,101.12,25823686
2023-03-13,NVDA,97.91,99.34,96.94,98.44,4155731
2023-03-14,NVDA,98.6,99.07,92.05,98.14,15781843
2023-03-15,NVDA,98.79,106.11,98.55,99.22,4380901
2023-03-16,NVDA,101.35,103.0,101.45,102.19,1687599
2023-03-17,NVDA,102.26,107.86,95.73,102.88,1354348
2023-03-20,NVDA,98.51,100.19,98.61,99.47,7276123
2023-03-21,NVDA,105.2,105.1,103.74,105.09,6489554
2023-03-22,NVDA,104.21,104.8,97.06,102.65,5934948
2023-03-23,NVDA,104.04,104.98,99.76,103.86,5026329
2023-03-24,NVDA,100.12,104.72,95.9,99.9,3113251
2023-03-27,NVDA,100.11,100.01,98.33,98.84,16997039
2023-03-28,NVDA,91.84,95.89,86.8,90.77,1852472
2023-03-29,NVDA,91.14,91.63,87.23,88.56,14832543
2023-03-30,NVDA,95.25,97.93,94.95,95.96,5631473
2023-03-31,NVDA,96.92,100.78,96.69,96.72,9412680
2023-04-03,NVDA,101.37,103.86,98.16,101.87,1275126
2023-04-04,NVDA,96.71,101.57,95.32,97.94,3809928
2023-04-05,NVDA,106.5,106.85,105.78,105.88,9132653
2023-04-06,NVDA,109.78,113.92,106.24,108.37,5053020
2023-04-07,NVDA,110.77,114.92,110.58,113.4,1357187
2023-04-10,NVDA,109.21,113.11,106.7,110.27,6470587
2023-04-11,NVDA,111.73,111.74,102.55,110.61,12368945
2023-04-12,NVDA,107.24,107.51,107.35,107.47,4554779
2023-04-13,NVDA,102.54,102.51,96.16,102.45,8926470
2023-04-14,NVDA,107.29,111.75,105.23,109.14,2536637
2023-04-17,NVDA,119.18,119.06,112.23,118.01,11884022
2023-04-18,NVDA,121.96,126.91,116.55,122.95,3262163
2023-04-19,NVDA,120.49,120.37,118.02,118.99,6767567
2023-04-20,NVDA,120.51,124.29,113.61,121.83,2862300
2023-04-21,NVDA,116.18,116.74,113.56,114.64,1871611
2023-04-24,NVDA,110.92,119.33,106.89,111.84,5958645
2023-04-25,NVDA,100.91,103.04,98.67,100.3,13141808
2023-04-26,NVDA,106.36,109.39,103.87,104.62,3940554
2023-04-27,NVDA,99.14,100.76,99.24,99.84,3285558
2023-04-28,NVDA,94.92,98.66,93.39,97.06,10429236
2023-05-01,NVDA,91.42,92.62,91.51,92.55,2643983
2023-05-02,NVDA,92.67,95.34,86.16,91.55,4076000
2023-05-03,NVDA,89.09,94.89,85.6,88.8,1546814
2023-05-04,NVDA,90.54,93.7,86.83,90.2,5212305
2023-05-05,NVDA,92.36,95.07,89.07,89.7,5668628
2023-05-08,NVDA,89.62,95.27,86.04,90.51,4065196
2023-05-09,NVDA,88.63,89.91,86.16,88.34,1611355
2023-05-10,NVDA,93.87,93.78,92.83,93.68,3186831
2023-05-11,NVDA,95.4,95.3,93.19,94.13,5173592
2023-05-12,NVDA,91.33,93.18,89.76,92.46,12397601
2023-05-15,NVDA,97.12,99.26,91.98,95.24,13827081
2023-05-16,NVDA,93.58,95.25,89.68,93.71,4960391
2023-05-17,NVDA,88.11,90.97,88.2,89.09,14920509
2023-05-18,NVDA,89.18,90.96,89.05,90.86,3723513
2023-05-19,NVDA,92.51,93.99,86.16,91.38,880667
2023-05-22,NVDA,94.54,95.68,92.42,95.6,4254854
2023-05-23,NVDA,95.65,99.39,91.72,94.15,14311608
2023-05-24,NVDA,93.65,94.24,87.18,92.52,4382703
2023-05-25,NVDA,91.91,95.61,88.33,91.03,2611853
2023-05-26,NVDA,88.31,90.98,87.01,88.29,7035482
2023-05-29,NVDA,94.44,97.52,90.76,93.6,1687372
2023-05-30,NVDA,92.12,93.45,92.21,93.36,6401418
2023-05-31,NVDA,90.67,94.27,90.7,93.31,15298063
2023-06-01,NVDA,93.81,93.72,91.99,93.12,4074713
2023-06-02,NVDA,96.16,96.92,88.55,94.29,2388960
2023-06-05,NVDA,101.67,107.52,100.12,102.32,1924683
2023-06-06,NVDA,107.01,106.91,102.59,105.7,2806539
2023-06-07,NVDA,109.22,119.24,107.79,108.77,25935527
2023-06-08,NVDA,107.63,110.52,106.76,108.9,2147445
2023-06-09,NVDA,108.53,112.46,107.48,108.1,11273548
2023-06-12,NVDA,106.58,111.57,102.5,104.66,1258035
2023-06-13,NVDA,102.88,103.93,102.55,102.6,3853760
2023-06-14,NVDA,96.31,99.83,96.4,97.12,5055717
2023-06-15,NVDA,99.95,101.0,97.65,98.79,577760
2023-06-16,NVDA,95.26,96.55,95.35,95.51,8763386
2023-06-19,NVDA,98.69,101.7,98.37,99.48,2158069
2023-06-20,NVDA,100.6,103.48,97.81,101.04,3117849
2023-06-21,NVDA,100.36,104.79,98.7,100.0,4690717
2023-06-22,NVDA,99.14,103.38,96.96,98.63,2360332
2023-06-23,NVDA,98.43,104.41,98.53,99.0,5658277
2023-06-26,NVDA,97.51,100.36,91.52,100.24,9551253
2023-06-27,NVDA,94.67,103.91,93.4,96.76,8022325
2023-06-28,NVDA,93.87,96.02,92.48,94.87,4678256
2023-06-29,NVDA,98.55,102.38,97.22,98.99,2567617
2023-06-30,NVDA,102.06,105.06,102.16,102.39,2773361
2023-07-03,NVDA,96.2,99.28,89.37,98.47,6292589
2023-07-04,NVDA,102.46,104.38,98.38,101.65,4214974
2023-07-05,NVDA,103.96,103.86,96.9,102.39,9678898
2023-07-06,NVDA,107.46,109.85,105.31,107.9,3026054
2023-07-07,NVDA,111.45,112.05,104.95,110.44,5583687
2023-07-10,NVDA,115.12,115.35,108.33,112.79,2028817
2023-07-11,NVDA,121.25,124.97,117.86,121.02,2802649
2023-07-12,NVDA,114.63,114.51,112.21,114.36,8194036
2023-07-13,NVDA,121.33,122.56,118.72,119.74,4015255
2023-07-14,NVDA,119.16,119.85,111.6,119.63,546652
2023-07-17,NVDA,127.15,130.91,125.54,128.62,11588354
2023-07-18,NVDA,130.46,133.05,124.93,130.68,2240578
2023-07-19,NVDA,135.62,136.59,131.19,134.58,1762153
2023-07-20,NVDA,127.41,127.29,125.77,126.54,3604263
2023-07-21,NVDA,124.19,125.42,124.01,124.05,4607200
2023-07-24,NVDA,126.36,127.99,120.64,123.77,1986922
2023-07-25,NVDA,119.57,124.16,118.51,121.7,8114081
2023-07-26,NVDA,117.31,121.87,115.0,118.06,8178767
2023-07-27,NVDA,115.28,121.8,108.85,115.19,22926423
2023-07-28,NVDA,115.35,115.73,112.67,114.91,2706073
2023-07-31,NVDA,112.69,116.36,109.75,112.77,15184240
2023-08-01,NVDA,110.43,110.31,109.83,109.85,4311320
2023-08-02,NVDA,114.89,120.84,114.7,117.14,6420883
2023-08-03,NVDA,120.99,124.82,118.21,120.69,11808474
2023-08-04,NVDA,124.24,128.94,121.62,124.34,2695106
2023-08-07,NVDA,128.03,133.57,128.16,129.3,1311025
2023-08-08,NVDA,127.54,131.88,126.04,127.26,6547400
2023-08-09,NVDA,128.41,128.28,127.73,128.11,1618620
2023-08-10,NVDA,131.72,131.59,127.23,130.47,5184189
2023-08-11,NVDA,125.17,132.89,125.22,127.61,8393584
2023-08-14,NVDA,128.73,133.04,121.45,129.85,4419350
2023-08-15,NVDA,134.84,135.73,129.98,135.3,3911883
2023-08-16,NVDA,134.87,136.05,118.22,135.31,9524354
2023-08-17,NVDA,125.99,130.49,121.83,125.51,1484000
2023-08-18,NVDA,116.31,116.96,115.57,116.39,6511940
2023-08-21,NVDA,109.16,112.35,103.19,110.77,1882201
2023-08-22,NVDA,108.03,110.97,103.94,107.45,12484518
2023-08-23,NVDA,101.78,103.8,101.88,103.5,32085917
2023-08-24,NVDA,102.82,105.75,100.7,103.73,1884411
2023-08-25,NVDA,104.97,106.15,100.53,103.58,7880486
2023-08-28,NVDA,107.22,109.0,103.79,107.14,10435977
2023-08-29,NVDA,105.43,110.96,101.92,107.57,8456769
2023-08-30,NVDA,102.09,101.98,99.72,101.4,6257461
2023-08-31,NVDA,97.98,100.39,97.91,100.09,3178498
2023-09-01,NVDA,98.88,99.66,97.13,98.26,6921171
2023-09-04,NVDA,99.15,99.05,96.02,98.56,3440831
2023-09-05,NVDA,97.84,102.15,94.43,97.96,8165945
2023-09-06,NVDA,98.13,98.9,95.98,96.66,4164757
2023-09-07,NVDA,94.63,100.75,93.03,94.63,15761430
2023-09-08,NVDA,87.95,89.03,85.85,89.02,21096134
2023-09-11,NVDA,87.71,91.69,87.37,88.69,4788699
2023-09-12,NVDA,86.73,89.63,84.7,87.02,1457045
2023-09-13,NVDA,91.67,95.4,88.37,91.63,5484950
2023-09-14,NVDA,94.48,95.02,88.86,93.01,7089977
2023-09-15,NVDA,88.74,89.13,84.35,88.76,4750996
2023-09-18,NVDA,87.49,89.94,83.49,87.58,956383
2023-09-19,NVDA,82.99,86.82,83.07,84.63,10567983
2023-09-20,NVDA,82.76,84.3,81.1,82.97,12413810
2023-09-21,NVDA,82.33,86.06,81.76,82.6,14609592
2023-09-22,NVDA,81.71,84.38,78.05,80.94,3551273
2023-09-25,NVDA,81.36,84.01,80.82,81.22,8369980
2023-09-26,NVDA,84.93,85.13,84.44,85.06,11681893
2023-09-27,NVDA,84.3,84.27,83.22,84.17,1181323
2023-09-28,NVDA,82.97,84.32,83.06,83.92,5429128
2023-09-29,NVDA,85.43,86.04,83.07,83.67,7188942
2023-10-02,NVDA,83.74,88.49,81.93,85.16,2866681
2023-10-03,NVDA,87.79,88.95,84.97,85.15,5248986
2023-10-04,NVDA,86.87,90.08,83.89,87.68,5679194
2023-10-05,NVDA,92.31,92.22,92.11,92.2,5753627
2023-10-06,NVDA,91.49,93.25,89.89,92.62,4591697
2023-10-09,NVDA,95.32,97.9,89.43,92.78,5343235
2023-10-10,NVDA,91.94,98.64,91.44,92.57,4338397
2023-10-11,NVDA,97.06,101.91,93.93,97.48,5026860
2023-10-12,NVDA,100.86,102.47,95.08,100.01,9465111
2023-10-13,NVDA,96.88,98.06,94.73,96.87,6785151
2023-10-16,NVDA,92.0,94.24,92.09,92.51,4090788
2023-10-17,NVDA,95.29,99.02,94.18,95.38,23041877
2023-10-18,NVDA,102.12,103.74,99.38,102.47,11646468
2023-10-19,NVDA,102.3,107.96,100.08,104.96,3152915
2023-10-20,NVDA,105.76,110.62,105.87,106.97,1974698
2023-10-23,NVDA,114.43,119.13,105.36,113.42,3887286
2023-10-24,NVDA,113.51,113.96,112.07,112.21,2747266
2023-10-25,NVDA,106.98,108.64,103.12,108.49,1421901
2023-10-26,NVDA,110.89,113.73,109.54,109.82,4010388
2023-10-27,NVDA,113.44,117.15,109.17,113.53,9323162
2023-10-30,NVDA,116.72,124.51,115.16,117.45,2347528
2023-10-31,NVDA,130.1,138.31,127.7,130.39,4209047
2023-11-01,NVDA,143.38,143.94,130.77,139.7,2182401
2023-11-02,NVDA,139.12,154.33,138.02,143.09,5464051
2023-11-03,NVDA,134.32,144.93,131.15,137.58,2010845
2023-11-06,NVDA,142.64,142.49,138.1,140.78,8915072
2023-11-07,NVDA,140.37,145.72,128.94,137.96,3242144
2023-11-08,NVDA,141.27,144.9,141.41,142.55,8969373
2023-11-09,NVDA,145.94,154.24,143.78,147.2,15721788
2023-11-10,NVDA,145.57,158.62,144.61,146.79,3547939
2023-11-13,NVDA,139.93,149.37,137.34,141.83,4762757
2023-11-14,NVDA,137.4,141.41,136.46,136.83,9116374
2023-11-15,NVDA,135.56,135.43,126.73,134.99,10919391
2023-11-16,NVDA,122.78,124.18,122.62,123.43,4008448
2023-11-17,NVDA,120.26,121.74,118.88,120.98,4313696
2023-11-20,NVDA,118.13,120.15,111.79,118.23,22773683
2023-11-21,NVDA,122.59,128.13,117.37,123.85,3864364
2023-11-22,NVDA,117.83,121.42,115.67,117.34,2619036
2023-11-23,NVDA,124.02,124.86,120.48,123.84,3582585
2023-11-24,NVDA,127.57,132.66,125.14,127.98,4458639
2023-11-27,NVDA,128.01,127.88,124.37,125.81,44941970
2023-11-28,NVDA,120.49,131.57,120.47,122.69,3859688
2023-11-29,NVDA,125.17,125.05,119.84,124.26,6611601
2023-11-30,NVDA,128.47,136.24,118.95,129.16,7399238
2023-12-01,NVDA,124.32,127.29,123.45,124.98,9528749
2023-12-04,NVDA,129.07,133.76,118.65,126.88,8586022
2023-12-05,NVDA,132.0,132.3,128.09,130.5,2750629
2023-12-06,NVDA,132.24,132.11,127.55,130.22,3459211
2023-12-07,NVDA,127.58,130.58,127.71,128.8,2097024
2023-12-08,NVDA,134.3,137.14,127.49,131.51,2751599
2023-12-11,NVDA,123.6,125.52,115.91,123.19,2529928
2023-12-12,NVDA,122.7,126.28,118.2,122.41,2735978
2023-12-13,NVDA,133.06,136.02,131.34,133.34,3216952
2023-12-14,NVDA,139.76,142.99,134.96,136.99,3195675
2023-12-15,NVDA,130.26,145.38,126.03,133.61,3119953
2023-12-18,NVDA,131.79,141.33,122.22,133.02,5488001
2023-12-19,NVDA,132.51,142.1,132.04,134.9,8818458
2023-12-20,NVDA,138.34,143.64,135.52,136.81,2762362
2023-12-21,NVDA,138.01,146.88,138.15,138.53,2284416
2023-12-22,NVDA,142.39,147.98,135.11,141.77,5865087
2023-12-25,NVDA,141.31,141.93,137.77,140.79,5804060
2023-12-26,NVDA,144.07,144.64,139.84,143.15,435637
2023-12-27,NVDA,150.22,155.12,146.52,148.93,20053445
2023-12-28,NVDA,151.8,156.94,151.65,152.06,3996476
2023-12-29,NVDA,148.39,153.13,140.74,147.34,8685625
2024-01-01,NVDA,147.19,155.0,147.34,147.96,5509317
2024-01-02,NVDA,146.7,151.72,143.83,147.16,1340607
2024-01-03,NVDA,147.34,156.94,145.1,147.99,17093858
2024-01-04,NVDA,144.23,152.96,136.45,144.43,5005321
2024-01-05,NVDA,150.52,150.71,145.6,148.96,1897451
2024-01-08,NVDA,144.98,144.83,132.38,143.39,4357767
2024-01-09,NVDA,151.72,154.21,148.52,150.95,4163383
2024-01-10,NVDA,143.13,156.47,141.59,147.68,620647
2024-01-11,NVDA,142.52,144.94,135.54,140.06,16770823
2024-01-12,NVDA,137.53,138.13,133.3,137.18,4091501
2024-01-15,NVDA,134.68,134.54,131.67,133.43,973758
2024-01-16,NVDA,139.68,148.41,131.65,140.25,7503105
2024-01-17,NVDA,137.9,138.62,136.35,137.44,3045384
2024-01-18,NVDA,142.66,145.87,140.95,143.64,6477960
2024-01-19,NVDA,142.68,146.06,139.07,143.16,1532826
2024-01-22,NVDA,137.63,140.84,128.21,136.32,9455499
2024-01-23,NVDA,132.21,132.61,127.56,130.92,2006198
2024-01-24,NVDA,130.75,131.73,125.33,131.67,4876397
2024-01-25,NVDA,136.5,140.49,131.76,135.53,10018419
2024-01-26,NVDA,138.49,138.35,134.25,138.08,2753915
2024-01-29,NVDA,136.27,139.93,136.41,137.03,6162455
2024-01-30,NVDA,130.57,134.24,128.04,131.35,3397569
2024-01-31,NVDA,139.66,140.75,135.72,136.27,4956702
2024-02-01,NVDA,139.32,143.05,136.6,139.46,12577758
2024-02-02,NVDA,138.11,151.59,136.12,141.51,643013
2024-02-05,NVDA,142.61,145.26,137.15,140.71,2590273
2024-02-06,NVDA,137.69,138.9,134.65,138.27,5717444
2024-02-07,NVDA,140.18,141.95,140.32,141.12,5079776
2024-02-08,NVDA,141.13,148.38,140.24,145.44,5298808
2024-02-09,NVDA,147.13,147.48,141.54,144.42,9013909
2024-02-12,NVDA,153.84,157.96,153.99,154.54,6188484
2024-02-13,NVDA,151.91,155.44,150.58,150.77,16680818
2024-02-14,NVDA,150.65,153.45,149.48,152.07,4076713
2024-02-15,NVDA,154.45,165.58,147.25,154.0,2982311
2024-02-16,NVDA,156.22,161.28,150.92,158.29,9136364
2024-02-19,NVDA,162.32,168.1,157.41,161.72,1789051
2024-02-20,NVDA,169.63,179.87,163.18,169.95,5873996
2024-02-21,NVDA,170.21,176.5,163.79,171.38,8435391
2024-02-22,NVDA,179.37,184.09,168.06,178.22,5550781
2024-02-23,NVDA,185.03,189.18,182.61,188.31,921480
2024-02-26,NVDA,187.35,196.95,179.24,183.27,6047700
2024-02-27,NVDA,189.77,196.84,189.77,191.35,17466872
2024-02-28,NVDA,200.65,211.59,192.59,200.66,9575208
2024-02-29,NVDA,198.37,198.35,182.01,196.29,19531677
2024-03-01,NVDA,192.82,193.08,182.1,190.87,2297090
2024-03-04,NVDA,182.68,189.21,182.86,183.63,3813230
2024-03-05,NVDA,177.29,181.89,174.9,178.77,5222218
2024-03-06,NVDA,172.5,175.52,170.86,173.97,7442625
2024-03-07,NVDA,177.62,178.54,173.69,176.9,5553451
2024-03-08,NVDA,178.04,186.81,178.22,178.93,14637468
2024-03-11,NVDA,171.15,171.88,165.76,170.02,4705653
2024-03-12,NVDA,183.28,183.1,182.12,182.62,7432438
2024-03-13,NVDA,182.71,187.25,171.79,178.69,4848905
2024-03-14,NVDA,189.83,191.53,185.4,189.39,5591619
2024-03-15,NVDA,180.94,183.04,175.5,179.83,3764301
2024-03-18,NVDA,176.81,183.97,171.85,177.6,20259371
2024-03-19,NVDA,183.6,190.29,176.56,181.99,45582165
2024-03-20,NVDA,193.82,193.63,190.11,193.52,3315882
2024-03-21,NVDA,202.37,207.07,194.58,202.86,3350523
2024-03-22,NVDA,207.81,227.01,208.02,208.2,2585156
2024-03-25,NVDA,198.01,210.25,190.56,199.09,9854984
2024-03-26,NVDA,213.75,213.54,205.3,210.26,5733628
2024-03-27,NVDA,214.71,219.46,197.79,214.63,4594711
2024-03-28,NVDA,209.07,221.16,196.01,211.13,21666545
2024-03-29,NVDA,206.14,218.82,205.7,208.31,2757482
2024-04-01,NVDA,213.53,215.95,203.23,213.29,3432666
2024-04-02,NVDA,214.58,224.59,207.46,217.73,9727480
2024-04-03,NVDA,216.49,217.07,216.43,216.94,7931884
2024-04-04,NVDA,210.34,211.47,196.96,209.75,2540502
2024-04-05,NVDA,207.68,213.37,203.57,207.63,2950313
2024-04-08,NVDA,214.72,221.09,213.13,214.36,9068009
2024-04-09,NVDA,209.37,210.85,205.27,209.69,10109793
2024-04-10,NVDA,205.26,205.05,204.57,204.89,13469330
2024-04-11,NVDA,188.48,195.55,187.73,190.23,5919604
2024-04-12,NVDA,191.87,203.74,183.63,188.49,1787830
2024-04-15,NVDA,185.78,194.59,183.73,187.82,6902583
2024-04-16,NVDA,196.81,198.95,188.32,195.02,10426102
2024-04-17,NVDA,193.65,213.58,193.84,197.66,6764767
2024-04-18,NVDA,200.95,205.36,195.47,199.12,4584926
2024-04-19,NVDA,202.25,202.05,200.91,201.66,8044656
2024-04-22,NVDA,198.14,201.41,195.62,196.06,25719060
2024-04-23,NVDA,188.14,194.79,185.03,186.41,4110645
2024-04-24,NVDA,186.66,208.79,184.14,190.99,1907184
2024-04-25,NVDA,188.13,187.96,177.85,186.61,4819906
2024-04-26,NVDA,179.13,178.95,171.89,178.56,9163985
2024-04-29,NVDA,179.21,183.78,171.96,179.28,4734443
2024-04-30,NVDA,182.24,184.34,169.16,183.49,2069337
2024-05-01,NVDA,184.43,187.29,176.99,179.87,4158665
2024-05-02,NVDA,174.21,179.3,174.38,174.92,1148918
2024-05-03,NVDA,184.55,185.71,179.17,183.35,6018417
2024-05-06,NVDA,184.14,186.77,176.95,183.38,30017902
2024-05-07,NVDA,190.31,193.58,182.28,189.31,31335096
2024-05-08,NVDA,193.47,193.27,190.22,192.81,8137727
2024-05-09,NVDA,199.12,204.16,197.13,198.51,3376921
2024-05-10,NVDA,200.1,206.49,194.87,202.44,12383455
2024-05-13,NVDA,206.59,212.61,199.5,204.57,7203786
2024-05-14,NVDA,211.38,220.8,209.87,211.19,2628810
2024-05-15,NVDA,215.97,225.89,209.52,211.64,5560604
2024-05-16,NVDA,217.22,225.1,217.36,218.67,3490876
2024-05-17,NVDA,213.57,230.59,206.34,209.73,5476736
2024-05-20,NVDA,223.55,223.33,222.09,222.54,14076968
2024-05-21,NVDA,221.7,228.08,221.93,223.72,18338270
2024-05-22,NVDA,215.99,238.28,207.41,221.94,7152865
2024-05-23,NVDA,220.01,221.53,206.08,215.66,5623624
2024-05-24,NVDA,216.49,222.26,203.02,212.35,5478630
2024-05-27,NVDA,215.17,225.53,209.64,218.33,6253208
2024-05-28,NVDA,218.8,230.88,215.62,221.12,14076195
2024-05-29,NVDA,234.71,245.63,234.94,236.12,15722369
2024-05-30,NVDA,247.43,256.02,239.09,248.54,4655010
2024-05-31,NVDA,244.65,247.64,226.76,240.91,737127
2024-06-03,NVDA,238.48,239.86,236.27,237.7,2608731
2024-06-04,NVDA,224.1,225.83,211.42,218.42,1215801
2024-06-05,NVDA,231.41,232.36,227.41,231.69,5026377
2024-06-06,NVDA,229.91,236.96,226.93,232.74,4001493
2024-06-07,NVDA,233.42,233.19,219.39,230.36,3228522
2024-06-10,NVDA,248.91,251.13,245.92,247.88,2458568
2024-06-11,NVDA,249.6,258.41,232.45,245.07,5522327
2024-06-12,NVDA,237.18,240.99,234.25,238.05,4563605
2024-06-13,NVDA,228.78,232.5,221.03,227.17,7441386
2024-06-14,NVDA,215.22,225.24,212.46,217.7,10606167
2024-06-17,NVDA,218.65,230.91,211.38,219.34,7079822
2024-06-18,NVDA,229.09,236.47,229.32,229.65,2924024
2024-06-19,NVDA,237.6,243.29,237.84,237.94,17667461
2024-06-20,NVDA,252.53,257.94,242.04,251.94,9164995
2024-06-21,NVDA,250.92,257.43,248.01,256.67,2252907
2024-06-24,NVDA,248.41,251.45,241.94,250.48,7645037
2024-06-25,NVDA,253.33,261.02,253.59,253.99,1660956
2024-06-26,NVDA,256.63,268.62,251.16,260.33,10046280
2024-06-27,NVDA,258.57,269.13,254.23,255.75,4856740
2024-06-28,NVDA,244.83,247.23,241.78,246.06,2941097
2024-07-01,NVDA,240.13,252.13,237.83,240.75,3232111
2024-07-02,NVDA,233.0,239.84,225.07,234.78,7445094
2024-07-03,NVDA,235.76,245.37,220.54,236.85,2534918
2024-07-04,NVDA,238.48,243.08,227.97,239.14,17305171
2024-07-05,NVDA,224.11,227.26,216.01,225.76,2286939
2024-07-08,NVDA,216.87,234.63,217.09,219.22,3508617
2024-07-09,NVDA,240.59,243.69,235.4,239.28,1137720
2024-07-10,NVDA,245.78,247.52,242.32,244.14,18402539
2024-07-11,NVDA,237.76,249.0,236.03,243.08,1472872
2024-07-12,NVDA,246.45,250.69,244.21,247.65,2177814
2024-07-15,NVDA,271.08,279.83,261.46,272.21,6373787
2024-07-16,NVDA,256.72,261.38,254.73,259.93,10779915
2024-07-17,NVDA,263.23,267.67,257.43,261.95,7131497
2024-07-18,NVDA,248.63,259.56,244.93,248.41,4265206
2024-07-19,NVDA,241.98,258.66,240.16,240.36,7179211
2024-07-22,NVDA,231.61,238.57,219.32,234.09,1898426
2024-07-23,NVDA,260.58,264.23,260.84,260.87,9092765
2024-07-24,NVDA,269.93,271.24,260.66,267.24,2012273
2024-07-25,NVDA,249.89,268.85,246.53,254.33,1575075
2024-07-26,NVDA,255.47,270.79,255.73,262.18,6061569
2024-07-29,NVDA,276.45,290.5,260.21,275.39,6735603
2024-07-30,NVDA,288.3,288.01,283.06,283.21,2684051
2024-07-31,NVDA,288.79,310.96,282.22,286.05,1319237
2024-08-01,NVDA,292.74,316.84,289.48,294.92,5492705
2024-08-02,NVDA,298.79,309.06,290.6,297.67,2989136
2024-08-05,NVDA,284.37,286.85,276.85,285.24,2431118
2024-08-06,NVDA,296.92,296.62,286.59,296.31,25478865
2024-08-07,NVDA,308.5,311.01,302.37,308.02,8958266
2024-08-08,NVDA,300.39,300.09,289.61,300.07,2062744
2024-08-09,NVDA,293.36,301.83,292.89,295.7,3764744
2024-08-12,NVDA,290.86,299.31,278.77,291.59,8281246
2024-08-13,NVDA,273.06,278.15,273.33,273.91,2835821
2024-08-14,NVDA,284.29,293.31,284.57,287.55,1620479
2024-08-15,NVDA,305.5,310.62,298.19,302.91,16782573
2024-08-16,NVDA,297.33,308.98,292.9,293.65,8491652
2024-08-19,NVDA,293.7,293.41,278.49,290.85,6889064
2024-08-20,NVDA,282.91,294.13,277.93,288.2,1705749
2024-08-21,NVDA,294.4,294.11,289.38,293.32,5700570
2024-08-22,NVDA,292.35,292.06,277.03,286.3,2257558
2024-08-23,NVDA,276.68,284.29,266.61,277.79,5108501
2024-08-26,NVDA,270.72,277.21,253.65,275.04,16915591
2024-08-27,NVDA,274.73,281.52,257.1,273.67,1019818
2024-08-28,NVDA,291.66,291.37,287.72,290.74,4587394
2024-08-29,NVDA,279.36,279.08,272.52,277.29,12562475
2024-08-30,NVDA,268.99,286.72,266.37,271.33,11052659
2024-09-02,NVDA,278.28,286.41,274.46,277.09,3403733
2024-09-03,NVDA,275.27,275.0,262.71,274.47,2304228
2024-09-04,NVDA,276.04,287.7,272.56,275.41,3590663
2024-09-05,NVDA,278.74,282.9,269.58,277.78,2333133
2024-09-06,NVDA,269.87,271.43,261.67,264.17,4061368
2024-09-09,NVDA,258.62,271.31,254.02,259.56,2024618
2024-09-10,NVDA,256.26,266.39,249.55,252.15,7456105
2024-09-11,NVDA,250.69,254.24,248.66,248.7,13394132
2024-09-12,NVDA,261.21,267.08,240.08,261.3,10084649
2024-09-13,NVDA,278.94,283.83,269.83,277.49,2136285
2024-09-16,NVDA,292.73,301.27,290.5,292.55,1780735
2024-09-17,NVDA,297.25,296.95,293.8,295.52,4133879
2024-09-18,NVDA,307.04,314.63,294.58,307.31,4203517
2024-09-19,NVDA,298.91,321.53,296.23,299.67,4922882
2024-09-20,NVDA,295.11,299.85,290.1,299.4,1514352
2024-09-23,NVDA,295.44,302.77,278.98,289.39,5860820
2024-09-24,NVDA,296.63,298.38,285.59,291.89,1187681
2024-09-25,NVDA,301.35,316.69,295.03,303.59,2394320
2024-09-26,NVDA,306.95,312.86,286.35,305.73,3545883
2024-09-27,NVDA,314.28,319.07,306.27,313.9,3471768
2024-09-30,NVDA,311.81,315.84,293.83,314.33,1961335
2024-10-01,NVDA,311.31,314.71,307.06,311.21,7054736
2024-10-02,NVDA,319.27,318.95,312.43,315.78,4075879
2024-10-03,NVDA,309.42,323.45,304.69,310.78,12524024
2024-10-04,NVDA,335.25,350.81,321.53,331.12,2320209
2024-10-07,NVDA,355.11,380.01,348.15,350.62,1128409
2024-10-08,NVDA,365.88,379.81,356.97,358.44,7859927
2024-10-09,NVDA,351.86,370.52,341.97,347.93,5846126
2024-10-10,NVDA,342.07,341.73,320.54,336.05,2838976
2024-10-11,NVDA,332.41,332.08,312.73,328.44,10305972
2024-10-14,NVDA,329.53,329.2,320.44,328.63,9030555
2024-10-15,NVDA,350.09,368.59,317.9,345.23,1699331
2024-10-16,NVDA,333.6,333.78,330.52,332.56,2152133
2024-10-17,NVDA,328.63,328.3,309.01,324.35,5672468
2024-10-18,NVDA,329.39,345.84,315.56,331.32,8997007
2024-10-21,NVDA,339.12,338.78,322.69,335.98,4963672
2024-10-22,NVDA,336.56,348.08,330.14,341.6,41609064
2024-10-23,NVDA,341.25,340.91,327.6,340.57,6316060
2024-10-24,NVDA,338.98,362.28,306.82,342.32,7735770
2024-10-25,NVDA,314.15,328.86,311.67,319.79,3271767
2024-10-28,NVDA,321.07,320.84,312.12,316.33,1337476
2024-10-29,NVDA,312.22,327.04,306.1,311.47,3929851
2024-10-30,NVDA,328.95,341.6,318.55,323.58,7683974
2024-10-31,NVDA,324.58,329.63,321.44,326.81,5385835
2024-11-01,NVDA,350.38,351.95,322.64,341.58,12570955
2024-11-04,NVDA,331.41,337.28,331.75,332.26,6115285
2024-11-05,NVDA,350.84,354.83,347.91,352.05,3690674
2024-11-06,NVDA,348.51,370.01,343.31,356.0,3282313
2024-11-07,NVDA,360.59,370.51,344.01,358.93,14383385
2024-11-08,NVDA,368.79,389.35,350.88,367.08,4401153
2024-11-11,NVDA,360.32,392.21,354.7,363.9,2733222
2024-11-12,NVDA,356.66,364.52,351.5,353.89,2231015
2024-11-13,NVDA,352.07,352.85,336.32,345.75,3700357
2024-11-14,NVDA,353.64,365.4,336.24,352.68,2343761
2024-11-15,NVDA,350.93,369.01,343.62,347.33,2293347
2024-11-18,NVDA,380.46,389.65,372.54,377.77,6564448
2024-11-19,NVDA,376.86,382.92,346.64,375.28,2859711
2024-11-20,NVDA,389.75,396.4,384.92,386.47,1112988
2024-11-21,NVDA,369.18,368.81,364.99,366.63,3354954
2024-11-22,NVDA,350.91,350.56,343.93,349.52,2782938
2024-11-25,NVDA,337.48,338.17,332.97,336.78,2937350
2024-11-26,NVDA,312.91,325.44,313.22,324.72,1173733
2024-11-27,NVDA,328.17,353.22,318.67,331.49,16836899
2024-11-28,NVDA,335.6,335.27,332.11,332.55,5104565
2024-11-29,NVDA,329.06,328.73,325.57,327.82,10520346
2024-12-02,NVDA,320.92,328.97,304.36,324.52,2070376
2024-12-03,NVDA,312.25,320.13,309.72,312.01,4266253
2024-12-04,NVDA,313.19,332.35,295.5,307.07,15383371
2024-12-05,NVDA,312.47,326.27,312.78,316.98,4167355
2024-12-06,NVDA,309.11,317.67,296.09,308.26,8857177
2024-12-09,NVDA,317.25,325.79,312.7,317.16,2395254
2024-12-10,NVDA,318.23,324.27,318.55,318.9,9381432
2024-12-11,NVDA,310.1,317.88,308.33,311.24,1142070
2024-12-12,NVDA,323.35,324.22,314.34,323.12,3819950
2024-12-13,NVDA,319.31,319.74,294.07,312.07,3022519
2024-12-16,NVDA,312.68,312.37,306.56,312.1,4973930
2024-12-17,NVDA,327.09,334.99,327.42,328.58,13236100
2024-12-18,NVDA,337.37,337.03,323.12,331.96,8480892
2024-12-19,NVDA,326.05,342.58,326.37,327.68,2162635
2024-12-20,NVDA,335.32,337.86,330.95,335.67,12539301
2024-12-23,NVDA,338.04,362.67,324.67,329.93,11573041
2024-12-24,NVDA,313.06,327.71,310.96,312.84,1382443
2024-12-25,NVDA,297.89,297.59,284.29,293.32,3393196
2024-12-26,NVDA,293.82,293.52,269.1,290.23,2529505
2024-12-27,NVDA,265.75,275.97,258.14,267.79,3441266
2024-12-30,NVDA,257.6,270.6,249.09,257.17,8079877
2024-12-31,NVDA,260.61,267.28,258.49,261.77,6381068
2020-01-02,JPM,101.9,103.35,101.05,101.25,6896865
2020-01-03,JPM,100.73,102.28,99.84,100.91,7130315
2020-01-06,JPM,102.87,102.87,102.54,102.77,33651452
2020-01-07,JPM,106.06,106.53,101.47,104.39,2586587
2020-01-08,JPM,105.54,105.57,103.49,105.28,4154347
2020-01-09,JPM,103.99,104.0,102.84,103.86,27471427
2020-01-10,JPM,103.67,105.18,103.24,103.88,4447693
2020-01-13,JPM,105.66,107.72,102.8,105.6,5410784
2020-01-14,JPM,107.03,107.31,105.18,106.01,5157572
2020-01-15,JPM,104.0,104.47,102.84,103.57,11031937
2020-01-16,JPM,104.94,104.84,103.56,103.72,2370367
2020-01-17,JPM,101.58,102.1,98.84,101.84,11386453
2020-01-20,JPM,101.93,103.25,100.17,102.69,9567185
2020-01-21,JPM,107.63,107.53,105.21,106.83,2909710
2020-01-22,JPM,105.85,106.45,104.0,105.93,11170510
2020-01-23,JPM,107.8,110.94,107.91,108.56,2734007
2020-01-24,JPM,110.6,112.21,110.17,110.9,6895450
2020-01-27,JPM,111.32,111.21,109.43,110.94,8550758
2020-01-28,JPM,110.45,111.3,107.54,109.6,7928451
2020-01-29,JPM,109.04,111.12,108.51,108.59,3395532
2020-01-30,JPM,107.36,108.79,106.55,107.95,7496298
2020-01-31,JPM,105.87,105.77,104.34,105.44,24909573
2020-02-03,JPM,107.15,107.46,106.02,106.61,9746711
2020-02-04,JPM,104.89,105.6,104.26,105.59,9151903
2020-02-05,JPM,105.89,108.07,103.8,106.16,4170487
2020-02-06,JPM,104.48,108.12,104.48,105.32,2370698
2020-02-07,JPM,108.05,108.21,106.06,106.9,3909833
2020-02-10,JPM,106.28,107.56,105.82,106.39,10461353
2020-02-11,JPM,109.92,112.25,107.26,109.49,15156210
2020-02-12,JPM,110.45,111.08,108.47,110.46,8654944
2020-02-13,JPM,110.25,112.5,108.56,110.18,3288515
2020-02-14,JPM,109.13,109.02,108.23,108.91,5609337
2020-02-17,JPM,107.95,109.53,107.76,108.22,6830219
2020-02-18,JPM,106.55,110.67,106.01,107.3,18436736
2020-02-19,JPM,110.13,110.02,104.94,109.51,18848217
2020-02-20,JPM,108.29,109.06,106.65,108.63,906767
2020-02-21,JPM,109.29,109.2,106.21,108.46,15412646
2020-02-24,JPM,108.1,109.59,107.04,108.44,1514188
2020-02-25,JPM,110.15,111.69,109.05,109.38,2756905
2020-02-26,JPM,109.33,109.68,105.03,108.86,12161058
2020-02-27,JPM,107.35,107.24,106.8,107.08,9996606
2020-02-28,JPM,110.14,110.64,109.37,110.37,6197110
2020-03-02,JPM,113.02,113.57,110.26,112.1,4739714
2020-03-03,JPM,114.68,116.04,114.02,114.63,2516329
2020-03-04,JPM,113.55,113.44,111.92,112.29,3773894
2020-03-05,JPM,109.58,111.38,108.89,110.31,7309421
2020-03-06,JPM,110.43,110.62,108.46,109.88,3453126
2020-03-09,JPM,111.5,111.39,109.55,110.87,5027994
2020-03-10,JPM,113.15,114.48,112.21,113.08,8328789
2020-03-11,JPM,113.11,113.79,110.68,112.63,8078416
2020-03-12,JPM,113.16,115.11,113.02,113.48,8979061
2020-03-13,JPM,111.81,113.56,111.27,112.58,15493197
2020-03-16,JPM,113.87,115.17,113.54,114.11,3143268
2020-03-17,JPM,116.2,116.21,115.55,116.12,8311014
2020-03-18,JPM,115.13,117.5,113.66,115.24,19880914
2020-03-19,JPM,114.18,115.19,113.92,114.52,15329975
2020-03-20,JPM,111.34,111.37,109.34,111.36,6477471
2020-03-23,JPM,110.63,113.73,106.8,110.82,2554988
2020-03-24,JPM,109.43,110.81,108.79,109.71,4994292
2020-03-25,JPM,110.96,111.13,109.49,110.36,20086877
2020-03-26,JPM,108.14,110.38,106.93,109.81,11926015
2020-03-27,JPM,111.96,111.85,108.6,111.31,1470635
2020-03-30,JPM,110.42,113.62,109.05,110.84,1701147
2020-03-31,JPM,109.49,110.45,108.48,109.74,830539
2020-04-01,JPM,106.61,106.5,104.61,106.22,5047328
2020-04-02,JPM,105.86,108.25,105.96,106.41,2116374
2020-04-03,JPM,106.23,107.54,105.24,105.83,2983784
2020-04-06,JPM,104.83,105.8,103.76,105.39,2349986
2020-04-07,JPM,107.84,109.14,105.54,107.93,8790925
2020-04-08,JPM,110.95,114.55,110.03,111.1,4161490
2020-04-09,JPM,111.42,111.37,111.0,111.14,1776745
2020-04-10,JPM,109.56,109.61,104.96,109.1,17515248
2020-04-13,JPM,112.92,113.21,111.56,112.38,3316760
2020-04-14,JPM,111.82,114.09,111.09,111.38,11697423
2020-04-15,JPM,115.27,117.07,112.79,114.44,2747612
2020-04-16,JPM,116.96,120.12,115.9,117.05,1509048
2020-04-17,JPM,116.97,121.94,115.98,117.11,1508023
2020-04-20,JPM,117.36,119.16,114.04,117.01,2858509
2020-04-21,JPM,116.84,121.03,113.67,117.56,2324126
2020-04-22,JPM,114.52,115.22,114.08,114.69,6994082
2020-04-23,JPM,114.48,115.21,114.13,114.35,2595649
2020-04-24,JPM,114.45,115.95,112.96,114.36,5819439
2020-04-27,JPM,118.98,120.6,117.69,119.55,7731248
2020-04-28,JPM,118.57,119.57,116.76,117.94,3041750
2020-04-29,JPM,116.75,118.41,116.63,118.38,8268065
2020-04-30,JPM,120.99,122.75,121.11,121.18,1242755
2020-05-01,JPM,124.39,125.36,121.91,124.04,3706813
2020-05-04,JPM,128.06,130.0,123.4,127.22,9584732
2020-05-05,JPM,124.54,124.54,121.42,124.45,6176367
2020-05-06,JPM,126.72,129.52,125.3,127.37,2734998
2020-05-07,JPM,127.3,129.66,124.17,127.34,29569733
2020-05-08,JPM,124.47,125.19,124.13,124.82,18208837
2020-05-11,JPM,128.12,127.99,126.46,126.87,2024371
2020-05-12,JPM,125.83,126.13,122.88,125.59,8155365
2020-05-13,JPM,130.86,130.72,129.54,130.54,3443509
2020-05-14,JPM,132.02,132.35,130.28,130.64,1646877
2020-05-15,JPM,129.8,131.32,129.93,129.93,3189213
2020-05-18,JPM,129.47,130.53,128.67,129.37,4571386
2020-05-19,JPM,128.61,129.87,127.53,129.65,4175932
2020-05-20,JPM,132.18,135.89,131.35,131.47,3287190
2020-05-21,JPM,130.44,132.98,129.97,130.17,4088960
2020-05-22,JPM,129.95,132.62,127.21,131.17,4093967
2020-05-25,JPM,131.62,136.0,129.65,132.16,1721160
2020-05-26,JPM,129.04,131.06,129.17,129.95,3310526
2020-05-27,JPM,130.87,131.43,129.59,131.28,10836013
2020-05-28,JPM,132.06,132.54,130.47,132.21,7219088
2020-05-29,JPM,135.74,136.36,134.42,134.92,1728955
2020-06-01,JPM,131.59,132.63,130.74,131.21,12731795
2020-06-02,JPM,132.0,133.25,128.87,133.08,9231000
2020-06-03,JPM,131.49,132.09,129.62,131.3,10685029
2020-06-04,JPM,130.77,131.64,130.9,130.9,900261
2020-06-05,JPM,129.66,133.48,128.81,131.12,13906995
2020-06-08,JPM,132.44,133.69,130.98,132.01,806133
2020-06-09,JPM,134.57,134.57,132.97,133.31,2473524
2020-06-10,JPM,135.73,137.93,134.13,135.46,3738384
2020-06-11,JPM,133.59,137.15,132.22,133.51,3764019
2020-06-12,JPM,135.03,138.43,134.29,134.98,5406392
2020-06-15,JPM,135.6,136.95,133.51,135.64,2462500
2020-06-16,JPM,135.74,137.81,135.87,136.52,9660791
2020-06-17,JPM,137.96,142.22,137.56,138.79,3013999
2020-06-18,JPM,138.41,139.95,137.68,138.43,8709759
2020-06-19,JPM,139.73,143.13,138.99,140.88,5367889
2020-06-22,JPM,143.34,145.65,141.75,143.4,2727071
2020-06-23,JPM,146.49,147.04,142.43,146.17,8893765
2020-06-24,JPM,148.47,150.22,147.97,149.05,3401650
2020-06-25,JPM,149.84,155.04,148.35,150.9,1559084
2020-06-26,JPM,148.94,151.45,145.05,149.54,1259220
2020-06-29,JPM,149.93,151.33,150.08,151.16,7064133
2020-06-30,JPM,149.67,149.78,148.73,149.09,8493747
2020-07-01,JPM,146.09,150.44,145.89,147.84,5947228
2020-07-02,JPM,149.48,149.92,147.61,148.99,10752047
2020-07-03,JPM,147.53,147.48,144.89,147.41,4606786
2020-07-06,JPM,147.13,148.8,143.07,146.57,7704246
2020-07-07,JPM,146.14,147.96,143.1,146.87,2566773
2020-07-08,JPM,146.02,146.14,143.74,145.53,6564208
2020-07-09,JPM,143.46,145.42,142.36,143.73,4942323
2020-07-10,JPM,145.88,150.91,144.99,146.0,1397130
2020-07-13,JPM,145.25,146.57,143.33,146.07,1967203
2020-07-14,JPM,148.6,151.8,146.14,147.6,5357669
2020-07-15,JPM,145.88,147.86,141.42,146.73,5428876
2020-07-16,JPM,148.26,149.83,148.41,149.5,2835972
2020-07-17,JPM,148.72,150.45,148.04,150.2,3734038
2020-07-20,JPM,149.64,151.1,147.11,149.87,13761151
2020-07-21,JPM,146.92,151.11,143.59,146.79,13031727
2020-07-22,JPM,145.31,148.36,144.8,146.82,1707281
2020-07-23,JPM,153.55,155.68,150.18,152.51,2480754
2020-07-24,JPM,153.17,154.19,152.01,152.46,3518050
2020-07-27,JPM,155.08,156.89,153.76,155.12,3751550
2020-07-28,JPM,154.86,156.49,148.75,154.75,2424507
2020-07-29,JPM,156.42,156.67,149.22,156.05,5857423
2020-07-30,JPM,156.36,156.21,152.19,155.9,4050815
2020-07-31,JPM,157.95,162.62,156.79,158.37,1819016
2020-08-03,JPM,157.8,162.77,156.03,157.08,1325225
2020-08-04,JPM,162.58,166.64,162.3,162.72,6070277
2020-08-05,JPM,159.79,160.92,158.76,159.88,4137258
2020-08-06,JPM,157.95,159.23,156.11,158.95,6192983
2020-08-07,JPM,152.74,154.94,152.46,154.68,2163337
2020-08-10,JPM,153.38,155.24,151.07,153.6,5236952
2020-08-11,JPM,152.94,157.34,150.11,153.92,4609782
2020-08-12,JPM,155.17,155.83,151.32,155.43,9744076
2020-08-13,JPM,154.43,156.56,153.84,154.8,12370860
2020-08-14,JPM,155.7,158.05,152.88,156.12,2383401
2020-08-17,JPM,157.59,158.5,157.75,157.93,5108149
2020-08-18,JPM,154.94,158.8,155.09,155.66,24454987
2020-08-19,JPM,155.6,159.28,154.17,155.68,1776886
2020-08-20,JPM,158.92,163.17,155.43,158.55,7669395
2020-08-21,JPM,161.97,165.72,159.17,162.92,3738245
2020-08-24,JPM,164.57,164.41,163.03,163.6,2838816
2020-08-25,JPM,159.85,161.21,159.49,159.5,10409108
2020-08-26,JPM,156.35,160.71,156.35,156.94,6126759
2020-08-27,JPM,155.7,161.4,154.91,156.58,4660308
2020-08-28,JPM,152.26,154.33,150.22,152.9,1179303
2020-08-31,JPM,156.84,159.77,155.63,157.56,3321301
2020-09-01,JPM,157.91,157.75,156.69,156.88,5579982
2020-09-02,JPM,161.36,166.27,159.26,159.91,2959706
2020-09-03,JPM,161.89,164.73,162.05,162.08,3542818
2020-09-04,JPM,167.53,172.74,163.3,167.28,2973443
2020-09-07,JPM,167.37,170.29,164.84,167.76,2692846
2020-09-08,JPM,167.69,171.09,167.44,167.98,8797504
2020-09-09,JPM,168.33,174.3,166.47,168.82,2504665
2020-09-10,JPM,165.87,173.19,164.67,165.07,3494879
2020-09-11,JPM,163.55,164.86,162.6,163.71,5096426
2020-09-14,JPM,164.15,163.99,162.6,163.77,5863447
2020-09-15,JPM,166.84,168.99,166.82,167.63,14223018
2020-09-16,JPM,166.88,170.11,167.05,168.35,9144854
2020-09-17,JPM,171.88,171.77,167.46,170.31,2120477
2020-09-18,JPM,173.73,179.86,169.23,174.22,7046499
2020-09-21,JPM,175.18,175.56,172.31,174.58,781869
2020-09-22,JPM,178.49,181.13,173.35,177.99,4479608
2020-09-23,JPM,179.12,178.95,177.61,177.92,745307
2020-09-24,JPM,174.64,179.7,171.89,174.83,12982209
2020-09-25,JPM,177.91,179.72,177.98,178.49,2563135
2020-09-28,JPM,177.76,181.69,177.57,178.06,4340470
2020-09-29,JPM,181.71,182.24,180.27,181.94,11066586
2020-09-30,JPM,182.76,186.98,181.37,183.69,4919925
2020-10-01,JPM,180.53,183.87,179.49,179.81,6761121
2020-10-02,JPM,178.08,181.41,176.33,179.84,5326979
2020-10-05,JPM,177.5,181.65,175.6,177.96,19447314
2020-10-06,JPM,178.23,178.05,174.85,176.7,5894729
2020-10-07,JPM,180.95,180.77,176.67,180.72,4184277
2020-10-08,JPM,183.43,183.25,181.59,182.0,7014312
2020-10-09,JPM,179.63,181.57,179.81,180.7,19121530
2020-10-12,JPM,175.06,178.18,172.52,175.65,9895326
2020-10-13,JPM,176.49,179.52,176.66,176.77,3841236
2020-10-14,JPM,173.32,176.31,171.34,172.74,4513327
2020-10-15,JPM,174.36,176.61,171.98,172.67,11236595
2020-10-16,JPM,172.07,171.9,169.73,171.9,1739392
2020-10-19,JPM,174.62,179.09,172.96,175.39,10970018
2020-10-20,JPM,172.45,173.43,171.33,172.79,4406496
2020-10-21,JPM,172.71,172.54,170.35,172.2,3151686
2020-10-22,JPM,177.08,178.11,174.53,175.97,13940297
2020-10-23,JPM,168.41,174.23,167.77,169.22,4984591
2020-10-26,JPM,172.0,174.01,170.37,172.14,5644605
2020-10-27,JPM,177.65,177.47,176.23,176.6,7150560
2020-10-28,JPM,174.27,176.01,169.27,173.75,5893242
2020-10-29,JPM,169.25,170.5,167.72,168.62,2834678
2020-10-30,JPM,166.62,169.55,166.35,168.65,4041981
2020-11-02,JPM,171.95,171.78,168.25,170.79,2514907
2020-11-03,JPM,172.44,176.77,172.54,173.81,3277367
2020-11-04,JPM,177.5,181.91,173.62,176.53,4392930
2020-11-05,JPM,176.82,181.51,177.0,177.12,5979059
2020-11-06,JPM,174.39,176.91,172.64,174.18,7880665
2020-11-09,JPM,175.28,176.46,173.52,174.56,3747801
2020-11-10,JPM,173.51,174.41,166.35,173.65,7127461
2020-11-11,JPM,172.37,173.84,172.54,172.87,2712883
2020-11-12,JPM,174.69,179.65,173.78,174.94,16993344
2020-11-13,JPM,174.69,174.51,171.02,173.29,2087242
2020-11-16,JPM,168.68,171.81,167.07,170.76,11921120
2020-11-17,JPM,167.37,167.45,163.26,167.19,4935089
2020-11-18,JPM,166.29,170.93,166.45,166.74,30974309
2020-11-19,JPM,163.86,166.24,163.84,165.01,5808140
2020-11-20,JPM,168.65,169.8,168.64,168.85,8202155
2020-11-23,JPM,166.89,166.73,162.58,165.76,4802621
2020-11-24,JPM,165.84,166.42,164.55,165.56,6705816
2020-11-25,JPM,161.5,163.1,160.41,162.21,5495793
2020-11-26,JPM,159.39,159.46,155.83,159.17,10986471
2020-11-27,JPM,159.5,162.01,156.75,159.8,4996818
2020-11-30,JPM,158.05,162.13,157.3,158.53,6138132
2020-12-01,JPM,153.17,155.98,153.32,153.81,10551631
2020-12-02,JPM,153.7,155.89,152.41,155.43,13314878
2020-12-03,JPM,154.23,156.1,152.69,153.47,15556967
2020-12-04,JPM,153.13,153.24,148.89,151.28,2891270
2020-12-07,JPM,148.18,149.79,147.23,148.71,13252237
2020-12-08,JPM,147.42,150.83,146.56,148.26,2571664
2020-12-09,JPM,148.73,149.6,146.67,147.89,4643968
2020-12-10,JPM,150.74,150.59,147.36,149.6,1376708
2020-12-11,JPM,148.75,152.32,148.85,149.65,2411259
2020-12-14,JPM,150.44,153.52,150.0,150.19,5198790
2020-12-15,JPM,151.45,152.22,150.93,151.13,12803370
2020-12-16,JPM,153.54,153.65,151.32,151.91,2839214
2020-12-17,JPM,156.36,156.93,156.2,156.76,8965884
2020-12-18,JPM,163.8,167.13,160.27,164.37,1353461
2020-12-21,JPM,166.89,168.82,162.77,165.5,2358425
2020-12-22,JPM,164.86,167.85,164.99,165.55,15912033
2020-12-23,JPM,167.48,167.37,167.0,167.21,2008796
2020-12-24,JPM,168.41,170.0,166.0,167.63,1949680
2020-12-25,JPM,166.7,168.49,166.86,167.14,3268095
2020-12-28,JPM,166.29,169.94,164.68,167.37,1887679
2020-12-29,JPM,171.22,172.95,167.16,168.89,35142658
2020-12-30,JPM,167.04,169.29,166.27,167.28,5221977
2020-12-31,JPM,169.26,170.31,168.77,170.1,1656165
2021-01-01,JPM,169.77,171.99,169.94,171.14,3887198
2021-01-04,JPM,171.61,174.68,171.64,172.76,5586734
2021-01-05,JPM,172.19,172.1,171.51,171.66,1760572
2021-01-06,JPM,173.34,173.16,171.65,172.32,6181643
2021-01-07,JPM,170.33,172.44,169.25,170.97,9536794
2021-01-08,JPM,168.84,171.88,167.18,168.1,5185870
2021-01-11,JPM,162.92,163.8,159.92,163.38,6610738
2021-01-12,JPM,160.9,162.49,158.7,161.52,5229452
2021-01-13,JPM,157.7,161.04,155.59,159.01,10301529
2021-01-14,JPM,159.35,159.2,154.8,159.08,24485230
2021-01-15,JPM,157.88,158.05,156.23,157.03,6233634
2021-01-18,JPM,154.44,155.46,148.84,154.19,11188214
2021-01-19,JPM,153.18,153.51,150.75,153.5,2409852
2021-01-20,JPM,157.59,158.01,153.63,155.26,10725102
2021-01-21,JPM,156.63,157.12,155.27,156.61,2951605
2021-01-22,JPM,155.41,157.64,154.91,156.32,11731178
2021-01-25,JPM,159.03,158.87,157.46,157.5,5323366
2021-01-26,JPM,157.55,162.63,157.71,158.43,3732667
2021-01-27,JPM,159.86,161.25,158.6,159.46,2521035
2021-01-28,JPM,157.32,162.68,157.48,157.49,13578362
2021-01-29,JPM,156.51,157.88,156.54,157.43,7383107
2021-02-01,JPM,155.83,155.73,152.0,155.67,12680210
2021-02-02,JPM,157.45,159.52,155.14,159.19,10813974
2021-02-03,JPM,159.89,159.73,158.3,159.38,2147476
2021-02-04,JPM,156.94,160.22,157.09,158.03,7762918
2021-02-05,JPM,159.8,161.15,159.71,160.18,6006843
2021-02-08,JPM,161.39,162.32,158.45,161.57,4134657
2021-02-09,JPM,158.86,162.22,155.25,160.48,33387498
2021-02-10,JPM,160.86,162.95,161.02,161.14,6090955
2021-02-11,JPM,164.11,165.48,163.1,163.76,6538005
2021-02-12,JPM,161.19,162.86,153.18,160.66,510965
2021-02-15,JPM,153.53,155.68,153.68,154.49,4168520
2021-02-16,JPM,154.59,156.39,154.74,155.57,7629076
2021-02-17,JPM,160.82,160.78,159.5,159.93,7619270
2021-02-18,JPM,159.2,164.09,157.15,160.55,3891783
2021-02-19,JPM,159.89,163.04,154.88,159.29,3148103
2021-02-22,JPM,156.42,157.56,154.55,157.47,2880154
2021-02-23,JPM,159.2,160.04,159.01,159.1,3693630
2021-02-24,JPM,158.3,161.06,155.85,157.77,19626629
2021-02-25,JPM,160.66,160.5,155.56,159.49,8344228
2021-02-26,JPM,159.12,160.01,153.67,157.66,2318031
2021-03-01,JPM,158.14,162.63,158.05,158.48,11430368
2021-03-02,JPM,160.95,161.34,159.87,160.69,4301166
2021-03-03,JPM,164.97,166.0,163.4,164.76,2664520
2021-03-04,JPM,164.19,165.88,163.31,163.87,4120181
2021-03-05,JPM,163.09,164.36,163.26,163.79,8106573
2021-03-08,JPM,165.98,168.87,162.64,165.82,4527274
2021-03-09,JPM,162.14,165.72,162.3,162.9,753666
2021-03-10,JPM,163.99,165.67,161.67,163.89,6882428
2021-03-11,JPM,161.97,161.81,156.25,161.1,7852776
2021-03-12,JPM,160.98,162.48,159.59,161.07,15044819
2021-03-15,JPM,163.76,165.76,160.18,163.34,19929839
2021-03-16,JPM,164.14,167.62,161.47,164.93,7719990
2021-03-17,JPM,167.12,168.35,166.86,167.71,3015801
2021-03-18,JPM,162.59,166.7,162.0,162.63,9721360
2021-03-19,JPM,169.11,171.07,166.72,168.24,17520900
2021-03-22,JPM,168.25,173.54,166.44,167.96,3883526
2021-03-23,JPM,168.29,171.9,168.46,168.87,10534727
2021-03-24,JPM,169.5,169.33,165.92,169.0,9315418
2021-03-25,JPM,169.29,171.88,168.62,169.28,3957200
2021-03-26,JPM,167.94,168.35,164.2,167.69,12207790
2021-03-29,JPM,169.17,171.37,167.99,169.44,13062734
2021-03-30,JPM,167.09,167.2,162.71,166.26,3018419
2021-03-31,JPM,164.21,166.56,163.44,164.94,2083132
2021-04-01,JPM,164.38,165.61,164.44,164.59,3997879
2021-04-02,JPM,162.49,163.97,159.25,162.61,6504962
2021-04-05,JPM,163.23,167.16,162.97,163.59,3310310
2021-04-06,JPM,162.02,163.68,161.0,161.59,5507033
2021-04-07,JPM,167.43,167.26,164.64,166.38,10757200
2021-04-08,JPM,162.42,162.26,161.35,161.49,3996306
2021-04-09,JPM,157.83,159.67,157.63,158.21,9622365
2021-04-12,JPM,162.49,165.69,157.0,164.0,8570157
2021-04-13,JPM,166.0,167.43,161.19,165.06,2824298
2021-04-14,JPM,165.06,168.1,165.22,165.6,2607104
2021-04-15,JPM,165.62,168.82,164.62,164.87,7055438
2021-04-16,JPM,167.09,169.23,167.26,168.06,10385072
2021-04-19,JPM,168.26,169.3,168.43,169.11,3382456
2021-04-20,JPM,173.37,177.79,171.77,173.98,7269197
2021-04-21,JPM,169.39,169.22,164.93,168.85,7057892
2021-04-22,JPM,170.05,171.02,167.88,170.38,9540268
2021-04-23,JPM,172.64,172.95,172.08,172.71,4438040
2021-04-26,JPM,172.17,173.89,169.39,172.48,12968201
2021-04-27,JPM,174.12,176.98,171.39,173.48,7897591
2021-04-28,JPM,167.41,169.0,166.84,168.16,7212332
2021-04-29,JPM,166.13,166.95,163.38,166.57,3663205
2021-04-30,JPM,168.72,169.83,165.03,168.43,23313359
2021-05-03,JPM,168.29,170.71,167.41,169.02,4134844
2021-05-04,JPM,175.71,179.92,174.66,176.78,3445059
2021-05-05,JPM,177.0,177.64,173.2,177.11,11772458
2021-05-06,JPM,174.88,176.89,175.05,176.21,2373794
2021-05-07,JPM,177.09,182.24,175.15,177.62,4250401
2021-05-10,JPM,175.77,178.13,172.16,173.69,3874774
2021-05-11,JPM,176.51,177.36,173.02,176.64,7031250
2021-05-12,JPM,175.67,176.87,172.3,175.01,4338617
2021-05-13,JPM,176.85,181.63,175.9,176.73,1398809
2021-05-14,JPM,179.83,184.15,178.71,180.73,29820915
2021-05-17,JPM,175.42,175.66,173.61,175.52,8383356
2021-05-18,JPM,183.8,186.05,181.24,182.39,8187035
2021-05-19,JPM,183.18,187.41,179.26,183.83,4434073
2021-05-20,JPM,181.84,182.03,179.09,181.08,4447174
2021-05-21,JPM,179.57,184.0,179.59,179.76,17127425
2021-05-24,JPM,181.45,185.08,180.29,180.39,7407810
2021-05-25,JPM,183.64,184.63,183.43,184.6,2517612
2021-05-26,JPM,185.83,185.64,183.4,184.94,30804019
2021-05-27,JPM,179.57,181.08,178.82,180.01,2318591
2021-05-28,JPM,179.57,183.28,176.33,179.4,6593181
2021-05-31,JPM,180.01,180.86,173.41,180.14,2869991
2021-06-01,JPM,183.05,186.66,176.41,183.06,2798079
2021-06-02,JPM,187.9,187.71,185.39,186.28,6109622
2021-06-03,JPM,183.44,187.88,183.26,183.96,4877589
2021-06-04,JPM,189.35,194.52,187.61,189.28,1780394
2021-06-07,JPM,186.77,189.99,184.25,188.22,6813601
2021-06-08,JPM,187.54,192.71,187.73,188.27,3868944
2021-06-09,JPM,186.69,191.19,183.48,186.13,13750509
2021-06-10,JPM,189.86,192.6,187.78,189.18,4037077
2021-06-11,JPM,187.17,187.75,185.4,186.25,6180026
2021-06-14,JPM,182.32,185.39,178.81,182.47,2765665
2021-06-15,JPM,186.4,187.81,182.02,187.34,11665439
2021-06-16,JPM,186.74,188.54,181.74,187.13,1643780
2021-06-17,JPM,194.05,197.89,192.69,193.74,5752397
2021-06-18,JPM,190.69,193.87,190.14,192.8,4817029
2021-06-21,JPM,193.71,195.36,193.86,194.86,13170054
2021-06-22,JPM,199.25,199.05,196.19,198.93,34297021
2021-06-23,JPM,199.02,199.52,196.76,198.44,5215467
2021-06-24,JPM,198.47,200.55,196.18,196.74,4754119
2021-06-25,JPM,200.55,202.84,199.45,199.55,13492190
2021-06-28,JPM,202.48,203.51,200.86,202.4,9555537
2021-06-29,JPM,197.58,201.42,195.54,197.53,3464855
2021-06-30,JPM,195.64,197.28,193.2,195.5,9978322
2021-07-01,JPM,201.66,205.15,197.34,202.6,6622139
2021-07-02,JPM,203.07,204.1,202.09,202.27,9982497
2021-07-05,JPM,202.5,203.45,202.7,202.86,2821933
2021-07-06,JPM,201.34,203.99,199.76,202.39,3074733
2021-07-07,JPM,203.16,206.72,198.78,203.84,5683345
2021-07-08,JPM,208.2,210.99,205.89,207.58,7057876
2021-07-09,JPM,204.14,208.84,204.34,204.58,1945956
2021-07-12,JPM,206.63,208.77,206.69,207.97,5196722
2021-07-13,JPM,211.3,211.09,209.36,210.01,732009
2021-07-14,JPM,210.12,213.78,205.86,211.67,7520499
2021-07-15,JPM,215.1,214.89,210.25,214.02,5875743
2021-07-16,JPM,218.39,220.48,218.61,219.58,8227578
2021-07-19,JPM,213.77,218.57,213.99,215.44,31556046
2021-07-20,JPM,220.05,225.2,219.25,222.02,18160112
2021-07-21,JPM,224.43,227.12,220.04,223.72,3019962
2021-07-22,JPM,227.47,229.38,222.25,225.6,4412614
2021-07-23,JPM,225.52,225.29,224.55,225.17,5839156
2021-07-26,JPM,224.75,227.36,221.67,225.57,9216308
2021-07-27,JPM,225.0,229.93,222.67,228.63,11466740
2021-07-28,JPM,227.05,226.82,220.35,226.6,1232272
2021-07-29,JPM,229.7,233.06,227.3,229.54,4406729
2021-07-30,JPM,231.55,240.27,231.78,231.81,13385925
2021-08-02,JPM,230.16,233.66,225.12,229.89,25873151
2021-08-03,JPM,226.16,229.8,226.38,227.85,11428580
2021-08-04,JPM,222.81,223.39,220.41,221.96,6211780
2021-08-05,JPM,223.28,225.28,221.94,224.48,6564013
2021-08-06,JPM,220.92,225.93,221.14,223.12,3817291
2021-08-09,JPM,224.87,226.66,224.39,224.46,3375449
2021-08-10,JPM,221.61,221.39,220.64,221.26,5465112
2021-08-11,JPM,220.35,221.51,220.15,220.31,5300758
2021-08-12,JPM,218.71,218.49,214.45,217.92,6008182
2021-08-13,JPM,219.9,225.25,216.92,220.45,13194374
2021-08-16,JPM,225.48,228.17,220.54,226.17,11946482
2021-08-17,JPM,225.14,226.41,223.61,225.04,8504419
2021-08-18,JPM,229.22,232.54,225.4,228.19,1297159
2021-08-19,JPM,225.47,225.24,222.21,222.64,3139345
2021-08-20,JPM,221.48,227.37,221.61,223.87,2598635
2021-08-23,JPM,220.04,223.4,220.15,220.31,2131910
2021-08-24,JPM,219.07,221.83,219.1,220.13,5678211
2021-08-25,JPM,220.12,223.65,219.03,220.26,14787236
2021-08-26,JPM,222.23,227.61,222.45,224.22,10197095
2021-08-27,JPM,224.29,226.81,222.1,226.42,2671055
2021-08-30,JPM,233.99,233.76,227.26,231.03,1250666
2021-08-31,JPM,227.66,231.81,226.55,229.18,2640431
2021-09-01,JPM,229.68,235.91,225.47,230.7,8244598
2021-09-02,JPM,225.44,228.88,223.57,224.44,2457331
2021-09-03,JPM,222.31,224.96,220.2,223.51,16083500
2021-09-06,JPM,217.27,217.3,215.18,217.17,2256228
2021-09-07,JPM,214.74,215.14,210.7,213.63,6657363
2021-09-08,JPM,216.1,221.5,216.32,216.89,986415
2021-09-09,JPM,212.92,217.35,206.5,215.51,5148656
2021-09-10,JPM,217.17,218.98,212.22,216.41,3230403
2021-09-13,JPM,215.87,222.38,212.47,215.87,3297468
2021-09-14,JPM,217.09,219.04,216.85,217.16,7359837
2021-09-15,JPM,220.37,224.01,219.68,221.76,2597499
2021-09-16,JPM,219.81,220.33,217.66,219.72,20460283
2021-09-17,JPM,225.93,225.71,220.65,224.66,2805391
2021-09-20,JPM,222.8,223.94,223.02,223.17,16377970
2021-09-21,JPM,223.8,224.36,220.44,223.14,6471398
2021-09-22,JPM,218.25,224.14,215.39,218.34,2877570
2021-09-23,JPM,215.75,215.53,215.13,215.29,8758590
2021-09-24,JPM,213.25,213.39,211.08,212.7,13121269
2021-09-27,JPM,209.81,210.69,205.25,206.6,2715025
2021-09-28,JPM,206.2,207.18,206.16,206.97,864286
2021-09-29,JPM,205.49,208.31,203.64,206.89,8992604
2021-09-30,JPM,206.15,206.07,200.85,205.81,15743959
2021-10-01,JPM,203.87,216.31,202.45,204.83,1986535
2021-10-04,JPM,212.38,217.69,209.73,210.65,4017676
2021-10-05,JPM,209.32,213.31,205.99,209.82,7360562
2021-10-06,JPM,209.96,213.95,209.1,210.78,5106773
2021-10-07,JPM,210.02,216.9,204.28,210.56,2990669
2021-10-08,JPM,213.12,213.2,209.35,213.05,3801039
2021-10-11,JPM,214.98,216.68,212.89,215.0,1880910
2021-10-12,JPM,217.5,217.28,213.84,216.78,6073554
2021-10-13,JPM,216.02,221.06,214.13,215.56,3989385
2021-10-14,JPM,213.14,217.03,208.29,213.63,3319339
2021-10-15,JPM,208.97,215.2,208.04,210.15,4882026
2021-10-18,JPM,209.8,212.95,209.36,210.54,2355816
2021-10-19,JPM,217.99,218.8,215.55,217.14,7294103
2021-10-20,JPM,216.48,220.67,212.51,214.3,4364903
2021-10-21,JPM,210.95,214.07,207.41,212.23,25313609
2021-10-22,JPM,209.47,212.1,207.99,209.04,9335298
2021-10-25,JPM,211.59,212.9,202.74,210.42,2279686
2021-10-26,JPM,207.97,212.82,205.66,210.2,3577343
2021-10-27,JPM,211.46,212.07,211.2,211.21,3750032
2021-10-28,JPM,213.18,214.56,211.91,214.1,4860032
2021-10-29,JPM,213.8,216.31,211.81,213.69,1735203
2021-11-01,JPM,214.65,216.23,206.61,214.18,637472
2021-11-02,JPM,217.01,220.63,216.1,218.27,9057871
2021-11-03,JPM,218.66,222.11,216.93,217.17,1209786
2021-11-04,JPM,215.0,215.24,212.56,214.45,9557830
2021-11-05,JPM,210.06,211.19,203.9,210.28,2357814
2021-11-08,JPM,212.06,214.89,209.9,212.56,3593839
2021-11-09,JPM,209.9,215.0,208.49,210.72,3764129
2021-11-10,JPM,210.28,213.29,207.64,209.95,4586521
2021-11-11,JPM,210.83,220.53,206.73,210.96,4365761
2021-11-12,JPM,213.47,217.9,211.41,213.97,8350326
2021-11-15,JPM,215.1,220.81,211.29,215.95,5775606
2021-11-16,JPM,210.68,210.97,209.93,210.86,3454852
2021-11-17,JPM,214.51,215.63,213.65,215.18,3670901
2021-11-18,JPM,215.86,215.65,212.98,215.26,6203034
2021-11-19,JPM,208.24,209.65,205.68,208.96,6293134
2021-11-22,JPM,211.51,214.99,210.81,211.75,1560800
2021-11-23,JPM,210.97,221.97,208.53,209.83,2632859
2021-11-24,JPM,219.63,219.41,213.58,216.95,3741944
2021-11-25,JPM,219.11,222.73,216.64,218.44,2465077
2021-11-26,JPM,217.73,221.49,212.6,217.24,3887246
2021-11-29,JPM,218.36,221.21,217.88,218.49,2259927
2021-11-30,JPM,219.7,221.78,217.71,220.57,11151132
2021-12-01,JPM,221.07,222.4,217.0,219.02,1867700
2021-12-02,JPM,217.69,219.4,211.49,217.69,1741031
2021-12-03,JPM,214.02,217.88,211.92,213.67,988543
2021-12-06,JPM,216.22,216.19,213.95,216.16,9026485
2021-12-07,JPM,220.52,223.52,220.74,221.65,11206116
2021-12-08,JPM,224.16,229.4,217.57,225.19,4147523
2021-12-09,JPM,221.54,222.83,219.96,220.65,3164892
2021-12-10,JPM,221.66,222.99,217.12,218.79,2486126
2021-12-13,JPM,218.64,220.52,217.89,218.88,2760715
2021-12-14,JPM,217.63,218.84,215.18,215.66,5147905
2021-12-15,JPM,209.97,213.97,209.33,210.62,3430865
2021-12-16,JPM,216.17,221.11,216.38,217.04,3891274
2021-12-17,JPM,211.57,214.85,209.33,211.39,3184371
2021-12-20,JPM,217.11,219.12,212.35,215.62,2810009
2021-12-21,JPM,214.74,217.54,213.11,214.55,7060378
2021-12-22,JPM,216.96,219.75,216.67,218.16,10348751
2021-12-23,JPM,216.54,217.92,214.91,215.6,4843111
2021-12-24,JPM,217.98,218.42,218.2,218.37,6230602
2021-12-27,JPM,222.79,228.96,221.69,223.43,2755884
2021-12-28,JPM,222.88,231.78,219.82,223.09,4294061
2021-12-29,JPM,226.61,227.72,224.27,225.11,4091129
2021-12-30,JPM,228.28,231.14,226.29,228.54,2766753
2021-12-31,JPM,229.17,230.39,229.4,229.82,37972192
2022-01-03,JPM,227.28,227.73,217.67,226.64,7239923
2022-01-04,JPM,227.69,231.5,226.53,227.03,1796780
2022-01-05,JPM,225.19,224.97,219.21,224.96,5969055
2022-01-06,JPM,223.54,227.85,222.05,224.94,35578614
2022-01-07,JPM,228.68,230.3,227.27,228.33,14630583
2022-01-10,JPM,221.74,222.7,217.96,222.56,6721444
2022-01-11,JPM,221.66,227.39,221.63,223.08,5762296
2022-01-12,JPM,220.18,224.84,216.09,218.66,1090377
2022-01-13,JPM,218.4,220.14,215.67,219.14,2636941
2022-01-14,JPM,222.14,225.61,220.22,221.51,6272472
2022-01-17,JPM,218.08,223.4,217.33,220.62,9066952
2022-01-18,JPM,221.08,223.24,217.68,220.57,1701526
2022-01-19,JPM,218.42,228.24,217.78,218.86,17750213
2022-01-20,JPM,224.22,224.61,221.05,222.95,4411504
2022-01-21,JPM,218.77,225.73,217.49,217.77,4134670
2022-01-24,JPM,217.25,218.74,214.68,216.21,1807633
2022-01-25,JPM,216.98,219.12,214.53,215.5,5363255
2022-01-26,JPM,218.2,224.06,213.27,218.27,9375672
2022-01-27,JPM,222.37,223.48,220.65,222.15,2469342
2022-01-28,JPM,222.16,226.1,217.6,222.84,7951576
2022-01-31,JPM,223.25,223.03,218.24,222.75,2576627
2022-02-01,JPM,221.34,222.29,214.39,219.92,7099535
2022-02-02,JPM,212.19,218.66,210.53,212.97,7973022
2022-02-03,JPM,211.16,211.63,208.68,210.73,10335625
2022-02-04,JPM,204.07,205.25,203.17,204.62,9225852
2022-02-07,JPM,210.41,210.2,209.25,209.72,1980516
2022-02-08,JPM,211.39,211.59,209.76,210.31,13474915
2022-02-09,JPM,213.18,213.72,212.94,213.43,3668957
2022-02-10,JPM,211.44,219.05,210.68,213.01,17308343
2022-02-11,JPM,207.66,212.69,207.85,209.32,18110783
2022-02-14,JPM,205.52,207.67,199.86,204.58,7071212
2022-02-15,JPM,210.4,214.27,203.71,210.05,14637610
2022-02-16,JPM,208.9,212.98,205.74,210.01,12593297
2022-02-17,JPM,213.46,215.64,211.41,214.3,12865392
2022-02-18,JPM,211.72,216.55,211.13,211.81,8490410
2022-02-21,JPM,208.68,208.61,207.89,208.24,10754271
2022-02-22,JPM,215.82,218.97,212.36,215.17,5968528
2022-02-23,JPM,219.44,221.4,215.88,218.71,2151319
2022-02-24,JPM,225.22,226.59,222.5,224.5,4436847
2022-02-25,JPM,231.28,237.1,229.07,231.8,8111755
2022-02-28,JPM,229.16,240.2,229.06,230.88,10092471
2022-03-01,JPM,228.19,230.65,218.28,227.31,16235893
2022-03-02,JPM,225.0,227.04,223.24,224.9,5477267
2022-03-03,JPM,225.82,227.67,226.05,226.87,5242808
2022-03-04,JPM,231.45,233.59,230.51,231.57,8433339
2022-03-07,JPM,230.22,234.87,229.94,231.26,11198850
2022-03-08,JPM,237.2,239.94,228.59,235.7,12191647
2022-03-09,JPM,239.66,239.42,237.21,239.35,29601454
2022-03-10,JPM,237.45,237.21,234.44,236.13,4541246
2022-03-11,JPM,241.12,240.92,230.44,240.2,22002068
2022-03-14,JPM,237.37,240.8,236.95,237.1,4186709
2022-03-15,JPM,234.14,234.92,227.57,234.44,10698607
2022-03-16,JPM,236.59,238.44,236.27,238.34,5836810
2022-03-17,JPM,238.76,240.14,234.17,239.57,4807799
2022-03-18,JPM,242.68,248.32,242.93,243.71,14292764
2022-03-21,JPM,253.95,256.59,248.02,253.29,2791967
2022-03-22,JPM,251.89,261.49,249.96,252.22,2469645
2022-03-23,JPM,258.68,262.19,253.41,258.64,13380630
2022-03-24,JPM,263.47,263.84,257.76,261.1,3611471
2022-03-25,JPM,261.81,264.16,256.38,263.16,29737415
2022-03-28,JPM,261.75,264.49,254.38,261.7,5116127
2022-03-29,JPM,266.96,273.44,265.77,267.16,7977395
2022-03-30,JPM,266.38,270.05,265.76,269.03,25869995
2022-03-31,JPM,276.03,278.63,275.33,275.67,15144691
2022-04-01,JPM,279.19,284.27,279.03,281.39,10103675
2022-04-04,JPM,276.61,281.84,273.54,277.75,5135998
2022-04-05,JPM,279.86,283.46,273.91,279.04,2792765
2022-04-06,JPM,280.3,284.64,277.69,280.34,3611250
2022-04-07,JPM,277.17,284.45,266.23,279.62,22389409
2022-04-08,JPM,276.62,282.82,276.45,278.64,10889111
2022-04-11,JPM,291.39,295.47,289.31,291.09,2402245
2022-04-12,JPM,295.72,298.0,293.44,295.52,8799565
2022-04-13,JPM,296.76,298.92,295.02,297.05,3978266
2022-04-14,JPM,296.42,300.12,290.72,298.17,28426483
2022-04-15,JPM,303.69,308.96,297.24,302.35,4267599
2022-04-18,JPM,305.82,309.03,301.35,305.12,2528379
2022-04-19,JPM,306.25,311.32,303.85,307.18,15226368
2022-04-20,JPM,316.83,318.08,309.5,312.14,26316604
2022-04-21,JPM,309.61,316.34,309.92,310.84,1877553
2022-04-22,JPM,311.78,318.37,307.19,312.57,4547124
2022-04-25,JPM,314.01,315.17,311.48,312.46,3187375
2022-04-26,JPM,316.25,322.0,315.1,318.88,1276919
2022-04-27,JPM,320.96,321.84,318.9,320.26,2836558
2022-04-28,JPM,319.6,319.28,317.92,318.56,3938308
2022-04-29,JPM,323.38,328.36,320.01,323.33,2940247
2022-05-02,JPM,327.37,328.57,325.25,325.65,2163320
2022-05-03,JPM,334.46,339.72,330.13,332.37,8059731
2022-05-04,JPM,330.39,336.15,330.72,331.87,5140839
2022-05-05,JPM,325.02,327.53,323.08,323.42,12085550
2022-05-06,JPM,331.44,335.08,327.17,330.1,10387579
2022-05-09,JPM,321.18,322.05,318.84,320.96,6978764
2022-05-10,JPM,321.8,326.98,317.88,322.4,7264257
2022-05-11,JPM,319.49,322.23,315.59,317.62,3799276
2022-05-12,JPM,315.98,319.58,310.42,314.69,2270719
2022-05-13,JPM,318.28,320.75,313.41,318.41,7689685
2022-05-16,JPM,320.77,321.86,321.09,321.63,3512322
2022-05-17,JPM,323.97,325.04,316.64,321.67,7657275
2022-05-18,JPM,320.36,322.07,319.5,320.16,2718313
2022-05-19,JPM,316.02,323.95,315.22,317.56,5064745
2022-05-20,JPM,322.12,321.8,315.21,320.91,4324608
2022-05-23,JPM,318.07,320.54,314.54,319.34,2947142
2022-05-24,JPM,319.3,318.98,311.79,318.37,2965505
2022-05-25,JPM,320.65,320.33,311.84,320.16,5704451
2022-05-26,JPM,325.3,324.97,318.64,323.54,4006521
2022-05-27,JPM,322.1,321.78,314.56,320.06,9568489
2022-05-30,JPM,320.01,326.79,311.91,319.19,3564214
2022-05-31,JPM,336.28,339.72,326.54,334.09,6756389
2022-06-01,JPM,328.92,336.55,321.77,330.74,10784926
2022-06-02,JPM,331.45,336.53,328.46,332.86,4354891
2022-06-03,JPM,335.18,338.16,335.18,336.16,1005923
2022-06-06,JPM,335.81,340.32,329.2,336.75,2379780
2022-06-07,JPM,330.64,333.02,328.86,331.8,23289505
2022-06-08,JPM,334.25,341.84,333.58,337.02,3619567
2022-06-09,JPM,340.77,346.69,339.73,341.47,11954611
2022-06-10,JPM,347.88,349.16,343.44,348.54,2521667
2022-06-13,JPM,352.16,351.81,348.88,351.55,11274356
2022-06-14,JPM,353.09,359.24,349.97,355.25,10635303
2022-06-15,JPM,359.03,358.84,348.81,356.31,43616199
2022-06-16,JPM,353.04,358.91,352.19,354.93,2047711
2022-06-17,JPM,355.96,360.45,356.15,358.02,2575315
2022-06-20,JPM,350.41,354.15,346.25,346.71,1746742
2022-06-21,JPM,344.96,347.37,345.31,346.66,6005746
2022-06-22,JPM,350.14,353.88,347.45,351.73,1573919
2022-06-23,JPM,338.6,340.9,337.67,339.71,2707107
2022-06-24,JPM,338.89,339.86,336.1,338.53,7203136
2022-06-27,JPM,335.43,335.1,331.09,334.05,2677932
2022-06-28,JPM,332.38,345.47,330.75,333.96,14436690
2022-06-29,JPM,334.18,333.85,330.66,333.82,1286832
2022-06-30,JPM,330.23,332.48,326.36,329.1,8514351
2022-07-01,JPM,323.74,328.31,318.48,322.39,1863781
2022-07-04,JPM,319.78,321.75,316.2,319.97,5601962
2022-07-05,JPM,318.66,320.79,318.21,319.77,735727
2022-07-06,JPM,313.27,321.25,313.59,314.08,3016355
2022-07-07,JPM,325.84,334.97,317.62,326.09,3523277
2022-07-08,JPM,327.07,334.57,322.76,325.92,1361949
2022-07-11,JPM,323.95,330.56,320.66,324.99,5385270
2022-07-12,JPM,320.82,327.21,315.51,321.95,5776815
2022-07-13,JPM,328.05,328.04,317.57,324.9,9429200
2022-07-14,JPM,320.09,321.94,315.9,321.57,9440432
2022-07-15,JPM,321.4,324.2,318.59,320.7,14663762
2022-07-18,JPM,317.45,317.13,316.09,316.28,13925861
2022-07-19,JPM,320.35,320.03,314.56,319.72,13450367
2022-07-20,JPM,322.75,326.94,318.87,323.9,7898516
2022-07-21,JPM,318.96,322.61,315.13,320.28,4928868
2022-07-22,JPM,319.18,326.26,317.04,319.48,7951467
2022-07-25,JPM,324.31,324.59,319.15,321.39,4545469
2022-07-26,JPM,327.72,330.12,325.07,325.99,7189656
2022-07-27,JPM,325.88,334.78,322.66,325.86,1354084
2022-07-28,JPM,325.06,329.03,323.77,326.61,8786298
2022-07-29,JPM,328.05,328.1,324.09,324.73,7365159
2022-08-01,JPM,329.13,330.62,327.99,329.72,1889512
2022-08-02,JPM,336.66,339.02,334.08,335.98,6580290
2022-08-03,JPM,332.96,333.16,323.96,331.41,2842328
2022-08-04,JPM,333.35,336.76,333.61,333.81,4115031
2022-08-05,JPM,338.3,341.49,330.26,336.04,3695964
2022-08-08,JPM,333.62,333.84,333.07,333.69,24351634
2022-08-09,JPM,319.01,324.76,318.61,319.72,7766960
2022-08-10,JPM,321.97,325.16,320.8,321.55,3232356
2022-08-11,JPM,326.67,334.55,324.89,326.1,11919553
2022-08-12,JPM,337.3,336.97,328.66,335.11,7124618
2022-08-15,JPM,334.43,334.1,329.33,333.95,5577558
2022-08-16,JPM,337.41,349.36,336.8,338.37,9975372
2022-08-17,JPM,334.95,343.96,327.5,337.74,5700898
2022-08-18,JPM,327.98,330.1,327.74,329.9,1781713
2022-08-19,JPM,327.66,333.58,317.04,326.57,4411772
2022-08-22,JPM,327.28,327.3,324.94,326.89,13508703
2022-08-23,JPM,334.11,339.66,328.87,331.5,1806519
2022-08-24,JPM,328.32,330.82,323.19,327.5,2505270
2022-08-25,JPM,318.2,320.28,318.52,318.75,2781514
2022-08-26,JPM,319.79,319.93,315.8,319.02,11811290
2022-08-29,JPM,316.91,321.01,314.62,318.49,1899171
2022-08-30,JPM,321.83,323.81,317.8,322.25,6703937
2022-08-31,JPM,319.25,320.29,312.2,319.37,4210940
2022-09-01,JPM,321.93,325.16,321.15,321.79,19682208
2022-09-02,JPM,322.18,329.1,321.19,323.84,4627208
2022-09-05,JPM,322.38,331.41,319.41,323.01,1420852
2022-09-06,JPM,312.25,317.55,310.68,312.26,16785210
2022-09-07,JPM,318.25,319.81,318.03,319.56,3032021
2022-09-08,JPM,329.48,333.55,325.63,327.84,9299695
2022-09-09,JPM,331.67,331.34,322.02,330.8,6952097
2022-09-12,JPM,330.29,331.22,329.61,329.78,5282873
2022-09-13,JPM,332.92,335.42,323.81,330.63,6609889
2022-09-14,JPM,328.07,335.87,325.6,327.21,2739265
2022-09-15,JPM,327.96,338.32,323.48,328.63,13097586
2022-09-16,JPM,333.43,335.26,333.44,333.73,1964037
2022-09-19,JPM,341.83,345.81,338.65,339.89,2401619
2022-09-20,JPM,332.95,337.4,331.93,336.04,11083434
2022-09-21,JPM,345.7,345.35,341.7,343.45,9498153
2022-09-22,JPM,347.93,348.6,343.75,346.49,3972037
2022-09-23,JPM,347.09,347.21,345.35,345.4,2655570
2022-09-26,JPM,347.18,349.54,347.53,348.33,11491017
2022-09-27,JPM,344.37,345.75,341.64,344.81,3191717
2022-09-28,JPM,350.16,354.62,345.49,352.77,5564801
2022-09-29,JPM,350.09,357.32,345.42,351.77,3338209
2022-09-30,JPM,349.9,352.13,341.82,348.94,3268501
2022-10-03,JPM,343.12,349.12,340.05,344.16,1245059
2022-10-04,JPM,350.83,358.75,341.85,351.32,7357994
2022-10-05,JPM,359.0,359.92,354.88,359.66,13400404
2022-10-06,JPM,361.41,368.07,350.36,359.85,8698038
2022-10-07,JPM,350.5,350.15,334.99,348.76,3266401
2022-10-10,JPM,342.28,352.23,340.33,344.96,2175779
2022-10-11,JPM,355.69,372.93,349.73,355.8,16794415
2022-10-12,JPM,352.72,355.46,351.63,353.97,5221547
2022-10-13,JPM,360.01,361.9,352.05,360.18,1186444
2022-10-14,JPM,366.96,371.21,357.87,360.03,7212255
2022-10-17,JPM,354.77,358.3,353.78,357.84,7475211
2022-10-18,JPM,368.63,374.04,363.92,368.54,13172039
2022-10-19,JPM,371.74,376.49,372.11,372.45,2138444
2022-10-20,JPM,371.03,373.45,361.56,369.6,5642097
2022-10-21,JPM,377.84,377.46,367.74,376.37,2458241
2022-10-24,JPM,381.51,381.62,376.96,379.44,14486113
2022-10-25,JPM,375.49,375.83,367.2,371.33,3368896
2022-10-26,JPM,367.83,377.06,368.2,369.81,4938325
2022-10-27,JPM,357.91,365.21,358.23,358.76,9228347
2022-10-28,JPM,365.29,366.57,360.72,364.98,9492899
2022-10-31,JPM,368.75,378.37,363.89,368.95,10332431
2022-11-01,JPM,370.42,371.99,352.09,365.67,9231093
2022-11-02,JPM,364.66,365.17,359.97,364.44,4765718
2022-11-03,JPM,352.55,359.03,350.61,356.99,5279571
2022-11-04,JPM,352.04,351.69,340.15,350.68,9235161
2022-11-07,JPM,357.36,364.22,348.54,356.69,15918354
2022-11-08,JPM,351.23,357.5,349.57,351.25,2665925
2022-11-09,JPM,341.52,348.08,329.81,345.75,4807315
2022-11-10,JPM,350.99,361.92,347.49,352.13,8034880
2022-11-11,JPM,349.33,352.64,349.68,349.78,1603942
2022-11-14,JPM,350.08,350.33,345.12,348.23,13229353
2022-11-15,JPM,343.96,346.81,336.23,341.96,8199481
2022-11-16,JPM,339.25,348.06,336.21,341.54,2932354
2022-11-17,JPM,341.91,345.3,335.56,338.07,8112420
2022-11-18,JPM,343.4,345.03,336.44,343.51,16201998
2022-11-21,JPM,346.33,345.98,336.74,345.77,7511480
2022-11-22,JPM,351.55,351.2,345.91,350.32,3691089
2022-11-23,JPM,358.56,358.98,354.71,357.15,3667486
2022-11-24,JPM,363.53,368.65,363.24,367.1,16490391
2022-11-25,JPM,368.3,372.6,366.25,367.86,2317575
2022-11-28,JPM,362.15,366.55,361.08,364.27,7942626
2022-11-29,JPM,361.27,366.09,361.63,364.47,1133462
2022-11-30,JPM,363.94,374.06,363.54,364.84,4971174
2022-12-01,JPM,362.47,364.22,362.48,364.18,16340154
2022-12-02,JPM,364.44,380.42,357.58,365.78,9079149
2022-12-05,JPM,358.06,365.66,358.42,360.39,10727946
2022-12-06,JPM,351.19,359.91,338.01,351.97,4555130
2022-12-07,JPM,352.05,360.19,346.33,351.46,6855171
2022-12-08,JPM,342.11,347.87,342.12,343.97,4207568
2022-12-09,JPM,347.52,348.77,341.5,346.01,3300320
2022-12-12,JPM,340.36,340.45,331.99,339.78,4408497
2022-12-13,JPM,337.88,345.53,326.34,337.18,1903275
2022-12-14,JPM,336.45,339.51,332.47,335.75,8330228
2022-12-15,JPM,336.03,341.27,331.74,333.45,6883194
2022-12-16,JPM,336.32,340.38,329.92,337.22,7713982
2022-12-19,JPM,342.78,344.59,332.11,344.26,4995950
2022-12-20,JPM,343.85,345.06,340.17,344.85,3758010
2022-12-21,JPM,348.01,347.66,343.16,346.9,1934443
2022-12-22,JPM,344.51,344.17,338.53,343.5,4446371
2022-12-23,JPM,340.25,341.25,335.14,338.95,8433101
2022-12-26,JPM,329.1,335.4,323.45,332.87,9269772
2022-12-27,JPM,332.75,336.91,327.65,331.89,1477254
2022-12-28,JPM,323.9,334.59,318.25,327.67,6607980
2022-12-29,JPM,337.76,340.49,335.06,336.72,34270326
2022-12-30,JPM,332.56,336.82,328.99,330.33,2186603
2023-01-02,JPM,336.98,347.41,331.31,337.06,17748537
2023-01-03,JPM,340.27,342.14,340.61,340.88,3550991
2023-01-04,JPM,339.28,345.32,337.61,338.33,8096501
2023-01-05,JPM,338.93,338.59,331.19,337.61,6141734
2023-01-06,JPM,344.67,344.33,343.73,344.08,5811587
2023-01-09,JPM,348.17,348.91,337.4,344.15,9627041
2023-01-10,JPM,352.89,353.73,351.64,351.74,10926858
2023-01-11,JPM,358.63,365.16,358.99,359.26,15134897
2023-01-12,JPM,358.44,358.15,356.14,357.02,2986244
2023-01-13,JPM,356.02,357.35,347.11,354.45,8577959
2023-01-16,JPM,361.06,365.96,358.77,362.81,10957703
2023-01-17,JPM,354.78,354.43,351.04,353.76,1345494
2023-01-18,JPM,360.03,363.09,359.71,360.65,4721895
2023-01-19,JPM,361.24,366.35,355.19,363.77,7375466
2023-01-20,JPM,349.65,361.76,349.57,353.48,1679427
2023-01-23,JPM,349.14,355.96,346.43,349.19,2522358
2023-01-24,JPM,344.83,362.97,339.37,350.52,5164013
2023-01-25,JPM,342.36,342.78,334.06,339.86,5805881
2023-01-26,JPM,325.86,328.32,322.14,327.2,4380827
2023-01-27,JPM,326.03,325.82,323.64,324.48,2783934
2023-01-30,JPM,319.39,326.44,319.71,320.95,3578175
2023-01-31,JPM,328.29,330.72,328.62,329.25,4834053
2023-02-01,JPM,336.66,339.75,327.8,338.78,7706739
2023-02-02,JPM,337.39,337.54,330.34,336.79,7905581
2023-02-03,JPM,336.09,343.63,334.05,338.42,2658123
2023-02-06,JPM,332.2,338.56,332.53,332.99,2219417
2023-02-07,JPM,328.35,341.93,321.62,331.84,3296450
2023-02-08,JPM,325.43,326.56,319.05,322.27,9966685
2023-02-09,JPM,323.03,329.62,314.91,321.95,1635558
2023-02-10,JPM,334.41,334.08,325.93,332.75,12006840
2023-02-13,JPM,329.97,334.52,326.09,330.17,6396324
2023-02-14,JPM,322.03,328.35,319.66,321.19,4818355
2023-02-15,JPM,329.42,335.83,326.99,329.89,1678644
2023-02-16,JPM,340.34,346.62,334.79,339.31,3675009
2023-02-17,JPM,336.57,340.18,336.91,337.52,6963817
2023-02-20,JPM,331.52,332.76,328.22,329.05,11901696
2023-02-21,JPM,329.96,330.77,325.61,328.89,4429424
2023-02-22,JPM,319.35,325.89,315.6,318.77,3697817
2023-02-23,JPM,320.19,320.43,312.94,320.33,6191208
2023-02-24,JPM,306.2,314.89,306.5,309.06,4680847
2023-02-27,JPM,299.96,302.82,297.56,298.42,4579376
2023-02-28,JPM,295.36,298.98,295.62,298.0,2996122
2023-03-01,JPM,300.8,307.64,294.31,306.29,4767268
2023-03-02,JPM,302.09,310.27,299.88,303.48,2340943
2023-03-03,JPM,300.63,300.33,299.82,300.19,4216356
2023-03-06,JPM,298.75,301.49,299.05,299.32,3084405
2023-03-07,JPM,298.02,301.47,298.32,300.77,17999729
2023-03-08,JPM,296.77,302.74,296.73,298.19,8559446
2023-03-09,JPM,298.14,300.37,293.7,298.36,5140752
2023-03-10,JPM,293.27,296.84,284.67,292.35,5457162
2023-03-13,JPM,285.18,288.53,285.46,285.83,6724869
2023-03-14,JPM,287.97,291.78,283.55,289.73,2545255
2023-03-15,JPM,294.72,295.04,289.93,292.71,9870711
2023-03-16,JPM,290.42,295.18,290.72,291.73,2578496
2023-03-17,JPM,296.7,303.61,296.83,298.49,5329751
2023-03-20,JPM,304.64,304.34,303.38,304.02,3862954
2023-03-21,JPM,311.68,322.73,305.93,310.98,5892255
2023-03-22,JPM,315.99,321.34,315.34,316.26,2298838
2023-03-23,JPM,308.31,313.89,308.0,311.18,3642243
2023-03-24,JPM,313.67,314.99,311.52,312.22,7913703
2023-03-27,JPM,307.35,316.26,306.16,306.46,9935233
2023-03-28,JPM,313.19,313.96,309.54,312.48,3447803
2023-03-29,JPM,306.93,313.13,306.07,307.17,4590048
2023-03-30,JPM,305.29,308.52,301.41,305.36,9636216
2023-03-31,JPM,305.03,306.09,298.95,305.92,6468745
2023-04-03,JPM,301.92,302.35,301.44,301.82,7559129
2023-04-04,JPM,297.27,299.37,292.1,295.99,1898230
2023-04-05,JPM,294.83,301.28,285.21,295.85,2925920
2023-04-06,JPM,299.51,306.44,295.93,300.98,7982810
2023-04-07,JPM,292.41,297.27,283.84,294.18,12888565
2023-04-10,JPM,282.0,284.48,272.65,284.47,6305674
2023-04-11,JPM,291.11,295.4,288.58,290.56,2110962
2023-04-12,JPM,286.43,294.16,286.72,287.66,4088309
2023-04-13,JPM,286.67,291.76,286.7,287.77,7263408
2023-04-14,JPM,298.93,301.45,295.23,297.36,7327213
2023-04-17,JPM,290.13,292.74,289.08,291.96,7997525
2023-04-18,JPM,301.85,301.55,297.91,300.9,4828325
2023-04-19,JPM,306.43,307.96,304.41,306.9,26096391
2023-04-20,JPM,313.06,312.75,307.01,310.46,2137943
2023-04-21,JPM,303.2,302.89,301.97,302.17,9213113
2023-04-24,JPM,301.44,304.71,298.18,301.96,6423686
2023-04-25,JPM,296.63,299.98,287.67,297.34,2523838
2023-04-26,JPM,298.63,300.64,298.07,298.74,2792762
2023-04-27,JPM,288.79,291.46,288.39,288.62,4971711
2023-04-28,JPM,292.59,302.96,292.6,293.85,3352691
2023-05-01,JPM,299.42,299.12,296.28,298.63,8718336
2023-05-02,JPM,297.32,299.37,296.07,298.19,7199823
2023-05-03,JPM,308.57,312.39,304.29,305.21,5883388
2023-05-04,JPM,299.04,305.57,294.5,299.04,7592202
2023-05-05,JPM,298.14,304.15,297.84,298.08,8774452
2023-05-08,JPM,303.76,303.46,295.06,302.79,5078284
2023-05-09,JPM,301.21,305.48,301.51,302.18,8329328
2023-05-10,JPM,306.04,305.74,300.31,304.56,8632781
2023-05-11,JPM,297.35,301.73,293.15,298.39,10631016
2023-05-12,JPM,300.14,303.08,297.4,299.9,19089069
2023-05-15,JPM,300.29,302.66,299.9,300.79,12201852
2023-05-16,JPM,298.97,307.02,298.39,303.46,5023546
2023-05-17,JPM,298.77,304.62,294.99,302.07,6574376
2023-05-18,JPM,308.22,315.1,304.88,311.05,10719462
2023-05-19,JPM,306.88,315.83,304.19,308.66,13373847
2023-05-22,JPM,307.64,316.42,303.34,309.23,2377473
2023-05-23,JPM,313.64,320.28,313.47,316.45,12299576
2023-05-24,JPM,316.99,323.38,316.16,318.67,1364123
2023-05-25,JPM,315.28,319.12,312.97,314.13,4937234
2023-05-26,JPM,304.95,314.72,303.08,309.52,5947488
2023-05-29,JPM,318.69,318.37,311.88,317.67,6777027
2023-05-30,JPM,310.44,315.2,309.43,311.03,9551479
2023-05-31,JPM,319.73,325.76,311.1,316.86,20569096
2023-06-01,JPM,317.6,318.51,312.49,317.91,3676040
2023-06-02,JPM,315.08,318.72,315.39,316.31,10849071
2023-06-05,JPM,319.26,322.88,312.49,318.12,4598423
2023-06-06,JPM,317.3,316.98,311.31,316.03,958991
2023-06-07,JPM,317.83,319.07,310.05,315.26,4257470
2023-06-08,JPM,323.4,323.63,321.98,322.75,3231349
2023-06-09,JPM,319.71,323.67,320.03,321.18,4180693
2023-06-12,JPM,324.52,332.88,317.66,325.38,5494837
2023-06-13,JPM,322.35,324.44,321.41,324.22,6659859
2023-06-14,JPM,328.66,332.67,326.52,329.28,5504678
2023-06-15,JPM,330.57,334.44,326.41,331.13,2738368
2023-06-16,JPM,335.36,340.15,328.59,333.18,5101138
2023-06-19,JPM,330.77,335.45,331.1,333.81,16984586
2023-06-20,JPM,334.64,334.85,330.76,333.41,2819009
2023-06-21,JPM,329.8,336.41,320.73,328.5,27645783
2023-06-22,JPM,323.98,334.31,324.3,325.88,6535660
2023-06-23,JPM,334.5,347.11,326.0,336.21,1035603
2023-06-26,JPM,335.53,335.19,324.6,332.85,5722504
2023-06-27,JPM,337.57,339.25,336.1,336.46,9207958
2023-06-28,JPM,327.96,336.56,326.31,331.77,547058
2023-06-29,JPM,335.94,341.97,330.25,337.75,3019406
2023-06-30,JPM,340.22,343.51,331.86,339.11,3970012
2023-07-03,JPM,341.5,344.34,338.83,341.93,6417612
2023-07-04,JPM,356.98,358.97,357.34,358.71,2976894
2023-07-05,JPM,368.0,375.26,358.74,368.09,3504825
2023-07-06,JPM,385.33,384.95,371.66,383.34,861459
2023-07-07,JPM,377.17,383.79,372.35,380.66,2083751
2023-07-10,JPM,382.18,387.69,381.68,382.73,1553766
2023-07-11,JPM,388.55,392.7,383.9,391.97,17462027
2023-07-12,JPM,383.76,386.16,380.84,381.38,8767008
2023-07-13,JPM,383.18,391.8,374.49,383.66,1355724
2023-07-14,JPM,377.69,382.9,371.16,375.71,4110926
2023-07-17,JPM,372.02,376.78,371.66,374.27,10576334
2023-07-18,JPM,370.95,373.64,365.6,370.49,4151108
2023-07-19,JPM,367.13,371.75,364.23,366.38,1209397
2023-07-20,JPM,358.51,364.34,353.97,360.34,12240730
2023-07-21,JPM,357.19,358.49,352.85,355.59,1788709
2023-07-24,JPM,362.79,372.6,356.5,361.61,7228787
2023-07-25,JPM,352.74,352.39,344.84,352.19,3019480
2023-07-26,JPM,353.09,354.15,346.37,352.27,5471756
2023-07-27,JPM,347.6,351.83,343.29,346.29,2969234
2023-07-28,JPM,342.77,354.64,333.3,341.24,7105362
2023-07-31,JPM,337.15,346.25,326.98,338.32,3477751
2023-08-01,JPM,340.98,345.84,333.86,341.67,3619539
2023-08-02,JPM,336.25,341.03,335.62,337.48,1221708
2023-08-03,JPM,334.57,341.07,325.7,331.92,4292077
2023-08-04,JPM,337.45,342.41,336.52,338.11,2692788
2023-08-07,JPM,353.49,357.7,349.19,352.7,6336635
2023-08-08,JPM,346.44,357.95,337.65,348.42,4970998
2023-08-09,JPM,355.71,362.06,351.87,353.69,4616904
2023-08-10,JPM,355.23,362.02,346.16,353.42,6768617
2023-08-11,JPM,357.77,357.41,346.09,356.84,8979894
2023-08-14,JPM,362.78,369.27,362.64,364.7,4541300
2023-08-15,JPM,364.11,380.15,359.23,363.61,7211531
2023-08-16,JPM,371.97,378.36,371.49,372.37,25879285
2023-08-17,JPM,372.75,381.81,373.12,378.47,2408881
2023-08-18,JPM,379.45,386.1,370.76,379.18,8458558
2023-08-21,JPM,380.91,396.59,376.89,380.81,8226272
2023-08-22,JPM,380.62,384.32,374.43,377.23,1223304
2023-08-23,JPM,371.67,380.29,364.88,375.58,2431483
2023-08-24,JPM,378.59,378.21,372.41,377.3,15091307
2023-08-25,JPM,386.31,387.94,380.57,382.7,2098538
2023-08-28,JPM,382.47,395.19,375.89,381.37,9124162
2023-08-29,JPM,382.61,382.23,380.25,381.75,3080461
2023-08-30,JPM,374.11,378.67,374.48,374.63,11244896
2023-08-31,JPM,375.2,381.91,372.05,379.35,5572505
2023-09-01,JPM,377.39,380.74,373.44,373.63,2083119
2023-09-04,JPM,368.68,371.69,364.34,368.02,8819613
2023-09-05,JPM,361.35,362.02,357.36,359.79,9839101
2023-09-06,JPM,357.86,368.71,349.76,358.83,12024153
2023-09-07,JPM,361.46,369.85,354.78,362.19,5860882
2023-09-08,JPM,369.01,368.64,361.3,366.53,6304023
2023-09-11,JPM,365.09,373.09,360.77,364.14,2712648
2023-09-12,JPM,375.05,382.7,363.32,372.71,6649859
2023-09-13,JPM,388.63,395.81,384.09,384.58,10693050
2023-09-14,JPM,379.8,385.01,380.18,380.65,3923090
2023-09-15,JPM,382.74,384.13,371.07,379.57,2805498
2023-09-18,JPM,380.15,384.93,375.78,378.92,8824304
2023-09-19,JPM,381.21,382.3,381.32,381.63,18305402
2023-09-20,JPM,376.54,380.99,372.28,373.68,5399498
2023-09-21,JPM,379.76,386.39,378.25,379.8,14320955
2023-09-22,JPM,375.52,385.12,373.54,376.7,4467808
2023-09-25,JPM,375.48,381.34,359.99,374.91,5583481
2023-09-26,JPM,372.57,372.2,368.55,369.28,1404075
2023-09-27,JPM,368.47,374.71,357.11,370.04,13207610
2023-09-28,JPM,366.4,375.91,358.47,363.87,8987769
2023-09-29,JPM,359.5,363.33,358.59,359.61,6698965
2023-10-02,JPM,360.61,363.37,356.65,359.98,2686501
2023-10-03,JPM,366.79,369.55,344.72,363.83,5726255
2023-10-04,JPM,361.23,365.15,361.59,361.91,7904240
2023-10-05,JPM,361.86,361.5,353.51,361.37,7469519
2023-10-06,JPM,366.06,372.78,364.62,368.45,5542176
2023-10-09,JPM,371.51,383.53,366.95,374.41,7182604
2023-10-10,JPM,374.93,376.25,367.36,370.98,7013309
2023-10-11,JPM,362.28,370.67,348.56,361.7,4266126
2023-10-12,JPM,366.01,384.1,366.38,366.63,3013481
2023-10-13,JPM,370.63,371.77,370.45,371.0,5152330
2023-10-16,JPM,372.2,371.83,369.61,370.54,3547555
2023-10-17,JPM,370.85,376.81,368.15,373.03,4813885
2023-10-18,JPM,382.64,384.19,378.87,379.65,3742499
2023-10-19,JPM,380.37,393.74,374.27,382.46,11352287
2023-10-20,JPM,383.45,396.36,372.77,384.05,2644173
2023-10-23,JPM,382.46,393.55,380.5,385.76,5596015
2023-10-24,JPM,377.57,385.85,368.71,378.73,7041337
2023-10-25,JPM,384.48,387.79,380.97,385.98,12578292
2023-10-26,JPM,385.91,396.29,380.73,389.65,3551102
2023-10-27,JPM,389.29,400.67,371.13,389.95,12296355
2023-10-30,JPM,399.08,398.68,395.82,395.94,8354571
2023-10-31,JPM,403.7,409.66,404.1,406.83,14442415
2023-11-01,JPM,397.94,403.49,397.66,401.56,999536
2023-11-02,JPM,398.4,399.69,394.71,396.6,1525162
2023-11-03,JPM,391.86,394.07,389.84,392.35,5057937
2023-11-06,JPM,392.48,394.6,385.84,392.85,9188919
2023-11-07,JPM,391.39,392.08,383.63,389.27,3595405
2023-11-08,JPM,389.93,392.78,385.79,386.36,27205429
2023-11-09,JPM,386.2,403.62,386.58,387.87,1702480
2023-11-10,JPM,386.54,392.24,379.47,389.21,1056578
2023-11-13,JPM,407.31,406.91,398.2,403.91,5528131
2023-11-14,JPM,406.62,412.22,401.13,407.47,4664812
2023-11-15,JPM,406.07,409.83,397.2,408.53,961606
2023-11-16,JPM,412.67,416.57,406.11,411.63,2257143
2023-11-17,JPM,426.4,427.94,422.82,424.39,9431654
2023-11-20,JPM,420.4,426.74,415.68,419.46,813963
2023-11-21,JPM,428.22,435.04,419.61,430.75,5688842
2023-11-22,JPM,435.65,437.75,428.87,433.97,1308121
2023-11-23,JPM,427.03,429.1,427.45,428.77,2751565
2023-11-24,JPM,422.29,436.13,410.4,425.45,16363785
2023-11-27,JPM,425.9,430.77,415.04,428.59,9243822
2023-11-28,JPM,445.18,446.26,442.52,445.2,4305112
2023-11-29,JPM,445.32,452.18,445.22,448.94,8004728
2023-11-30,JPM,447.96,456.36,448.41,448.5,1651313
2023-12-01,JPM,439.15,444.68,430.81,440.67,1348752
2023-12-04,JPM,437.12,444.96,435.78,439.64,6796222
2023-12-05,JPM,426.82,426.4,420.99,425.23,17632877
2023-12-06,JPM,418.79,418.37,414.1,416.32,30895872
2023-12-07,JPM,417.98,426.06,417.67,417.86,6349145
2023-12-08,JPM,417.99,427.16,411.52,418.05,4674997
2023-12-11,JPM,413.46,415.22,407.18,413.81,5172233
2023-12-12,JPM,408.14,416.68,408.55,408.93,18139883
2023-12-13,JPM,433.69,433.26,426.73,431.13,4903123
2023-12-14,JPM,435.4,440.64,433.83,434.56,1094507
2023-12-15,JPM,430.48,439.7,420.3,431.58,1812809
2023-12-18,JPM,439.57,442.68,431.09,436.72,5597289
2023-12-19,JPM,428.52,447.38,416.3,428.74,3155471
2023-12-20,JPM,416.98,420.18,411.61,418.07,13021525
2023-12-21,JPM,429.19,428.76,412.33,426.81,3328115
2023-12-22,JPM,435.74,456.75,430.84,439.24,10992777
2023-12-25,JPM,443.99,447.53,430.64,442.78,1275388
2023-12-26,JPM,437.68,457.54,430.23,442.03,4028288
2023-12-27,JPM,449.23,452.55,446.88,448.97,13980372
2023-12-28,JPM,467.7,473.55,456.23,464.42,2180115
2023-12-29,JPM,450.29,467.61,442.21,455.12,2305102
2024-01-01,JPM,449.69,461.26,449.6,452.61,17348328
2024-01-02,JPM,448.05,468.3,447.95,454.64,8339647
2024-01-03,JPM,451.52,461.06,437.66,450.62,1351777
2024-01-04,JPM,455.92,471.11,452.87,455.96,6908970
2024-01-05,JPM,444.1,443.88,435.15,441.21,4695867
2024-01-08,JPM,432.38,433.95,426.86,433.79,3500209
2024-01-09,JPM,440.28,439.85,422.74,436.08,9182645
2024-01-10,JPM,421.37,425.45,421.8,424.5,15354379
2024-01-11,JPM,427.33,427.15,411.82,425.38,853628
2024-01-12,JPM,421.46,424.92,421.88,423.74,3480710
2024-01-15,JPM,427.56,433.91,417.1,426.27,2606649
2024-01-16,JPM,426.01,438.23,398.49,424.17,14541446
2024-01-17,JPM,432.02,431.59,422.01,430.85,6654400
2024-01-18,JPM,419.59,426.38,417.38,419.03,552357
2024-01-19,JPM,419.21,427.08,414.44,419.2,1525587
2024-01-22,JPM,416.69,418.86,414.01,416.71,3655544
2024-01-23,JPM,415.76,419.41,404.25,413.96,10263171
2024-01-24,JPM,406.01,410.65,403.42,407.37,5372684
2024-01-25,JPM,407.07,416.38,400.56,403.38,19831577
2024-01-26,JPM,400.95,400.55,398.81,400.52,7955378
2024-01-29,JPM,404.94,409.36,395.48,401.35,8666008
2024-01-30,JPM,405.59,409.32,401.06,404.65,5220262
2024-01-31,JPM,412.42,412.01,407.28,409.54,3625806
2024-02-01,JPM,409.13,411.69,407.05,407.92,11994961
2024-02-02,JPM,419.28,423.33,419.7,420.58,5970169
2024-02-05,JPM,420.58,421.29,417.39,420.35,11213963
2024-02-06,JPM,414.92,416.57,410.82,413.54,4249362
2024-02-07,JPM,419.04,423.03,404.52,411.96,2879599
2024-02-08,JPM,422.37,430.67,419.97,420.54,23232602
2024-02-09,JPM,425.77,427.11,420.44,423.92,5997490
2024-02-12,JPM,429.65,429.22,420.03,427.99,3798960
2024-02-13,JPM,426.19,430.24,422.16,422.6,8161654
2024-02-14,JPM,433.43,434.17,428.58,433.57,1889304
2024-02-15,JPM,451.63,451.18,444.33,449.48,13580501
2024-02-16,JPM,458.46,458.38,457.13,457.31,5653791
2024-02-19,JPM,445.09,444.65,440.15,444.63,4832329
2024-02-20,JPM,447.77,447.32,437.09,444.68,8279623
2024-02-21,JPM,459.12,466.93,455.11,456.79,4852275
2024-02-22,JPM,457.86,459.37,458.32,459.04,8977184
2024-02-23,JPM,458.3,460.29,458.76,459.15,2646278
2024-02-26,JPM,467.73,467.73,460.29,467.54,1771876
2024-02-27,JPM,482.97,484.41,468.66,479.78,3575125
2024-02-28,JPM,477.41,478.05,464.52,476.88,5329273
2024-02-29,JPM,469.04,470.89,457.12,467.02,8999321
2024-03-01,JPM,465.71,473.9,462.79,468.52,5178403
2024-03-04,JPM,476.51,488.51,474.57,476.69,3330059
2024-03-05,JPM,485.32,490.39,471.13,482.61,16307466
2024-03-06,JPM,477.08,495.32,477.55,478.63,5561572
2024-03-07,JPM,488.31,496.08,479.91,483.95,3469308
2024-03-08,JPM,478.29,483.52,473.21,473.37,11574470
2024-03-11,JPM,479.41,479.61,471.35,477.74,4791972
2024-03-12,JPM,470.8,470.33,461.31,470.27,14428352
2024-03-13,JPM,481.12,487.88,481.6,485.15,2381636
2024-03-14,JPM,483.92,492.8,475.69,483.83,35087551
2024-03-15,JPM,485.03,486.92,481.13,484.38,9528935
2024-03-18,JPM,474.08,479.35,463.39,474.84,4537768
2024-03-19,JPM,488.74,488.56,480.34,485.63,5251618
2024-03-20,JPM,499.51,499.02,493.55,497.71,4495195
2024-03-21,JPM,492.83,498.83,487.72,491.59,4721504
2024-03-22,JPM,502.6,515.88,498.57,508.85,2316313
2024-03-25,JPM,508.14,526.79,507.42,513.54,3950011
2024-03-26,JPM,516.29,517.69,500.81,515.13,3420564
2024-03-27,JPM,523.22,534.09,523.43,524.06,8540683
2024-03-28,JPM,531.47,538.33,523.64,531.69,12260028
2024-03-29,JPM,530.07,534.42,525.86,528.36,13893436
2024-04-01,JPM,529.23,536.83,524.12,529.38,4772826
2024-04-02,JPM,520.04,524.02,519.59,519.62,5965599
2024-04-03,JPM,510.55,518.85,496.73,515.15,5763797
2024-04-04,JPM,515.78,515.75,510.3,510.76,8920630
2024-04-05,JPM,510.86,510.35,505.72,509.08,20246238
2024-04-08,JPM,511.37,529.16,506.28,510.62,3733671
2024-04-09,JPM,504.81,509.02,498.47,506.48,2130706
2024-04-10,JPM,496.77,516.12,495.46,499.05,1593526
2024-04-11,JPM,501.46,510.23,491.72,499.91,1044252
2024-04-12,JPM,503.24,515.0,498.61,504.31,6653555
2024-04-15,JPM,515.26,517.01,504.36,513.46,3379766
2024-04-16,JPM,509.5,512.36,507.8,512.04,1871046
2024-04-17,JPM,532.94,545.92,529.84,532.66,10080013
2024-04-18,JPM,538.63,541.83,539.11,539.5,7687937
2024-04-19,JPM,529.3,534.13,528.3,530.25,5258333
2024-04-22,JPM,511.96,517.85,509.73,514.52,5829854
2024-04-23,JPM,506.72,509.61,507.23,508.82,1708027
2024-04-24,JPM,514.04,513.53,510.62,512.72,8150652
2024-04-25,JPM,504.98,509.55,499.85,503.82,12596290
2024-04-26,JPM,496.89,506.95,497.07,498.3,13007856
2024-04-29,JPM,499.81,505.49,489.3,503.12,3436143
2024-04-30,JPM,507.45,520.9,506.18,508.97,4623939
2024-05-01,JPM,495.84,500.93,494.94,498.7,12831563
2024-05-02,JPM,506.43,505.92,493.02,503.99,7066303
2024-05-03,JPM,522.74,530.04,510.9,521.94,4165871
2024-05-06,JPM,514.4,523.72,510.02,515.45,18670960
2024-05-07,JPM,503.41,509.84,502.82,507.09,4329072
2024-05-08,JPM,500.7,511.4,501.2,502.24,3845040
2024-05-09,JPM,493.79,508.64,484.37,493.75,2522305
2024-05-10,JPM,490.77,494.25,477.74,490.95,5903089
2024-05-13,JPM,487.51,491.93,486.28,487.35,17589062
2024-05-14,JPM,496.03,495.87,475.75,490.46,7637457
2024-05-15,JPM,485.46,488.14,477.43,486.8,4496830
2024-05-16,JPM,482.62,486.44,474.57,485.88,6657719
2024-05-17,JPM,496.51,507.42,490.45,496.79,8115433
2024-05-20,JPM,494.21,501.5,494.7,498.64,18210525
2024-05-21,JPM,497.13,509.58,489.94,495.16,4192716
2024-05-22,JPM,495.96,500.22,484.99,496.99,1435566
2024-05-23,JPM,491.88,493.95,483.82,492.1,2820407
2024-05-24,JPM,506.02,511.31,496.83,509.13,2010731
2024-05-27,JPM,517.68,524.38,517.1,520.8,4704603
2024-05-28,JPM,525.01,530.4,510.78,523.76,5343362
2024-05-29,JPM,530.51,534.87,515.95,526.06,4027579
2024-05-30,JPM,523.94,534.22,524.46,526.62,13895490
2024-05-31,JPM,522.15,538.82,518.81,526.06,2248023
2024-06-03,JPM,539.5,550.68,528.74,539.59,11850555
2024-06-04,JPM,544.24,548.25,543.47,545.33,7448705
2024-06-05,JPM,551.25,564.56,546.75,550.49,14155166
2024-06-06,JPM,550.22,554.99,550.77,554.47,3667172
2024-06-07,JPM,552.34,551.79,542.24,550.38,11357841
2024-06-10,JPM,553.6,555.84,540.56,550.15,11081243
2024-06-11,JPM,564.35,569.9,558.32,565.11,6883537
2024-06-12,JPM,564.23,570.17,556.6,564.58,12955694
2024-06-13,JPM,561.54,563.9,552.13,561.82,4558886
2024-06-14,JPM,556.82,561.73,548.12,552.59,5113686
2024-06-17,JPM,554.77,559.15,544.23,553.31,10156903
2024-06-18,JPM,554.2,557.66,548.22,550.55,3487270
2024-06-19,JPM,554.55,566.87,553.25,556.05,5975890
2024-06-20,JPM,563.86,573.21,563.32,566.64,5477648
2024-06-21,JPM,566.6,568.27,565.52,565.85,45964621
2024-06-24,JPM,572.84,578.26,567.9,571.96,3024007
2024-06-25,JPM,568.8,568.94,563.87,567.58,2275685
2024-06-26,JPM,576.48,579.89,564.43,574.24,9198095
2024-06-27,JPM,582.88,582.3,577.25,580.14,8643099
2024-06-28,JPM,571.3,572.58,565.83,568.3,3831299
2024-07-01,JPM,569.86,581.29,563.11,568.0,6001194
2024-07-02,JPM,576.98,590.7,569.32,582.52,2135612
2024-07-03,JPM,575.0,577.7,575.58,577.2,6422178
2024-07-04,JPM,564.61,578.75,565.18,566.55,3088239
2024-07-05,JPM,555.0,561.79,552.0,553.13,5779238
2024-07-08,JPM,547.64,547.1,537.98,546.25,3852492
2024-07-09,JPM,562.75,572.22,555.66,563.75,21826439
2024-07-10,JPM,554.1,556.87,541.11,554.4,1635346
2024-07-11,JPM,541.45,546.95,526.37,546.21,9367708
2024-07-12,JPM,557.96,574.17,551.58,554.81,4530415
2024-07-15,JPM,548.07,561.56,546.3,550.87,4768233
2024-07-16,JPM,559.98,563.1,556.42,560.18,5894954
2024-07-17,JPM,554.88,559.89,551.47,552.29,7100914
2024-07-18,JPM,539.92,545.36,534.84,540.38,20239065
2024-07-19,JPM,528.29,532.41,517.61,529.92,2992660
2024-07-22,JPM,522.05,531.32,513.43,523.62,10193177
2024-07-23,JPM,512.98,517.89,511.7,517.37,14353992
2024-07-24,JPM,525.41,535.99,522.76,524.82,4366887
2024-07-25,JPM,527.67,537.02,525.71,527.73,7077124
2024-07-26,JPM,539.89,555.3,536.39,539.41,3352086
2024-07-29,JPM,542.81,544.13,541.73,541.76,3288491
2024-07-30,JPM,534.5,534.9,532.85,534.55,2211048
2024-07-31,JPM,537.95,544.76,538.01,538.35,4531669
2024-08-01,JPM,539.12,547.37,530.48,535.34,3551798
2024-08-02,JPM,528.39,527.86,513.06,526.17,3944919
2024-08-05,JPM,531.32,540.32,522.46,533.53,2101820
2024-08-06,JPM,515.36,528.78,514.51,518.81,2079265
2024-08-07,JPM,537.67,537.13,532.83,533.01,3574357
2024-08-08,JPM,534.48,538.74,529.44,532.41,4903240
2024-08-09,JPM,533.78,546.46,526.35,530.35,2512456
2024-08-12,JPM,537.16,540.26,519.8,536.37,2210071
2024-08-13,JPM,537.41,543.09,533.05,541.09,1093011
2024-08-14,JPM,542.56,552.99,543.11,545.95,6671378
2024-08-15,JPM,554.67,559.43,544.55,551.79,3873983
2024-08-16,JPM,548.41,558.44,538.2,546.76,5412225
2024-08-19,JPM,559.77,568.33,560.33,560.46,807359
2024-08-20,JPM,568.3,567.73,550.64,564.0,3043358
2024-08-21,JPM,558.63,564.52,558.92,561.03,8455084
2024-08-22,JPM,560.63,561.21,544.27,559.6,2806494
2024-08-23,JPM,547.4,553.6,546.46,549.83,3768572
2024-08-26,JPM,552.39,556.91,548.38,549.47,13311720
2024-08-27,JPM,538.29,553.22,529.11,538.05,5292175
2024-08-28,JPM,530.14,541.79,530.15,534.6,4923445
2024-08-29,JPM,536.02,547.47,532.87,536.2,3841994
2024-08-30,JPM,544.93,549.04,537.41,542.17,8537866
2024-09-02,JPM,557.36,565.43,546.74,556.49,11646022
2024-09-03,JPM,546.72,558.23,545.19,548.72,2722935
2024-09-04,JPM,551.29,563.33,549.71,550.82,915215
2024-09-05,JPM,548.08,559.88,533.09,546.19,7041264
2024-09-06,JPM,552.2,559.67,551.84,553.92,16591139
2024-09-09,JPM,566.59,567.45,562.85,564.95,14295607
2024-09-10,JPM,545.8,560.95,532.92,546.16,7012185
2024-09-11,JPM,549.82,556.47,539.85,556.43,12582572
2024-09-12,JPM,539.01,545.48,529.14,541.67,5122135
2024-09-13,JPM,553.82,555.76,548.28,552.59,5765114
2024-09-16,JPM,553.28,557.13,549.12,553.62,11826486
2024-09-17,JPM,548.25,556.22,547.17,547.7,5582892
2024-09-18,JPM,540.51,544.74,536.53,542.8,2806555
2024-09-19,JPM,528.54,539.75,527.99,529.49,17786021
2024-09-20,JPM,537.4,552.25,537.94,539.02,1555162
2024-09-23,JPM,522.95,536.81,514.87,526.87,7135353
2024-09-24,JPM,523.47,534.26,520.17,522.64,1933101
2024-09-25,JPM,521.43,525.34,513.6,519.9,9451866
2024-09-26,JPM,511.95,517.38,505.02,513.41,1579716
2024-09-27,JPM,515.29,515.48,514.91,515.04,2397412
2024-09-30,JPM,514.5,529.83,498.58,514.66,1886411
2024-10-01,JPM,520.46,544.95,517.63,522.14,5355559
2024-10-02,JPM,522.14,521.62,512.63,519.4,590569
2024-10-03,JPM,516.77,527.91,516.08,518.35,7257042
2024-10-04,JPM,518.12,522.77,516.14,522.05,4789374
2024-10-07,JPM,526.92,538.41,516.16,528.61,2983905
2024-10-08,JPM,530.82,540.6,507.62,528.7,4423721
2024-10-09,JPM,528.35,538.41,518.07,528.75,7001971
2024-10-10,JPM,527.6,531.12,518.15,526.85,12300151
2024-10-11,JPM,522.49,533.74,506.1,519.77,6142048
2024-10-14,JPM,517.85,534.02,512.17,523.43,6173907
2024-10-15,JPM,529.99,534.96,530.52,530.77,4754875
2024-10-16,JPM,545.22,551.75,535.03,540.59,8505145
2024-10-17,JPM,553.16,572.3,529.1,550.84,16415669
2024-10-18,JPM,564.42,579.41,564.99,568.98,9657854
2024-10-21,JPM,556.31,563.62,552.43,555.66,8762019
2024-10-22,JPM,559.35,571.87,544.92,555.54,10393744
2024-10-23,JPM,561.28,579.23,559.1,564.69,5707306
2024-10-24,JPM,555.56,562.03,553.13,555.25,7066221
2024-10-25,JPM,562.97,567.47,561.96,567.04,26636138
2024-10-28,JPM,584.04,606.47,579.51,584.41,6603979
2024-10-29,JPM,583.17,595.68,575.94,580.73,1063584
2024-10-30,JPM,582.88,582.3,574.73,581.41,3362112
2024-10-31,JPM,571.77,575.76,558.46,568.89,4875219
2024-11-01,JPM,572.7,572.13,559.29,570.23,5541045
2024-11-04,JPM,564.86,567.35,563.06,565.06,8229674
2024-11-05,JPM,557.75,562.51,556.72,557.92,1677827
2024-11-06,JPM,550.8,553.85,547.5,551.42,6839246
2024-11-07,JPM,561.13,570.09,547.63,561.35,2397299
2024-11-08,JPM,580.8,581.49,567.87,577.13,6959840
2024-11-11,JPM,573.5,574.4,566.86,569.91,2182890
2024-11-12,JPM,554.59,565.65,549.55,555.01,16310799
2024-11-13,JPM,573.29,573.12,547.52,568.11,1713121
2024-11-14,JPM,570.4,587.31,570.89,574.24,3033217
2024-11-15,JPM,564.61,566.99,562.32,563.63,1424324
2024-11-18,JPM,554.42,556.24,551.46,555.63,13139707
2024-11-19,JPM,563.0,569.74,562.48,564.96,4199916
2024-11-20,JPM,574.45,574.94,563.15,572.75,2017158
2024-11-21,JPM,582.05,587.51,571.41,579.09,5654436
2024-11-22,JPM,601.73,601.77,587.26,596.81,2807211
2024-11-25,JPM,604.08,624.01,591.43,603.64,2070557
2024-11-26,JPM,594.93,614.53,590.37,597.27,12179836
2024-11-27,JPM,596.45,595.85,590.88,594.79,3880804
2024-11-28,JPM,587.47,588.25,571.42,585.62,1400118
2024-11-29,JPM,580.36,587.18,574.11,585.0,4459266
2024-12-02,JPM,586.83,586.51,567.44,582.52,2596819
2024-12-03,JPM,586.67,586.08,576.86,583.69,7807605
2024-12-04,JPM,593.81,600.63,575.78,591.29,6070224
2024-12-05,JPM,591.2,592.79,584.47,591.75,3500332
2024-12-06,JPM,575.84,587.91,571.97,578.44,8049467
2024-12-09,JPM,571.06,580.32,562.51,575.51,354866
2024-12-10,JPM,579.16,584.46,576.27,579.34,6088843
2024-12-11,JPM,570.54,569.97,550.92,569.85,3935769
2024-12-12,JPM,568.22,580.26,563.15,570.68,6119421
2024-12-13,JPM,566.12,575.0,564.54,564.82,6454213
2024-12-16,JPM,564.66,574.48,558.59,567.86,7049599
2024-12-17,JPM,563.48,568.45,564.04,566.44,50077101
2024-12-18,JPM,560.94,564.77,554.51,562.04,644463
2024-12-19,JPM,562.49,568.36,553.42,565.48,6566391
2024-12-20,JPM,577.06,576.48,573.84,575.01,4314778
2024-12-23,JPM,579.26,595.28,573.07,575.92,1247786
2024-12-24,JPM,575.3,579.35,574.36,577.33,8564678
2024-12-25,JPM,573.4,591.19,573.97,574.82,4400128
2024-12-26,JPM,572.53,577.32,561.24,572.66,2006702
2024-12-27,JPM,564.22,582.37,558.84,568.22,6618286
2024-12-30,JPM,552.49,560.97,545.61,555.92,3641488
2024-12-31,JPM,582.61,582.03,574.05,580.87,11175587
2020-01-02,V,190.85,195.25,191.04,192.19,2445833
2020-01-03,V,194.9,196.39,194.24,194.57,4133169
2020-01-06,V,192.59,194.33,188.04,192.84,15120638
2020-01-07,V,193.02,194.71,190.85,193.51,3608153
2020-01-08,V,192.77,195.0,192.67,192.87,2778693
2020-01-09,V,192.77,193.37,191.88,192.43,3212703
2020-01-10,V,188.51,195.91,187.22,188.04,3686980
2020-01-13,V,188.37,189.96,188.52,188.62,4168798
2020-01-14,V,191.07,195.5,189.87,190.52,12673140
2020-01-15,V,189.43,192.18,187.34,190.09,9782339
2020-01-16,V,191.67,191.48,190.53,191.23,2022596
2020-01-17,V,192.31,193.08,189.43,191.17,6221172
2020-01-20,V,193.21,199.31,192.08,192.85,3276180
2020-01-21,V,192.34,194.9,191.17,192.7,3325237
2020-01-22,V,193.85,196.34,192.61,195.17,2430238
2020-01-23,V,194.5,197.25,191.27,193.95,1491924
2020-01-24,V,189.32,193.97,188.4,189.54,5872715
2020-01-27,V,191.82,191.63,189.35,191.19,2021431
2020-01-28,V,193.34,194.72,191.17,194.38,19949866
2020-01-29,V,199.38,200.35,199.58,200.05,14877572
2020-01-30,V,209.5,211.67,203.34,208.41,6901168
2020-01-31,V,208.1,211.52,208.31,208.89,722474
2020-02-03,V,209.27,211.12,206.38,210.4,2392997
2020-02-04,V,207.22,207.6,207.06,207.13,3345773
2020-02-05,V,207.08,209.97,205.41,208.15,7257515
2020-02-06,V,211.79,214.91,210.4,213.0,6208006
2020-02-07,V,213.63,214.83,212.99,213.16,1715017
2020-02-10,V,215.21,215.0,209.9,214.46,15323986
2020-02-11,V,222.12,222.73,217.98,221.15,20381923
2020-02-12,V,220.84,221.42,219.61,220.81,19235534
2020-02-13,V,223.59,224.48,221.83,224.23,2001647
2020-02-14,V,224.96,224.74,221.26,222.47,2241845
2020-02-17,V,224.45,224.22,221.37,223.64,2312475
2020-02-18,V,229.1,233.98,228.11,228.24,1119033
2020-02-19,V,228.16,228.73,224.7,227.59,6124082
2020-02-20,V,228.39,235.62,227.99,228.9,4022775
2020-02-21,V,230.16,230.44,227.37,230.0,1621064
2020-02-24,V,223.85,228.02,222.51,224.74,7676043
2020-02-25,V,225.03,224.93,218.74,224.32,8792210
2020-02-26,V,231.17,231.98,229.09,229.57,7880566
2020-02-27,V,225.56,230.65,223.93,225.46,4730706
2020-02-28,V,227.34,227.16,225.63,226.05,3101994
2020-03-02,V,233.83,236.28,230.84,234.86,9585896
2020-03-03,V,233.49,236.08,230.09,232.3,2973723
2020-03-04,V,233.39,234.89,230.15,231.74,3165532
2020-03-05,V,233.82,236.22,233.64,234.16,1193522
2020-03-06,V,232.0,233.69,232.23,232.6,14032461
2020-03-09,V,233.04,234.35,226.35,233.03,4290828
2020-03-10,V,239.05,238.81,233.39,237.28,2993008
2020-03-11,V,236.52,238.43,233.28,236.34,12388342
2020-03-12,V,234.37,234.14,233.76,233.77,14955686
2020-03-13,V,237.25,238.72,235.5,236.49,19303071
2020-03-16,V,243.97,243.72,243.1,243.34,16729401
2020-03-17,V,245.3,248.85,245.54,245.56,42866333
2020-03-18,V,251.98,251.73,244.43,251.3,5369732
2020-03-19,V,250.32,250.47,244.6,249.49,8139856
2020-03-20,V,254.71,258.96,251.32,255.07,2997683
2020-03-23,V,256.08,259.37,253.92,256.53,5749260
2020-03-24,V,258.55,260.05,256.07,260.04,1887171
2020-03-25,V,263.29,266.46,261.76,262.2,16087612
2020-03-26,V,254.76,259.53,248.34,255.22,4567573
2020-03-27,V,256.65,261.99,253.02,255.13,27051495
2020-03-30,V,255.72,259.05,255.68,256.43,1307716
2020-03-31,V,249.75,253.53,247.54,249.39,2365207
2020-04-01,V,260.45,262.63,258.82,260.53,3047045
2020-04-02,V,259.57,261.81,259.58,260.03,10497789
2020-04-03,V,264.12,269.9,263.83,265.14,6130539
2020-04-06,V,268.81,271.27,264.29,267.33,8175249
2020-04-07,V,262.2,266.33,262.47,264.24,20456891
2020-04-08,V,267.05,269.56,266.13,267.85,3004146
2020-04-09,V,265.28,265.67,259.95,264.25,4300689
2020-04-10,V,259.48,263.79,255.85,260.62,4711542
2020-04-13,V,260.83,269.26,260.33,261.58,9854275
2020-04-14,V,264.15,267.19,264.41,265.7,4185902
2020-04-15,V,263.4,263.13,260.51,263.13,3098967
2020-04-16,V,258.8,263.88,257.06,258.63,2421897
2020-04-17,V,258.93,262.41,256.28,257.64,2962301
2020-04-20,V,260.67,261.55,258.85,260.67,1849033
2020-04-21,V,263.96,265.84,261.46,263.32,5000661
2020-04-22,V,265.82,269.36,260.47,263.99,2040423
2020-04-23,V,259.68,268.11,257.63,259.52,12446934
2020-04-24,V,259.26,261.26,259.52,260.44,7693492
2020-04-27,V,265.98,272.58,259.94,267.42,5388929
2020-04-28,V,275.12,279.59,270.83,275.25,6685770
2020-04-29,V,275.46,277.49,274.95,275.23,15322531
2020-04-30,V,280.93,285.55,278.44,279.71,8914771
2020-05-01,V,283.78,286.18,275.89,282.09,10852452
2020-05-04,V,284.1,288.98,282.87,284.35,4434859
2020-05-05,V,286.56,290.0,277.7,284.67,6499519
2020-05-06,V,290.59,293.4,287.6,291.69,3804410
2020-05-07,V,285.9,285.61,278.71,285.18,1318681
2020-05-08,V,282.75,285.83,279.81,282.38,4101264
2020-05-11,V,285.11,284.83,279.91,284.04,4272934
2020-05-12,V,286.08,292.53,278.23,285.61,5527413
2020-05-13,V,280.52,283.47,280.8,281.49,5002072
2020-05-14,V,278.49,283.84,274.51,279.51,2111777
2020-05-15,V,279.44,285.09,279.1,282.37,4774174
2020-05-18,V,281.67,287.82,277.42,281.97,3944302
2020-05-19,V,278.78,284.85,277.08,280.43,5434562
2020-05-20,V,279.22,285.73,277.53,279.86,9923746
2020-05-21,V,273.84,277.27,271.02,275.31,2274755
2020-05-22,V,278.4,279.7,276.95,278.01,9578724
2020-05-25,V,283.21,284.48,274.67,280.82,1879192
2020-05-26,V,278.67,279.52,272.42,278.53,6278608
2020-05-27,V,278.92,283.87,278.13,280.02,16010911
2020-05-28,V,277.22,278.72,276.19,276.58,3878800
2020-05-29,V,274.61,279.26,274.12,274.19,18644858
2020-06-01,V,278.96,283.08,275.83,278.26,6638222
2020-06-02,V,275.83,280.84,274.61,277.0,1089452
2020-06-03,V,277.71,279.96,277.99,279.34,6340442
2020-06-04,V,281.26,287.4,281.09,281.39,5732581
2020-06-05,V,281.63,286.0,280.05,281.28,20514240
2020-06-08,V,286.48,292.04,286.29,286.42,2542667
2020-06-09,V,289.93,294.86,277.97,288.04,4826527
2020-06-10,V,296.42,296.12,295.33,295.98,2373833
2020-06-11,V,301.97,301.67,300.24,300.87,7009887
2020-06-12,V,302.57,306.81,302.55,303.62,4527146
2020-06-15,V,305.34,307.08,300.82,303.82,19026568
2020-06-16,V,303.75,305.01,303.22,304.22,8666196
2020-06-17,V,305.75,305.54,301.87,305.31,3764015
2020-06-18,V,301.04,304.68,300.49,300.7,5924349
2020-06-19,V,299.25,305.93,296.07,302.79,1853433
2020-06-22,V,305.11,306.8,300.97,306.23,16155225
2020-06-23,V,312.11,314.04,307.79,310.93,2656757
2020-06-24,V,317.04,323.32,317.36,317.82,3271446
2020-06-25,V,315.92,317.52,312.27,316.59,2100882
2020-06-26,V,319.19,321.27,319.51,320.74,5848792
2020-06-29,V,315.32,320.94,312.44,318.3,7080074
2020-06-30,V,310.37,314.43,308.55,313.19,5633378
2020-07-01,V,308.73,308.42,298.54,306.88,7964570
2020-07-02,V,313.57,313.25,304.24,310.59,8277318
2020-07-03,V,314.33,318.59,314.11,315.9,4630485
2020-07-06,V,314.29,317.7,310.05,315.82,4657612
2020-07-07,V,313.15,317.64,307.5,314.55,5650928
2020-07-08,V,312.29,315.71,310.43,313.09,5587163
2020-07-09,V,307.22,311.31,300.0,307.62,1290218
2020-07-10,V,307.42,309.85,304.62,305.56,23905527
2020-07-13,V,299.94,303.98,298.83,300.19,2593982
2020-07-14,V,303.64,304.38,298.62,301.62,7634742
2020-07-15,V,304.69,307.89,301.92,304.09,7277343
2020-07-16,V,305.4,310.26,305.71,307.62,8521091
2020-07-17,V,304.66,304.41,303.52,304.05,848248
2020-07-20,V,303.93,306.62,297.78,304.2,6469374
2020-07-21,V,304.6,311.93,301.65,303.14,15089640
2020-07-22,V,297.66,301.46,292.81,297.74,6842256
2020-07-23,V,298.64,302.5,295.3,297.64,7875086
2020-07-24,V,302.02,301.72,295.83,300.16,2818712
2020-07-27,V,298.15,297.95,295.87,296.44,502961
2020-07-28,V,288.53,299.97,282.17,289.83,6090032
2020-07-29,V,292.69,293.36,283.97,290.96,1781624
2020-07-30,V,287.09,288.38,286.19,287.89,7862385
2020-07-31,V,283.76,288.97,282.79,284.16,1226213
2020-08-03,V,279.54,282.55,279.82,281.17,4465253
2020-08-04,V,287.34,291.1,280.4,287.2,2890058
2020-08-05,V,286.25,287.83,279.79,283.99,8472049
2020-08-06,V,285.47,289.09,282.8,286.15,8990131
2020-08-07,V,289.71,295.01,287.38,290.31,1689292
2020-08-10,V,294.66,299.35,291.09,294.15,3168243
2020-08-11,V,287.29,294.37,284.97,289.01,1803576
2020-08-12,V,283.44,288.19,282.3,285.19,8955299
2020-08-13,V,286.61,290.44,284.5,288.98,1620330
2020-08-14,V,282.27,287.13,282.55,283.05,2432269
2020-08-17,V,281.14,283.53,274.19,281.31,11717664
2020-08-18,V,274.92,277.54,273.85,277.1,5900237
2020-08-19,V,281.8,286.16,278.31,281.21,1627325
2020-08-20,V,283.46,288.43,283.75,284.22,723842
2020-08-21,V,281.73,281.44,277.84,280.83,2831498
2020-08-24,V,275.76,279.14,273.13,277.3,9860308
2020-08-25,V,276.86,288.05,277.13,279.22,4837860
2020-08-26,V,279.58,282.86,273.95,281.9,1728437
2020-08-27,V,289.64,295.24,283.35,289.76,3324773
2020-08-28,V,288.72,294.64,286.28,286.35,2122174
2020-08-31,V,288.42,293.61,287.25,288.01,12019305
2020-09-01,V,286.38,293.37,282.89,286.17,8916718
2020-09-02,V,284.64,285.56,280.87,284.75,9284974
2020-09-03,V,287.16,290.67,279.89,287.51,10695735
2020-09-04,V,296.46,297.31,290.78,294.48,1299206
2020-09-07,V,300.51,301.15,294.25,298.6,4129724
2020-09-08,V,303.4,305.59,301.83,302.45,2021773
2020-09-09,V,304.89,311.83,301.83,307.89,2189068
2020-09-10,V,305.7,307.45,299.96,305.59,6452365
2020-09-11,V,305.26,308.45,305.57,307.34,5893583
2020-09-14,V,298.62,300.48,294.62,297.98,3603552
2020-09-15,V,304.42,306.09,302.85,305.64,4518482
2020-09-16,V,299.68,300.74,295.25,299.31,3928434
2020-09-17,V,296.4,299.94,294.73,296.63,2287927
2020-09-18,V,297.15,301.57,293.21,296.45,3327072
2020-09-21,V,294.21,293.91,291.06,293.44,2523522
2020-09-22,V,286.26,289.58,277.72,286.25,1544296
2020-09-23,V,282.19,283.92,281.78,283.34,5150335
2020-09-24,V,286.32,291.99,283.81,286.38,1801496
2020-09-25,V,286.64,288.53,284.22,286.0,5599152
2020-09-28,V,283.72,286.29,280.37,283.28,21786239
2020-09-29,V,281.71,288.1,277.75,283.11,5551495
2020-09-30,V,284.59,286.22,279.53,285.33,5318917
2020-10-01,V,288.49,296.17,281.39,287.93,2228263
2020-10-02,V,293.48,294.6,287.88,293.87,841974
2020-10-05,V,290.29,292.07,288.52,289.44,1423612
2020-10-06,V,290.98,296.27,289.98,290.65,17691219
2020-10-07,V,294.23,295.7,290.7,293.63,6396295
2020-10-08,V,292.31,295.73,291.62,293.19,4502429
2020-10-09,V,294.71,296.13,290.05,293.78,3475752
2020-10-12,V,297.68,297.93,292.15,294.19,8419280
2020-10-13,V,294.22,293.92,290.33,291.64,11468460
2020-10-14,V,279.02,280.38,275.02,280.37,13680753
2020-10-15,V,279.9,282.03,276.65,280.64,7008699
2020-10-16,V,278.12,285.78,278.4,280.68,2318398
2020-10-19,V,283.46,288.44,275.73,281.28,9072223
2020-10-20,V,287.98,287.7,284.35,286.05,1958719
2020-10-21,V,290.66,296.02,289.43,292.09,11559853
2020-10-22,V,293.22,299.85,292.45,293.93,8034483
2020-10-23,V,292.03,294.43,289.88,292.13,1450210
2020-10-26,V,291.13,292.78,282.59,291.3,658989
2020-10-27,V,293.39,298.76,292.42,295.11,3114893
2020-10-28,V,293.96,297.9,290.17,294.86,1311090
2020-10-29,V,291.73,294.85,286.15,292.02,3624616
2020-10-30,V,295.11,303.93,287.73,292.36,3134001
2020-11-02,V,292.16,292.3,289.78,290.48,3101780
2020-11-03,V,284.09,295.71,284.38,287.27,3368422
2020-11-04,V,285.67,286.39,284.35,286.19,4731272
2020-11-05,V,285.75,293.95,285.34,288.68,9647841
2020-11-06,V,286.71,288.24,285.39,285.91,7467013
2020-11-09,V,281.83,284.47,280.72,282.35,10836851
2020-11-10,V,288.89,291.64,283.69,288.73,1872210
2020-11-11,V,294.33,295.64,289.81,292.98,8283438
2020-11-12,V,291.53,292.36,286.32,290.78,3254172
2020-11-13,V,295.62,303.57,294.73,295.1,3207603
2020-11-16,V,307.08,312.9,302.17,306.02,4656406
2020-11-17,V,309.36,313.4,304.26,308.27,2403484
2020-11-18,V,314.77,323.0,310.7,315.81,13297949
2020-11-19,V,318.4,318.58,315.52,316.91,11656790
2020-11-20,V,318.73,324.91,313.13,319.13,4729571
2020-11-23,V,316.4,316.7,311.83,315.73,8470257
2020-11-24,V,315.54,315.23,311.84,312.97,10295490
2020-11-25,V,309.88,313.49,310.19,310.57,5011010
2020-11-26,V,303.19,304.66,296.44,304.0,16857361
2020-11-27,V,303.32,305.23,303.62,303.79,4357354
2020-11-30,V,301.25,307.6,299.44,302.65,1588197
2020-12-01,V,309.36,312.37,308.85,310.44,8310752
2020-12-02,V,321.06,326.23,316.28,320.79,7611127
2020-12-03,V,320.01,319.69,316.73,319.52,10088718
2020-12-04,V,325.6,330.26,324.37,326.5,6435263
2020-12-07,V,322.79,324.0,318.96,323.23,2020574
2020-12-08,V,321.21,320.89,314.62,320.26,6670127
2020-12-09,V,328.46,328.13,325.8,327.77,23773514
2020-12-10,V,324.67,336.26,323.13,324.77,11837303
2020-12-11,V,321.03,326.92,318.12,322.96,7774520
2020-12-14,V,309.39,318.81,309.7,310.54,2298149
2020-12-15,V,309.37,316.74,305.71,309.77,4238529
2020-12-16,V,314.87,320.07,308.72,315.75,2181615
2020-12-17,V,311.39,314.68,307.35,311.12,16638666
2020-12-18,V,318.72,324.39,311.19,317.61,4833535
2020-12-21,V,329.69,333.5,319.06,326.81,10203871
2020-12-22,V,332.12,331.79,326.99,329.37,6538102
2020-12-23,V,324.01,323.68,318.83,323.64,21837500
2020-12-24,V,326.34,329.39,323.27,323.46,2209519
2020-12-25,V,321.03,324.74,317.36,322.51,1708554
2020-12-28,V,324.29,323.97,319.76,323.18,5959169
2020-12-29,V,329.54,332.8,320.89,327.9,1452581
2020-12-30,V,329.32,334.65,322.3,328.27,7934249
2020-12-31,V,322.93,327.17,320.29,322.35,24923073
2021-01-01,V,312.8,314.21,312.41,313.56,6951034
2021-01-04,V,314.42,316.35,313.29,314.22,2040482
2021-01-05,V,311.9,314.12,312.22,312.33,1667173
2021-01-06,V,316.3,316.5,313.5,316.15,2471142
2021-01-07,V,321.53,323.03,317.78,321.39,5362564
2021-01-08,V,325.79,335.95,323.64,326.51,1863395
2021-01-11,V,324.36,329.97,322.88,326.9,8346970
2021-01-12,V,330.62,330.96,326.88,329.68,2252107
2021-01-13,V,325.7,330.87,324.98,327.51,1070851
2021-01-14,V,330.73,334.37,330.18,331.2,2504205
2021-01-15,V,331.53,332.78,330.92,332.29,3528021
2021-01-18,V,346.29,351.11,342.64,346.73,15709760
2021-01-19,V,348.43,351.41,346.28,347.82,10197825
2021-01-20,V,343.93,351.14,341.17,343.91,13816044
2021-01-21,V,343.61,343.27,338.58,339.7,6149444
2021-01-22,V,341.01,343.13,335.91,339.62,15915646
2021-01-25,V,331.73,337.63,326.65,335.77,2059788
2021-01-26,V,332.14,333.7,332.15,333.64,5259700
2021-01-27,V,334.35,340.12,326.99,336.36,5748087
2021-01-28,V,344.69,344.55,341.3,344.47,9090776
2021-01-29,V,349.39,353.01,340.66,348.84,7272143
2021-02-01,V,346.07,351.11,343.49,348.19,4234791
2021-02-02,V,345.59,351.15,343.02,345.16,6951876
2021-02-03,V,336.81,340.49,325.15,336.03,16900898
2021-02-04,V,336.02,335.69,333.56,335.29,7351471
2021-02-05,V,336.36,340.34,335.51,335.94,3665747
2021-02-08,V,338.24,338.93,333.82,337.66,3861537
2021-02-09,V,339.02,339.92,332.37,336.6,12653776
2021-02-10,V,337.45,346.25,335.76,337.77,20800742
2021-02-11,V,335.86,335.52,328.51,332.59,6711571
2021-02-12,V,333.68,334.32,331.22,332.81,12063122
2021-02-15,V,332.48,335.27,330.84,333.03,4589259
2021-02-16,V,334.24,335.7,328.25,334.59,3725892
2021-02-17,V,333.01,336.59,333.31,333.83,6979647
2021-02-18,V,344.38,351.93,334.76,347.38,8236738
2021-02-19,V,349.39,358.59,348.54,348.71,2054248
2021-02-22,V,345.55,347.13,334.67,346.13,10775886
2021-02-23,V,343.07,347.37,339.3,342.74,9455709
2021-02-24,V,332.03,338.13,332.37,333.7,8976101
2021-02-25,V,331.68,339.21,322.49,332.89,5383105
2021-02-26,V,331.25,336.06,326.14,332.02,14932060
2021-03-01,V,343.01,345.51,336.29,340.95,4876991
2021-03-02,V,350.56,354.3,345.29,349.05,15082067
2021-03-03,V,359.27,360.89,354.57,358.76,966850
2021-03-04,V,360.51,369.4,356.7,361.96,4436773
2021-03-05,V,372.02,373.89,369.29,369.45,1238984
2021-03-08,V,364.9,364.53,355.11,364.15,18234477
2021-03-09,V,371.35,373.66,368.75,372.61,24357764
2021-03-10,V,379.67,379.46,368.62,374.65,2655669
2021-03-11,V,383.97,383.59,378.97,379.56,4692202
2021-03-12,V,367.36,373.22,362.56,368.05,3559335
2021-03-15,V,366.85,366.48,358.96,364.95,1056211
2021-03-16,V,360.97,367.27,361.05,363.01,3358965
2021-03-17,V,370.46,371.86,360.5,367.96,1478275
2021-03-18,V,369.78,370.71,366.07,366.4,2591541
2021-03-19,V,365.12,369.34,363.43,366.02,3034196
2021-03-22,V,364.03,365.83,362.87,365.61,7360264
2021-03-23,V,360.41,365.34,358.39,359.13,2698731
2021-03-24,V,363.81,363.45,359.21,363.15,1755741
2021-03-25,V,366.58,367.49,364.72,366.71,8055472
2021-03-26,V,356.33,362.45,356.37,358.65,7387339
2021-03-29,V,364.67,365.03,362.79,363.06,1828854
2021-03-30,V,361.21,364.54,360.55,362.63,28820195
2021-03-31,V,364.9,364.54,355.78,362.75,4756892
2021-04-01,V,366.76,374.73,363.9,368.62,12832387
2021-04-02,V,365.62,366.91,365.98,366.27,5733751
2021-04-05,V,358.24,365.32,355.47,356.86,1919753
2021-04-06,V,363.89,366.97,357.58,365.26,7456404
2021-04-07,V,370.9,377.28,367.63,371.32,2358658
2021-04-08,V,366.63,368.61,365.68,368.15,5254343
2021-04-09,V,368.2,372.66,364.47,370.91,22363932
2021-04-12,V,368.73,373.78,355.16,366.65,5381568
2021-04-13,V,367.11,366.74,362.28,365.49,4290537
2021-04-14,V,369.49,369.12,368.54,368.99,3016352
2021-04-15,V,378.58,380.6,374.01,378.35,2122191
2021-04-16,V,371.35,382.75,367.7,373.14,27800558
2021-04-19,V,375.58,378.09,370.19,372.73,4807051
2021-04-20,V,376.04,381.8,369.37,377.6,7764819
2021-04-21,V,380.95,382.71,369.73,379.75,20297533
2021-04-22,V,378.09,379.2,371.22,377.97,1870902
2021-04-23,V,369.76,374.2,367.24,369.46,5107854
2021-04-26,V,368.3,367.93,367.05,367.79,8560727
2021-04-27,V,371.33,370.96,361.71,365.63,12342175
2021-04-28,V,358.93,362.63,359.29,359.45,4550091
2021-04-29,V,354.51,354.16,350.29,352.98,4880709
2021-04-30,V,359.52,360.23,354.36,357.54,6728948
2021-05-03,V,359.97,359.9,346.82,356.7,4970266
2021-05-04,V,356.46,369.25,355.25,360.76,1274572
2021-05-05,V,358.68,367.3,353.91,361.68,9598611
2021-05-06,V,361.77,361.41,359.16,360.34,2170727
2021-05-07,V,359.65,365.27,356.65,358.3,2733104
2021-05-10,V,355.07,361.8,351.04,355.92,5367966
2021-05-11,V,356.21,358.52,352.9,355.48,2617182
2021-05-12,V,358.77,366.6,359.13,360.47,884716
2021-05-13,V,354.73,356.52,350.53,355.61,4195784
2021-05-14,V,358.37,362.35,353.89,356.13,11098206
2021-05-17,V,362.22,361.85,356.79,361.0,1885092
2021-05-18,V,368.0,369.39,364.93,367.06,8777197
2021-05-19,V,360.35,359.99,347.88,358.53,3715645
2021-05-20,V,351.6,354.28,349.33,352.61,2097241
2021-05-21,V,356.24,363.55,355.18,356.9,7114685
2021-05-24,V,352.15,359.52,343.47,350.32,3218811
2021-05-25,V,351.64,351.29,343.93,351.1,15716968
2021-05-26,V,352.25,353.4,351.26,351.94,3559379
2021-05-27,V,350.4,360.59,347.5,350.33,5010758
2021-05-28,V,354.02,354.01,349.76,353.84,1912855
2021-05-31,V,351.87,359.96,351.41,353.77,2718840
2021-06-01,V,352.73,358.76,351.13,351.9,9170867
2021-06-02,V,349.34,349.4,344.21,347.38,7115066
2021-06-03,V,338.48,349.33,333.51,341.06,7593887
2021-06-04,V,335.71,335.88,329.19,335.06,6184139
2021-06-07,V,336.42,342.59,331.3,336.69,1854392
2021-06-08,V,342.67,342.33,337.12,342.05,3419664
2021-06-09,V,341.27,343.09,336.01,340.37,9070344
2021-06-10,V,341.17,343.06,335.83,340.64,5488747
2021-06-11,V,344.6,344.64,334.67,344.1,6329848
2021-06-14,V,336.26,342.33,335.63,338.05,2781621
2021-06-15,V,333.5,345.91,330.25,334.95,5616761
2021-06-16,V,344.57,344.23,338.1,343.65,5544904
2021-06-17,V,348.17,352.52,340.89,347.87,6051029
2021-06-18,V,342.88,345.9,341.19,341.8,12961893
2021-06-21,V,343.85,348.69,342.19,342.72,3698403
2021-06-22,V,346.41,347.82,341.9,343.94,8270858
2021-06-23,V,338.03,337.7,335.12,337.54,3247840
2021-06-24,V,334.35,343.3,332.01,335.43,3239935
2021-06-25,V,332.21,340.03,328.23,332.53,4369154
2021-06-28,V,331.81,335.14,332.14,334.38,2234961
2021-06-29,V,328.3,331.14,318.6,328.23,2732862
2021-06-30,V,324.09,330.77,322.63,326.3,8749632
2021-07-01,V,332.8,333.73,331.1,332.69,1299412
2021-07-02,V,332.0,332.12,330.5,331.48,8556754
2021-07-05,V,332.14,337.48,331.09,331.88,28562175
2021-07-06,V,338.56,341.98,331.49,338.12,610730
2021-07-07,V,336.74,343.28,335.83,338.59,2540598
2021-07-08,V,337.33,340.41,331.09,338.18,22627754
2021-07-09,V,337.49,342.37,337.83,339.95,8990167
2021-07-12,V,341.23,343.06,328.31,338.62,926783
2021-07-13,V,339.93,344.36,327.46,338.41,5646156
2021-07-14,V,350.5,358.62,344.58,350.86,9013611
2021-07-15,V,351.34,353.91,346.18,349.79,3673483
2021-07-16,V,357.55,364.57,356.58,356.6,2667640
2021-07-19,V,359.16,363.54,357.7,359.44,4798357
2021-07-20,V,365.37,368.34,365.22,366.07,1434287
2021-07-21,V,371.26,373.82,370.79,370.84,1475947
2021-07-22,V,365.72,367.64,360.17,366.01,5858530
2021-07-23,V,363.35,365.84,359.24,364.65,11894410
2021-07-26,V,363.23,364.9,360.46,360.82,11582281
2021-07-27,V,349.62,358.7,349.97,352.36,6132328
2021-07-28,V,348.45,349.91,346.56,349.38,3291204
2021-07-29,V,353.28,365.27,353.2,356.13,4593687
2021-07-30,V,351.44,353.35,347.01,347.48,22090051
2021-08-02,V,347.32,351.11,347.53,348.17,5171371
2021-08-03,V,350.85,353.71,344.31,349.22,18531784
2021-08-04,V,350.5,351.5,347.81,348.96,5740163
2021-08-05,V,353.61,361.76,350.93,351.12,1748803
2021-08-06,V,348.17,355.42,343.13,348.83,4249800
2021-08-09,V,348.91,355.17,349.26,349.9,3693285
2021-08-10,V,345.25,350.91,345.6,346.91,8189388
2021-08-11,V,341.38,349.48,335.72,343.31,5150835
2021-08-12,V,339.51,345.39,336.23,338.1,2665838
2021-08-13,V,339.04,342.81,337.27,338.0,54111255
2021-08-16,V,339.02,342.74,335.61,338.4,2942014
2021-08-17,V,338.29,348.11,330.02,337.19,7771164
2021-08-18,V,336.55,341.59,332.84,335.78,42652537
2021-08-19,V,344.98,353.37,341.21,344.93,2936763
2021-08-20,V,338.09,340.39,336.38,340.3,34470659
2021-08-23,V,347.6,350.42,343.0,348.8,3986309
2021-08-24,V,359.52,364.06,357.94,359.87,7349033
2021-08-25,V,371.13,370.76,364.6,369.06,4353658
2021-08-26,V,368.33,369.55,365.44,365.78,8317195
2021-08-27,V,356.2,356.2,354.27,354.91,2892759
2021-08-30,V,354.02,357.6,348.83,354.81,7396387
2021-08-31,V,361.6,369.03,360.55,360.74,394398
2021-09-01,V,359.52,363.24,358.56,359.36,6001613
2021-09-02,V,363.93,364.2,359.22,363.06,7801820
2021-09-03,V,363.82,377.14,359.74,364.81,2293980
2021-09-06,V,360.14,361.85,352.9,361.05,10554350
2021-09-07,V,361.92,361.56,353.98,361.18,3975197
2021-09-08,V,360.65,362.84,357.79,361.94,3886139
2021-09-09,V,360.83,363.71,353.2,361.5,3886426
2021-09-10,V,362.92,365.24,361.53,361.9,11114548
2021-09-13,V,365.97,365.94,360.11,365.42,2555315
2021-09-14,V,368.24,371.33,356.5,366.14,1693674
2021-09-15,V,364.66,372.65,363.73,366.85,1461424
2021-09-16,V,370.51,377.1,369.68,371.63,2420386
2021-09-17,V,378.02,389.97,363.98,379.2,3768696
2021-09-20,V,379.05,385.53,379.2,379.35,4479201
2021-09-21,V,370.95,372.7,368.09,370.31,5458097
2021-09-22,V,367.4,380.37,365.08,368.79,5296073
2021-09-23,V,375.04,377.83,369.66,374.38,19668086
2021-09-24,V,369.34,370.47,360.52,368.41,4388776
2021-09-27,V,364.36,366.1,358.47,365.42,2415016
2021-09-28,V,358.98,364.75,357.22,358.11,6010170
2021-09-29,V,355.66,363.76,356.02,357.01,2883579
2021-09-30,V,357.95,364.71,354.89,356.3,3885756
2021-10-01,V,358.29,361.17,356.55,359.09,2828474
2021-10-04,V,363.59,365.87,354.5,362.86,4304495
2021-10-05,V,356.95,365.57,351.8,356.5,14070088
2021-10-06,V,350.56,354.92,349.02,352.05,12200602
2021-10-07,V,344.38,347.34,343.57,345.94,6396675
2021-10-08,V,344.69,351.22,345.03,345.48,16483275
2021-10-11,V,351.73,361.83,350.73,352.82,10059801
2021-10-12,V,344.09,347.98,343.7,347.0,5170263
2021-10-13,V,346.97,348.19,342.82,346.1,3924211
2021-10-14,V,331.94,340.65,329.11,334.34,5552282
2021-10-15,V,332.65,337.45,330.36,335.0,1067752
2021-10-18,V,334.04,337.2,320.83,332.29,4521510
2021-10-19,V,329.68,332.56,325.34,332.23,4463556
2021-10-20,V,336.28,338.89,329.54,334.79,13258586
2021-10-21,V,341.24,345.97,336.51,342.8,15319207
2021-10-22,V,340.24,341.96,336.96,337.19,3676282
2021-10-25,V,335.12,345.09,334.98,337.88,6899255
2021-10-26,V,338.12,340.26,338.39,338.52,2995770
2021-10-27,V,340.94,340.6,336.86,338.85,1273527
2021-10-28,V,341.59,345.95,336.53,340.1,2955948
2021-10-29,V,344.81,349.01,340.73,343.17,3226934
2021-11-01,V,349.02,354.43,340.34,346.73,4387916
2021-11-02,V,339.97,344.51,337.94,341.4,11821637
2021-11-03,V,340.53,342.66,339.62,341.79,7350389
2021-11-04,V,343.85,355.27,342.58,344.68,6149541
2021-11-05,V,345.21,354.1,345.55,346.18,26936345
2021-11-08,V,345.45,348.81,344.45,348.03,3391037
2021-11-09,V,347.9,351.99,342.8,348.62,2088034
2021-11-10,V,341.73,346.94,341.28,344.37,7280094
2021-11-11,V,347.04,350.81,341.55,344.94,4690786
2021-11-12,V,350.61,358.89,350.96,351.29,3116832
2021-11-15,V,353.99,357.2,349.61,355.36,7565764
2021-11-16,V,356.09,360.51,352.71,357.68,20519277
2021-11-17,V,356.05,357.34,354.82,356.69,1460246
2021-11-18,V,354.15,356.14,349.61,351.64,8762718
2021-11-19,V,353.61,354.13,347.72,352.84,7207047
2021-11-22,V,355.81,358.78,354.7,356.01,5989106
2021-11-23,V,357.07,356.71,347.0,355.24,12148108
2021-11-24,V,361.65,361.28,358.9,361.21,13941646
2021-11-25,V,371.76,373.7,358.65,366.63,2456522
2021-11-26,V,355.34,361.88,355.7,359.56,1142552
2021-11-29,V,356.75,360.3,342.5,358.26,9454638
2021-11-30,V,359.76,360.1,348.18,357.08,5309579
2021-12-01,V,359.41,361.99,347.32,359.36,6118005
2021-12-02,V,359.67,364.62,358.93,363.79,3371321
2021-12-03,V,367.65,370.42,361.61,369.6,2203250
2021-12-06,V,376.08,375.7,369.55,374.53,22117346
2021-12-07,V,374.71,374.34,373.54,374.18,21164761
2021-12-08,V,384.07,390.39,383.57,385.78,3980430
2021-12-09,V,388.74,394.81,383.03,388.33,9073413
2021-12-10,V,398.99,405.17,396.33,398.05,10024974
2021-12-13,V,397.94,403.19,394.69,397.91,5790207
2021-12-14,V,401.26,404.29,396.48,398.13,5319695
2021-12-15,V,400.82,410.72,395.17,403.87,9205929
2021-12-16,V,404.03,407.26,398.4,400.81,4017959
2021-12-17,V,401.01,410.49,397.05,400.73,8928611
2021-12-20,V,384.48,390.11,382.78,389.27,4382261
2021-12-21,V,385.82,389.25,383.23,387.61,4420283
2021-12-22,V,385.72,389.86,376.68,387.1,5046135
2021-12-23,V,377.83,378.94,374.24,377.04,10926307
2021-12-24,V,376.01,378.31,375.28,375.75,6351397
2021-12-27,V,372.01,378.68,366.59,372.76,8395628
2021-12-28,V,371.16,378.47,369.66,373.46,5044628
2021-12-29,V,380.22,380.45,376.2,379.15,4442673
2021-12-30,V,372.43,382.55,372.8,374.34,6801925
2021-12-31,V,378.25,381.82,371.73,376.82,2714761
2022-01-03,V,379.82,382.21,368.5,380.4,12723214
2022-01-04,V,380.76,381.76,371.67,379.92,12307430
2022-01-05,V,378.68,390.23,376.59,378.48,8617048
2022-01-06,V,388.77,388.44,383.18,385.95,3964213
2022-01-07,V,387.77,390.43,385.33,390.38,47337388
2022-01-10,V,383.81,384.31,373.14,382.02,5647898
2022-01-11,V,388.12,394.62,383.19,385.44,12769902
2022-01-12,V,397.91,408.92,395.87,398.44,5746278
2022-01-13,V,412.69,414.07,406.68,409.07,24938719
2022-01-14,V,406.63,408.72,404.36,408.05,20649201
2022-01-17,V,408.13,418.86,400.02,405.17,2561484
2022-01-18,V,408.91,415.14,406.58,409.21,1353576
2022-01-19,V,409.29,415.5,406.65,411.15,8186774
2022-01-20,V,409.67,414.83,410.08,411.52,2711953
2022-01-21,V,404.74,411.49,401.22,404.99,4988155
2022-01-24,V,407.94,409.79,401.04,405.82,8109252
2022-01-25,V,401.42,401.01,394.01,399.66,3757407
2022-01-26,V,394.05,401.83,394.44,395.98,1416719
2022-01-27,V,396.11,402.54,396.5,398.2,4525798
2022-01-28,V,395.47,399.73,391.89,393.67,3439535
2022-01-31,V,388.71,388.32,386.09,388.28,4560954
2022-02-01,V,389.67,394.76,390.06,391.21,2115382
2022-02-02,V,395.88,399.96,392.28,394.1,4772341
2022-02-03,V,386.36,391.0,384.36,386.36,7180564
2022-02-04,V,390.25,398.04,390.64,391.75,9812237
2022-02-07,V,382.16,386.52,367.17,382.27,3507793
2022-02-08,V,391.77,401.4,392.16,392.6,4230641
2022-02-09,V,395.23,398.59,393.28,396.65,2702130
2022-02-10,V,390.37,396.26,385.35,393.59,3544062
2022-02-11,V,402.37,402.86,390.13,399.53,10782774
2022-02-14,V,412.72,412.56,410.46,410.56,3247618
2022-02-15,V,416.16,421.73,411.02,413.91,1996395
2022-02-16,V,405.8,418.77,405.59,406.87,2998187
2022-02-17,V,399.82,406.75,399.78,402.51,1350671
2022-02-18,V,404.43,409.26,397.0,401.4,5767380
2022-02-21,V,400.46,408.3,400.86,403.34,10538363
2022-02-22,V,413.58,415.97,410.39,413.54,6404452
2022-02-23,V,420.03,419.92,415.42,419.08,1146650
2022-02-24,V,409.52,416.52,407.1,411.32,12215606
2022-02-25,V,421.92,426.21,418.75,421.28,8545966
2022-02-28,V,413.47,413.06,396.62,409.53,1465507
2022-03-01,V,406.87,416.16,405.09,409.13,7288177
2022-03-02,V,417.08,426.36,415.9,418.09,1886356
2022-03-03,V,405.81,411.88,405.16,409.96,8460319
2022-03-04,V,421.83,421.41,417.24,419.95,5501119
2022-03-07,V,422.41,427.91,422.83,423.75,7422937
2022-03-08,V,429.21,430.9,419.53,429.01,5844430
2022-03-09,V,439.93,446.99,433.59,439.08,10484433
2022-03-10,V,442.89,454.33,438.65,442.55,2718352
2022-03-11,V,436.25,443.61,429.53,433.16,1487337
2022-03-14,V,426.7,426.27,418.68,425.71,5488724
2022-03-15,V,414.16,416.39,408.06,415.0,5771647
2022-03-16,V,417.84,420.31,412.92,418.95,2926366
2022-03-17,V,412.81,418.23,408.93,410.42,5476269
2022-03-18,V,406.91,407.78,406.12,406.34,5626737
2022-03-21,V,408.19,410.18,398.09,408.28,2630490
2022-03-22,V,402.93,414.89,403.34,404.41,11676870
2022-03-23,V,403.66,410.76,394.78,402.68,11435837
2022-03-24,V,394.11,402.68,392.71,398.1,1963371
2022-03-25,V,399.75,399.36,391.98,398.69,33686257
2022-03-28,V,393.07,392.68,382.88,392.65,5444743
2022-03-29,V,386.28,389.17,384.97,387.4,5890682
2022-03-30,V,387.63,390.99,383.46,386.9,6535479
2022-03-31,V,400.0,399.83,395.85,398.45,39584781
2022-04-01,V,402.44,411.55,400.14,404.58,7157298
2022-04-04,V,400.46,403.25,394.77,402.39,19021116
2022-04-05,V,409.05,417.36,402.01,409.9,6608609
2022-04-06,V,403.55,415.26,392.94,403.65,1097540
2022-04-07,V,399.59,404.42,399.99,402.37,2123896
2022-04-08,V,402.82,402.42,394.38,401.14,2116755
2022-04-11,V,396.2,398.15,396.6,397.52,3957397
2022-04-12,V,394.95,394.67,388.87,394.28,3630427
2022-04-13,V,388.49,394.99,388.05,392.25,3559986
2022-04-14,V,389.07,391.27,384.14,387.96,13840854
2022-04-15,V,378.23,380.27,378.15,379.1,7031777
2022-04-18,V,381.39,387.26,376.32,382.6,1567050
2022-04-19,V,383.89,388.24,379.26,382.77,3583578
2022-04-20,V,388.34,390.65,384.87,385.21,3218433
2022-04-21,V,381.39,387.14,380.37,382.71,9673512
2022-04-22,V,379.0,387.42,377.93,381.66,19498452
2022-04-25,V,385.88,388.72,381.27,384.16,4594397
2022-04-26,V,380.38,394.85,378.81,382.59,2610681
2022-04-27,V,381.51,383.31,373.14,380.93,4096261
2022-04-28,V,379.21,385.01,376.17,379.49,11982644
2022-04-29,V,376.53,378.13,374.79,377.78,11833625
2022-05-02,V,380.08,383.68,376.36,382.08,4349628
2022-05-03,V,392.7,393.39,388.1,390.5,9974471
2022-05-04,V,393.79,406.22,391.93,393.06,5075663
2022-05-05,V,382.61,383.65,382.06,383.26,5717586
2022-05-06,V,385.3,384.91,380.7,383.01,5344873
2022-05-09,V,392.74,397.96,379.99,390.57,3187186
2022-05-10,V,401.16,405.63,396.85,400.24,2910320
2022-05-11,V,401.36,406.64,394.71,400.7,7454885
2022-05-12,V,406.37,413.73,406.78,407.84,2336882
2022-05-13,V,403.28,405.43,403.68,404.62,1754528
2022-05-16,V,403.56,406.99,402.32,405.06,1787565
2022-05-17,V,403.37,406.46,403.77,404.3,2657424
2022-05-18,V,407.42,409.95,403.83,404.12,5605515
2022-05-19,V,394.66,400.18,390.74,394.03,1817724
2022-05-20,V,398.95,405.7,394.92,400.82,5350445
2022-05-23,V,404.23,406.37,402.07,403.01,1862238
2022-05-24,V,392.47,394.1,387.38,391.17,6558670
2022-05-25,V,386.57,388.28,385.28,386.44,15228430
2022-05-26,V,386.31,386.42,377.89,381.52,18685104
2022-05-27,V,378.83,382.84,372.74,379.75,2658139
2022-05-30,V,393.15,394.88,390.41,394.17,12103223
2022-05-31,V,398.85,405.19,398.27,401.25,9683913
2022-06-01,V,396.86,397.75,397.26,397.44,10967954
2022-06-02,V,396.29,399.41,393.27,397.86,3392729
2022-06-03,V,389.88,396.4,387.07,390.66,3519118
2022-06-06,V,391.75,396.15,388.77,391.92,4094224
2022-06-07,V,398.37,400.56,395.81,397.13,16246140
2022-06-08,V,406.02,407.58,403.68,403.85,3740037
2022-06-09,V,410.65,415.06,406.41,408.18,2394926
2022-06-10,V,413.02,417.48,406.85,413.15,2297089
2022-06-13,V,399.01,401.31,395.06,398.71,7778086
2022-06-14,V,405.98,405.57,401.83,403.5,1364577
2022-06-15,V,400.64,407.23,401.05,403.14,3481103
2022-06-16,V,397.14,404.31,392.42,396.75,7030098
2022-06-17,V,395.23,407.38,394.01,397.63,7667274
2022-06-20,V,400.04,405.66,387.82,397.57,6056558
2022-06-21,V,379.48,383.01,379.86,381.29,11148502
2022-06-22,V,376.0,380.13,371.81,376.33,4219582
2022-06-23,V,380.07,379.71,374.35,377.96,12757520
2022-06-24,V,391.21,398.09,386.15,390.87,4098032
2022-06-27,V,393.03,402.65,392.14,395.99,9004797
2022-06-28,V,387.01,397.59,382.01,393.37,4680469
2022-06-29,V,394.57,397.03,393.66,394.66,5367583
2022-06-30,V,394.35,397.97,393.06,394.24,10714644
2022-07-01,V,392.89,401.89,393.28,395.2,3490045
2022-07-04,V,397.93,406.11,392.62,401.14,7516498
2022-07-05,V,403.68,404.19,397.95,402.4,10556802
2022-07-06,V,403.8,415.01,401.17,403.4,5318325
2022-07-07,V,407.1,408.5,402.98,405.31,6300969
2022-07-08,V,400.75,404.13,393.46,403.42,3691493
2022-07-11,V,400.77,404.0,396.18,403.2,4336143
2022-07-12,V,417.79,423.63,414.44,422.21,8445739
2022-07-13,V,425.94,426.88,421.8,424.43,16181758
2022-07-14,V,423.59,428.16,424.01,424.55,6773249
2022-07-15,V,425.76,430.41,422.93,430.17,4311279
2022-07-18,V,439.32,454.81,433.97,441.79,9861633
2022-07-19,V,446.75,448.23,437.65,446.67,1956202
2022-07-20,V,442.45,449.29,440.21,446.47,4052013
2022-07-21,V,433.97,440.17,432.78,436.37,11796407
2022-07-22,V,434.41,439.15,430.81,435.29,10725982
2022-07-25,V,429.34,437.78,425.3,429.47,6846501
2022-07-26,V,430.65,435.46,424.32,429.46,2251654
2022-07-27,V,426.25,434.4,420.36,428.74,2492636
2022-07-28,V,438.4,438.44,427.78,437.86,413988
2022-07-29,V,433.69,438.17,433.65,435.04,10081097
2022-08-01,V,437.46,444.52,431.1,435.63,9161101
2022-08-02,V,441.61,441.29,429.13,437.94,68781664
2022-08-03,V,430.39,432.71,427.04,430.1,8763401
2022-08-04,V,441.35,440.91,434.22,439.93,6346271
2022-08-05,V,443.33,446.94,432.39,443.03,5864822
2022-08-08,V,431.04,434.28,426.85,431.98,999951
2022-08-09,V,421.38,434.97,414.49,422.56,9442564
2022-08-10,V,430.78,437.87,423.7,425.87,1649248
2022-08-11,V,425.21,432.31,417.62,423.37,7569560
2022-08-12,V,423.78,429.78,422.57,427.34,22207457
2022-08-15,V,422.83,437.19,420.28,424.4,898425
2022-08-16,V,415.15,422.42,407.23,417.44,4919791
2022-08-17,V,423.15,431.34,421.4,422.55,8763454
2022-08-18,V,421.42,424.05,403.15,417.98,1749177
2022-08-19,V,421.73,424.4,416.57,421.48,4940728
2022-08-22,V,411.7,425.04,410.24,412.51,4893509
2022-08-23,V,419.71,421.98,414.76,420.29,976708
2022-08-24,V,419.16,424.75,417.41,421.82,14696479
2022-08-25,V,426.09,430.41,410.94,423.07,3663454
2022-08-26,V,426.2,426.08,424.55,425.37,3668407
2022-08-29,V,417.41,423.28,417.73,419.31,13790028
2022-08-30,V,418.12,422.42,416.27,418.65,10994040
2022-08-31,V,422.35,423.5,421.91,422.59,5727908
2022-09-01,V,423.75,435.41,417.81,423.85,13334390
2022-09-02,V,427.56,428.89,415.71,426.17,6928852
2022-09-05,V,434.57,443.14,435.01,437.96,10951698
2022-09-06,V,431.98,435.17,426.05,432.66,2829695
2022-09-07,V,429.18,429.68,427.52,428.68,14265445
2022-09-08,V,423.69,424.44,420.06,422.23,17670308
2022-09-09,V,433.12,432.68,425.04,432.15,5481935
2022-09-12,V,427.83,432.55,428.26,429.65,2570805
2022-09-13,V,427.02,437.5,422.46,427.6,4130056
2022-09-14,V,417.01,421.83,416.2,421.48,3562194
2022-09-15,V,428.99,431.0,413.46,427.59,5663707
2022-09-16,V,425.35,426.89,419.47,424.76,29922392
2022-09-19,V,430.77,432.93,425.19,430.12,3961600
2022-09-20,V,416.37,416.37,407.61,416.33,3519282
2022-09-21,V,414.37,421.21,410.76,413.85,4219721
2022-09-22,V,430.18,432.27,427.83,429.9,5576251
2022-09-23,V,431.45,435.73,424.15,432.62,5132743
2022-09-26,V,437.12,449.73,435.45,437.45,12235484
2022-09-27,V,444.08,443.64,439.93,442.66,2183838
2022-09-28,V,443.83,449.52,444.1,445.31,2183112
2022-09-29,V,450.58,453.79,448.43,451.88,7150396
2022-09-30,V,458.56,466.35,459.02,459.48,20678009
2022-10-03,V,453.39,455.93,450.06,453.54,16658141
2022-10-04,V,447.59,452.31,448.03,449.26,3894492
2022-10-05,V,455.3,458.48,447.64,454.42,7555518
2022-10-06,V,447.3,458.3,437.92,449.67,6876094
2022-10-07,V,454.91,464.13,450.54,456.77,1709045
2022-10-10,V,458.73,466.27,452.55,459.38,2920123
2022-10-11,V,461.06,462.77,453.24,459.03,3384598
2022-10-12,V,471.6,472.29,468.43,469.4,4813378
2022-10-13,V,481.18,492.24,479.59,487.02,14247704
2022-10-14,V,482.98,493.08,479.42,485.58,3081443
2022-10-17,V,483.5,493.65,480.92,484.2,6501956
2022-10-18,V,485.91,485.42,477.12,483.05,5219845
2022-10-19,V,497.8,507.42,487.32,493.81,8717670
2022-10-20,V,492.0,499.21,489.79,491.23,5732677
2022-10-21,V,499.56,503.51,500.06,500.42,1267894
2022-10-24,V,508.5,513.42,509.01,509.13,26324054
2022-10-25,V,509.98,516.37,506.56,507.73,5185148
2022-10-26,V,518.39,529.01,515.96,517.63,1366703
2022-10-27,V,515.67,520.39,510.99,517.6,3445024
2022-10-28,V,518.63,521.44,513.66,521.39,3650086
2022-10-31,V,516.4,538.53,509.79,517.35,1073210
2022-11-01,V,527.46,532.52,525.34,527.25,2545223
2022-11-02,V,527.02,527.59,522.51,526.76,4785378
2022-11-03,V,525.99,529.9,525.28,528.12,1512056
2022-11-04,V,548.08,547.53,540.94,544.05,3968405
2022-11-07,V,543.94,555.24,544.48,544.92,23514477
2022-11-08,V,542.5,548.15,527.37,539.17,3939573
2022-11-09,V,526.71,528.55,520.92,522.45,6622440
2022-11-10,V,537.05,536.52,529.91,535.12,9322020
2022-11-11,V,547.4,546.85,540.76,544.12,14083157
2022-11-14,V,539.1,538.56,533.02,538.07,4141202
2022-11-15,V,540.84,552.82,531.66,533.65,3305477
2022-11-16,V,526.88,538.05,520.99,530.44,10884296
2022-11-17,V,545.98,546.99,533.41,545.2,5730576
2022-11-18,V,552.32,557.81,552.87,553.83,4565265
2022-11-21,V,551.95,561.19,549.42,555.36,16528661
2022-11-22,V,548.54,559.67,546.09,552.22,5746906
2022-11-23,V,561.18,560.62,555.1,559.63,3322305
2022-11-24,V,567.54,572.14,565.12,569.73,4496624
2022-11-25,V,568.99,572.38,559.76,569.37,5375152
2022-11-28,V,566.79,566.23,564.64,564.97,3509789
2022-11-29,V,556.81,561.16,557.37,559.71,4185018
2022-11-30,V,548.81,551.15,544.07,549.78,10771794
2022-12-01,V,553.21,553.64,549.42,552.33,2667184
2022-12-02,V,552.63,564.7,538.56,551.7,2827611
2022-12-05,V,537.81,540.39,535.01,537.39,11077337
2022-12-06,V,542.73,551.24,542.92,543.71,2369449
2022-12-07,V,544.24,552.29,536.79,542.26,4044786
2022-12-08,V,561.53,565.76,551.3,561.84,4693754
2022-12-09,V,545.28,552.73,543.24,551.29,2892291
2022-12-12,V,578.74,581.12,578.25,579.14,4399444
2022-12-13,V,578.22,593.76,568.92,580.86,6875679
2022-12-14,V,580.19,581.52,577.63,577.98,2283964
2022-12-15,V,588.41,588.42,576.47,587.37,8337163
2022-12-16,V,572.7,592.11,569.47,576.28,5293624
2022-12-19,V,565.49,574.24,560.09,569.92,4365552
2022-12-20,V,584.71,588.06,565.7,583.16,5034562
2022-12-21,V,597.54,597.27,588.95,589.48,2273986
2022-12-22,V,590.05,592.25,590.58,592.22,6622184
2022-12-23,V,570.37,578.27,564.09,568.21,21646304
2022-12-26,V,571.01,575.53,555.62,569.76,9218716
2022-12-27,V,562.84,563.05,553.28,562.78,6574226
2022-12-28,V,573.36,577.08,557.02,570.11,6999137
2022-12-29,V,566.12,573.16,556.27,567.31,7104305
2022-12-30,V,570.77,570.78,561.12,563.89,12023310
2023-01-02,V,576.24,586.68,574.19,576.01,21789044
2023-01-03,V,581.46,594.13,570.51,580.87,3909578
2023-01-04,V,576.72,583.43,576.54,578.39,7483488
2023-01-05,V,580.25,585.86,580.21,581.22,7739231
2023-01-06,V,577.36,576.78,571.44,572.17,6150157
2023-01-09,V,562.6,569.48,562.89,566.45,7526852
2023-01-10,V,577.74,585.94,567.56,572.5,4963391
2023-01-11,V,576.79,585.52,571.1,574.06,6912440
2023-01-12,V,564.76,578.23,565.32,569.19,5009496
2023-01-13,V,575.94,575.37,563.58,573.97,1030389
2023-01-16,V,583.68,585.17,581.9,582.97,1084191
2023-01-17,V,574.51,585.27,562.29,573.41,1318868
2023-01-18,V,581.19,582.31,575.12,579.16,2589525
2023-01-19,V,580.53,583.85,563.54,575.2,3253811
2023-01-20,V,571.1,574.06,566.16,570.95,4082915
2023-01-23,V,578.18,580.14,578.76,579.29,17150628
2023-01-24,V,577.36,590.49,577.94,578.5,8074982
2023-01-25,V,570.56,575.38,566.39,572.12,5864593
2023-01-26,V,592.4,594.86,585.87,591.95,10347088
2023-01-27,V,594.14,605.43,594.74,596.61,1111917
2023-01-30,V,601.26,606.64,598.89,604.35,4858941
2023-01-31,V,601.61,612.85,599.19,602.63,2737452
2023-02-01,V,590.63,590.67,580.66,587.31,5426372
2023-02-02,V,587.79,589.93,586.48,589.39,4663038
2023-02-03,V,594.92,597.54,589.09,593.48,8020620
2023-02-06,V,586.7,594.17,584.27,589.14,1553274
2023-02-07,V,587.92,603.8,588.12,589.31,1126374
2023-02-08,V,597.03,599.67,597.63,598.84,10613023
2023-02-09,V,620.75,620.3,615.43,616.76,6528268
2023-02-10,V,610.45,610.02,596.57,609.75,4158838
2023-02-13,V,617.57,625.65,618.19,618.78,2637957
2023-02-14,V,618.02,624.15,618.01,621.45,6653134
2023-02-15,V,612.58,617.56,610.83,614.94,6095855
2023-02-16,V,625.82,627.62,610.91,620.95,4385786
2023-02-17,V,618.26,620.19,611.94,614.06,10423063
2023-02-20,V,600.45,606.05,598.81,600.11,3467987
2023-02-21,V,622.49,625.74,623.11,623.14,3571693
2023-02-22,V,616.17,615.56,611.02,615.19,8284633
2023-02-23,V,621.49,631.1,608.89,622.59,12611628
2023-02-24,V,632.86,645.71,621.52,633.31,4658831
2023-02-27,V,631.72,631.24,627.42,629.13,3506858
2023-02-28,V,633.16,634.26,626.44,632.97,1224148
2023-03-01,V,633.06,641.2,629.48,631.46,21744720
2023-03-02,V,647.63,664.77,639.66,646.81,20199990
2023-03-03,V,644.19,650.61,633.72,646.27,3981900
2023-03-06,V,630.42,640.78,625.5,630.14,5848404
2023-03-07,V,637.88,651.52,632.7,640.61,6774109
2023-03-08,V,626.97,635.81,623.17,633.24,1551875
2023-03-09,V,629.96,635.89,625.86,630.57,32145751
2023-03-10,V,638.04,637.41,626.27,632.93,12445579
2023-03-13,V,640.57,647.03,633.04,636.14,5594254
2023-03-14,V,632.47,631.83,619.38,629.33,2718177
2023-03-15,V,631.18,632.86,627.63,631.71,5207230
2023-03-16,V,634.05,649.12,629.13,633.56,9026946
2023-03-17,V,633.83,652.99,634.47,634.9,4181212
2023-03-20,V,627.79,645.49,626.35,630.87,7391016
2023-03-21,V,622.63,622.01,619.96,621.49,2499094
2023-03-22,V,625.7,625.76,616.33,617.14,1441628
2023-03-23,V,630.76,642.74,631.39,631.84,10427927
2023-03-24,V,641.18,648.47,633.08,640.88,2099065
2023-03-27,V,627.77,627.14,623.9,626.86,5850686
2023-03-28,V,605.43,622.26,602.04,611.16,12416892
2023-03-29,V,614.0,613.39,611.12,612.9,7398307
2023-03-30,V,617.99,617.37,600.21,617.06,829907
2023-03-31,V,606.93,606.32,593.3,602.76,4120992
2023-04-03,V,607.43,609.38,604.43,604.71,13597196
2023-04-04,V,613.6,616.87,606.67,613.91,7213874
2023-04-05,V,597.34,608.0,597.93,601.04,7502546
2023-04-06,V,591.67,594.06,576.83,593.63,2343272
2023-04-07,V,589.28,600.34,575.23,588.57,2884907
2023-04-10,V,594.2,594.38,585.08,594.34,2557303
2023-04-11,V,602.87,602.27,599.37,601.78,1146270
2023-04-12,V,606.89,611.95,606.12,607.56,9831460
2023-04-13,V,613.34,621.31,609.25,610.58,1377995
2023-04-14,V,610.29,615.02,597.9,608.35,2957019
2023-04-17,V,600.16,611.16,598.77,602.09,3330157
2023-04-18,V,585.17,594.08,585.75,586.94,3433374
2023-04-19,V,587.47,589.7,583.7,587.04,2795853
2023-04-20,V,584.57,594.78,573.5,585.56,16535156
2023-04-21,V,581.41,581.4,561.03,577.06,19325461
2023-04-24,V,591.53,590.94,575.3,583.66,8194057
2023-04-25,V,592.48,602.05,587.97,589.23,6984314
2023-04-26,V,589.02,595.66,581.01,588.88,1938049
2023-04-27,V,581.26,586.91,576.58,581.28,7130177
2023-04-28,V,580.25,588.34,569.99,578.69,7840505
2023-05-01,V,595.74,603.46,586.47,595.75,6715122
2023-05-02,V,598.62,610.28,596.94,601.8,6162499
2023-05-03,V,579.74,584.32,568.19,581.97,4512820
2023-05-04,V,578.98,589.17,579.56,580.13,7861515
2023-05-05,V,576.82,582.55,570.86,576.13,3921474
2023-05-08,V,592.46,593.51,586.2,592.94,5296536
2023-05-09,V,612.21,613.13,590.35,606.44,6426521
2023-05-10,V,595.27,594.67,586.8,594.52,3369533
2023-05-11,V,596.44,605.75,597.04,603.77,3519227
2023-05-12,V,619.09,621.75,613.03,617.04,3409011
2023-05-15,V,616.23,618.28,608.87,610.05,4441786
2023-05-16,V,614.87,617.26,606.35,610.76,4229496
2023-05-17,V,593.85,599.62,591.99,594.07,4000500
2023-05-18,V,594.12,609.8,593.39,599.74,6759423
2023-05-19,V,604.56,612.82,597.14,605.66,3801417
2023-05-22,V,617.81,624.4,596.79,613.69,9629050
2023-05-23,V,616.94,617.75,611.82,612.6,7732385
2023-05-24,V,630.15,631.54,621.91,626.64,4922633
2023-05-25,V,629.55,629.94,624.87,628.94,19154250
2023-05-26,V,636.12,638.9,620.55,628.19,11735202
2023-05-29,V,635.71,648.4,631.27,636.57,4684714
2023-05-30,V,637.92,642.26,630.27,637.53,12087711
2023-05-31,V,629.22,641.82,625.5,629.77,10914964
2023-06-01,V,617.91,632.37,616.36,623.74,992255
2023-06-02,V,623.09,633.9,609.79,621.56,4285633
2023-06-05,V,618.83,618.21,614.79,617.9,8894641
2023-06-06,V,604.2,625.34,594.14,603.48,5115619
2023-06-07,V,612.17,622.14,612.78,613.39,4996183
2023-06-08,V,622.9,634.36,619.11,622.41,3889631
2023-06-09,V,620.61,619.99,602.02,619.7,4662446
2023-06-12,V,614.95,622.9,600.5,614.6,1721966
2023-06-13,V,605.53,613.57,594.44,603.16,31630574
2023-06-14,V,594.87,598.71,592.13,596.98,6878686
2023-06-15,V,600.94,605.99,596.21,603.6,2051371
2023-06-16,V,605.18,614.23,591.67,605.56,3686558
2023-06-19,V,601.27,608.06,596.67,603.48,3337310
2023-06-20,V,604.05,604.28,597.38,598.97,20046561
2023-06-21,V,597.47,597.79,591.84,597.59,7556703
2023-06-22,V,594.39,603.24,593.96,594.37,5209090
2023-06-23,V,597.49,602.25,593.41,598.7,2642645
2023-06-26,V,601.5,613.38,592.34,602.27,3374854
2023-06-27,V,595.92,605.6,596.51,598.9,2073335
2023-06-28,V,602.75,613.2,601.06,603.96,1588640
2023-06-29,V,601.45,621.25,595.02,601.47,4163421
2023-06-30,V,602.65,613.04,602.84,603.84,4662141
2023-07-03,V,611.6,627.84,609.91,610.79,4417885
2023-07-04,V,608.32,613.24,602.35,604.13,3889184
2023-07-05,V,594.79,613.44,595.38,599.47,9307849
2023-07-06,V,601.17,600.57,593.69,594.74,8755953
2023-07-07,V,587.12,593.68,569.98,590.24,6801660
2023-07-10,V,596.33,599.54,588.8,596.93,19266908
2023-07-11,V,603.49,607.84,597.59,602.63,9126224
2023-07-12,V,615.51,619.02,607.57,614.99,9024861
2023-07-13,V,606.98,610.41,596.28,607.49,2948562
2023-07-14,V,612.01,620.03,602.32,610.85,9170834
2023-07-17,V,595.61,595.02,592.69,594.19,2580942
2023-07-18,V,603.88,613.93,598.85,603.46,6663933
2023-07-19,V,593.77,593.17,577.92,592.38,7188853
2023-07-20,V,592.53,594.63,590.36,594.63,3983561
2023-07-21,V,586.3,586.04,576.71,584.13,4135076
2023-07-24,V,591.19,593.04,591.78,591.85,9402883
2023-07-25,V,598.19,601.97,596.31,597.43,7023634
2023-07-26,V,601.59,615.18,599.86,604.05,3810487
2023-07-27,V,609.58,608.97,593.68,607.72,9369462
2023-07-28,V,608.84,613.0,600.78,604.85,19244562
2023-07-31,V,620.8,620.18,617.52,617.66,3819267
2023-08-01,V,627.94,630.12,619.07,627.4,9442137
2023-08-02,V,626.0,630.32,623.82,624.84,1219685
2023-08-03,V,615.4,624.8,616.02,616.8,9742897
2023-08-04,V,618.82,618.2,614.49,615.6,13599402
2023-08-07,V,602.99,610.77,603.6,606.12,2349298
2023-08-08,V,609.69,621.56,610.3,611.33,4786976
2023-08-09,V,605.25,618.89,604.58,605.56,10095195
2023-08-10,V,633.03,635.68,627.12,627.35,4401835
2023-08-11,V,626.23,629.98,626.85,627.3,6744735
2023-08-14,V,630.15,641.68,629.7,634.01,8125201
2023-08-15,V,645.77,650.82,631.5,640.62,3934007
2023-08-16,V,640.84,640.2,623.14,638.47,7515918
2023-08-17,V,640.03,645.94,624.72,637.64,11982058
2023-08-18,V,646.94,649.49,632.42,644.29,6371753
2023-08-21,V,647.03,653.5,643.4,647.68,14109219
2023-08-22,V,656.37,665.81,647.8,649.13,1484939
2023-08-23,V,652.56,673.5,652.64,656.62,4804413
2023-08-24,V,648.33,654.87,645.28,649.8,2422841
2023-08-25,V,645.54,649.34,636.24,645.18,10034468
2023-08-28,V,646.85,658.16,632.16,647.78,3892870
2023-08-29,V,647.05,654.54,647.7,650.91,5988936
2023-08-30,V,653.05,658.13,649.87,652.56,4019028
2023-08-31,V,640.62,641.58,632.56,640.51,3412072
2023-09-01,V,629.67,639.79,630.3,635.68,6458787
2023-09-04,V,630.46,629.83,611.0,623.06,1539062
2023-09-05,V,603.12,609.97,600.64,604.21,4684705
2023-09-06,V,609.32,616.05,583.99,605.33,7655064
2023-09-07,V,605.61,605.0,602.77,604.55,3464018
2023-09-08,V,608.14,610.72,595.8,605.83,8340979
2023-09-11,V,607.68,612.36,604.09,610.61,3044987
2023-09-12,V,618.87,620.8,610.51,616.65,2692632
2023-09-13,V,617.56,638.03,613.68,620.03,9559853
2023-09-14,V,643.06,650.04,640.95,643.91,4678374
2023-09-15,V,640.09,644.43,636.03,640.35,2798934
2023-09-18,V,649.13,655.43,643.92,648.17,12164692
2023-09-19,V,665.7,673.93,654.5,667.39,8615070
2023-09-20,V,670.46,676.79,669.85,675.4,2939804
2023-09-21,V,682.54,683.53,672.48,680.3,1115371
2023-09-22,V,681.89,689.25,682.11,688.81,11830821
2023-09-25,V,708.45,721.69,686.5,710.06,4906332
2023-09-26,V,708.81,711.25,701.69,708.26,1735315
2023-09-27,V,686.57,700.85,675.46,691.07,6207710
2023-09-28,V,700.38,703.94,697.42,702.79,6513102
2023-09-29,V,701.09,710.73,693.52,703.97,5966229
2023-10-02,V,702.9,702.2,682.51,702.08,9469851
2023-10-03,V,713.91,728.36,704.85,715.93,3201038
2023-10-04,V,700.17,709.15,698.57,702.89,11935172
2023-10-05,V,714.8,714.58,703.3,708.64,2006479
2023-10-06,V,718.8,725.29,705.84,713.46,2219789
2023-10-09,V,724.32,723.59,719.63,721.54,1034299
2023-10-10,V,717.16,720.95,705.58,718.06,4568934
2023-10-11,V,718.32,741.44,715.27,719.32,6331701
2023-10-12,V,709.78,717.88,709.66,709.75,7429203
2023-10-13,V,700.04,707.06,698.82,703.14,3493479
2023-10-16,V,706.93,715.22,703.1,707.21,6555105
2023-10-17,V,716.48,717.18,711.08,713.91,1305459
2023-10-18,V,697.73,710.5,692.4,697.98,2373076
2023-10-19,V,696.89,697.11,688.37,690.95,8555578
2023-10-20,V,698.54,699.39,693.08,694.4,3338121
2023-10-23,V,687.55,706.9,665.88,684.77,4808479
2023-10-24,V,687.29,686.6,676.04,685.24,10799636
2023-10-25,V,673.17,690.21,667.04,669.33,583564
2023-10-26,V,650.49,660.47,639.92,650.28,4982362
2023-10-27,V,652.17,656.19,647.28,650.92,6593254
2023-10-30,V,650.7,654.19,638.43,647.69,15804891
2023-10-31,V,650.98,661.74,650.37,650.41,18040375
2023-11-01,V,655.11,658.02,651.04,652.08,4095225
2023-11-02,V,635.44,647.66,633.16,638.23,6204502
2023-11-03,V,644.89,648.39,644.01,645.34,3888951
2023-11-06,V,652.01,655.81,651.11,653.09,4531115
2023-11-07,V,641.29,647.77,639.94,641.35,1834100
2023-11-08,V,648.36,651.19,643.86,648.52,6466754
2023-11-09,V,638.77,654.61,634.45,641.62,19385966
2023-11-10,V,653.07,657.91,645.7,649.14,5821760
2023-11-13,V,653.73,653.07,635.28,652.52,3032998
2023-11-14,V,670.66,682.79,667.52,670.46,6201642
2023-11-15,V,678.6,690.68,677.83,680.2,3993192
2023-11-16,V,679.33,687.16,670.15,675.47,6168893
2023-11-17,V,662.73,664.5,658.94,659.7,10530523
2023-11-20,V,639.76,650.64,636.88,642.98,3186350
2023-11-21,V,661.68,676.5,652.62,659.69,5491532
2023-11-22,V,658.45,662.41,654.61,658.23,3854967
2023-11-23,V,654.66,659.46,644.56,655.05,4642271
2023-11-24,V,645.39,647.82,642.12,645.1,5933426
2023-11-27,V,645.56,655.87,634.57,646.22,4217452
2023-11-28,V,630.91,631.89,628.45,628.93,8796420
2023-11-29,V,632.57,641.19,631.8,636.05,1164140
2023-11-30,V,635.49,635.93,626.59,634.53,1367054
2023-12-01,V,631.73,644.15,632.36,633.46,6597008
2023-12-04,V,639.31,640.98,635.07,637.2,9917253
2023-12-05,V,643.97,648.84,644.61,646.66,2343794
2023-12-06,V,639.21,638.57,634.16,637.6,1051818
2023-12-07,V,643.82,653.42,633.79,643.34,2744213
2023-12-08,V,644.41,658.57,645.06,647.06,1333354
2023-12-11,V,652.91,661.57,631.47,652.32,3106064
2023-12-12,V,640.06,648.82,640.7,641.99,3393030
2023-12-13,V,619.79,624.9,620.41,620.72,4399342
2023-12-14,V,605.37,629.1,599.53,612.89,4157902
2023-12-15,V,623.57,625.41,619.91,620.44,5472776
2023-12-18,V,619.11,625.93,603.93,618.22,2774021
2023-12-19,V,606.75,611.3,600.81,607.61,9659132
2023-12-20,V,615.47,614.85,608.97,613.98,7326728
2023-12-21,V,609.65,613.61,603.31,613.21,21945354
2023-12-22,V,619.5,627.02,620.12,625.8,2965500
2023-12-25,V,626.04,627.33,619.41,619.73,4746032
2023-12-26,V,627.55,641.96,618.4,625.77,7202001
2023-12-27,V,629.98,643.72,627.1,627.94,3753982
2023-12-28,V,630.0,641.3,625.08,631.61,21633541
2023-12-29,V,633.55,632.91,624.38,630.83,3753067
2024-01-01,V,643.46,654.51,637.37,639.31,2199152
2024-01-02,V,634.84,639.37,629.51,635.56,6914472
2024-01-03,V,630.0,653.14,629.74,632.24,3430168
2024-01-04,V,627.56,641.97,618.93,630.41,13201963
2024-01-05,V,629.02,629.47,625.47,627.76,9968246
2024-01-08,V,642.43,651.69,634.01,644.13,8714439
2024-01-09,V,649.16,661.19,647.5,652.06,13240238
2024-01-10,V,647.75,653.5,646.84,648.77,7193792
2024-01-11,V,647.82,650.92,641.3,645.49,5771471
2024-01-12,V,670.95,676.76,658.57,665.72,5231135
2024-01-15,V,657.72,674.3,654.07,664.83,1250597
2024-01-16,V,654.42,659.04,650.44,655.75,9080364
2024-01-17,V,647.56,653.06,640.21,645.91,13820321
2024-01-18,V,646.34,660.13,639.21,647.76,3889434
2024-01-19,V,636.12,646.31,628.05,635.48,23107030
2024-01-22,V,629.49,635.45,630.12,630.4,8550428
2024-01-23,V,638.64,638.01,624.09,634.79,2207534
2024-01-24,V,634.3,645.59,623.03,633.87,8724980
2024-01-25,V,630.98,630.35,628.09,628.91,1694327
2024-01-26,V,654.11,658.71,649.85,655.46,2261738
2024-01-29,V,657.5,664.07,656.56,660.19,12328539
2024-01-30,V,669.71,692.46,658.61,667.29,4899211
2024-01-31,V,654.17,657.26,649.38,657.26,3432484
2024-02-01,V,660.39,667.45,658.45,660.88,7445803
2024-02-02,V,666.19,680.0,654.66,666.01,1209845
2024-02-05,V,662.36,670.17,662.68,663.76,2275146
2024-02-06,V,659.33,669.38,657.86,661.67,2167802
2024-02-07,V,661.79,664.06,654.52,662.69,1231787
2024-02-08,V,664.75,670.31,665.41,665.88,9182280
2024-02-09,V,663.01,667.98,663.68,666.87,8791889
2024-02-12,V,654.68,668.88,642.76,654.62,5295872
2024-02-13,V,662.55,661.89,658.74,659.47,1834226
2024-02-14,V,652.33,653.09,650.73,652.64,31429282
2024-02-15,V,654.72,659.42,652.74,654.38,12647701
2024-02-16,V,671.73,677.56,672.4,675.81,2126753
2024-02-19,V,681.74,692.14,673.46,679.29,1060258
2024-02-20,V,671.37,670.7,669.88,670.28,7240429
2024-02-21,V,687.72,690.0,677.07,687.5,8589937
2024-02-22,V,684.65,694.18,684.29,685.35,2113744
2024-02-23,V,704.25,711.09,692.57,699.65,12486620
2024-02-26,V,698.1,709.74,697.07,700.72,9222895
2024-02-27,V,716.32,719.7,707.28,719.39,12848297
2024-02-28,V,721.92,727.14,722.64,726.52,2776963
2024-02-29,V,736.52,749.96,729.27,729.96,6075737
2024-03-01,V,745.09,747.23,721.08,740.26,4614707
2024-03-04,V,749.16,754.74,745.55,745.61,2978601
2024-03-05,V,733.67,742.8,714.56,736.32,5127125
2024-03-06,V,734.95,748.78,735.69,736.76,3977101
2024-03-07,V,733.96,741.74,734.7,736.98,16024487
2024-03-08,V,738.81,755.48,739.55,740.89,2539693
2024-03-11,V,749.75,753.0,740.88,747.97,5291113
2024-03-12,V,750.53,749.78,745.26,747.76,6432619
2024-03-13,V,756.49,770.96,738.76,753.9,3381140
2024-03-14,V,765.77,772.3,737.86,760.72,5099570
2024-03-15,V,782.4,782.44,766.71,778.54,4164379
2024-03-18,V,776.8,780.99,770.68,776.66,1161360
2024-03-19,V,768.14,778.92,766.93,770.27,4909306
2024-03-20,V,760.0,782.27,744.18,763.32,3380334
2024-03-21,V,771.17,778.19,766.65,769.93,4339204
2024-03-22,V,756.98,766.18,752.02,760.1,2659639
2024-03-25,V,776.48,788.42,764.39,773.81,1358987
2024-03-26,V,763.0,778.23,757.85,768.38,2506042
2024-03-27,V,754.27,767.41,747.67,752.91,3731326
2024-03-28,V,770.03,773.78,760.35,762.93,1804853
2024-03-29,V,760.42,761.55,745.79,759.59,8042626
2024-04-01,V,749.68,758.8,743.44,753.89,2131101
2024-04-02,V,754.99,776.1,755.75,758.22,1494134
2024-04-03,V,726.94,735.99,723.12,731.13,1803390
2024-04-04,V,747.33,746.58,740.01,744.48,4506473
2024-04-05,V,738.88,748.63,736.29,736.99,3146835
2024-04-08,V,749.05,762.77,740.97,745.47,3202310
2024-04-09,V,743.59,746.92,726.6,745.79,4735292
2024-04-10,V,741.15,751.15,736.17,737.63,4160637
2024-04-11,V,731.22,735.33,727.91,735.13,4618616
2024-04-12,V,740.15,746.05,740.9,741.71,4727808
2024-04-15,V,722.59,724.4,712.47,723.09,2213002
2024-04-16,V,723.13,744.99,718.77,727.78,2082666
2024-04-17,V,717.9,718.83,709.71,716.76,8641972
2024-04-18,V,714.61,713.9,707.94,710.14,3135862
2024-04-19,V,724.65,736.27,722.33,728.24,3446938
2024-04-22,V,736.11,735.37,707.44,728.14,7757603
2024-04-23,V,732.07,748.45,731.14,732.72,8755723
2024-04-24,V,742.65,749.94,743.39,748.1,3125565
2024-04-25,V,732.93,733.67,729.1,731.52,2855703
2024-04-26,V,732.39,736.51,725.81,733.13,5572567
2024-04-29,V,729.94,745.67,720.84,728.97,9392328
2024-04-30,V,729.37,728.64,715.48,727.53,9894835
2024-05-01,V,726.34,741.66,722.55,726.47,5433842
2024-05-02,V,732.77,732.44,726.64,732.34,13711726
2024-05-03,V,726.84,729.14,726.47,727.72,1730810
2024-05-06,V,723.61,729.77,724.33,724.39,3720108
2024-05-07,V,722.53,734.52,715.01,717.81,3211826
2024-05-08,V,710.49,720.09,711.2,712.84,3651024
2024-05-09,V,707.74,708.89,692.93,707.2,3296676
2024-05-10,V,696.0,697.74,676.56,693.52,1557094
2024-05-13,V,700.87,711.78,694.17,698.38,3063487
2024-05-14,V,692.86,692.16,687.45,689.94,22027857
2024-05-15,V,683.43,694.08,684.12,686.89,2317542
2024-05-16,V,678.64,683.92,676.46,681.11,5117804
2024-05-17,V,670.08,672.31,666.2,671.3,8608741
2024-05-20,V,676.8,685.01,674.45,674.76,3391704
2024-05-21,V,676.89,682.83,675.86,680.03,2242187
2024-05-22,V,685.29,695.15,672.87,684.63,6564976
2024-05-23,V,688.75,689.71,686.35,689.3,1394622
2024-05-24,V,680.9,688.78,678.08,687.44,5775572
2024-05-27,V,691.87,697.61,683.33,685.54,7791579
2024-05-28,V,669.12,670.22,656.84,667.29,8475513
2024-05-29,V,678.6,683.0,672.56,675.58,8509047
2024-05-30,V,681.66,694.54,682.34,683.43,2735922
2024-05-31,V,677.82,680.32,667.26,670.99,1683695
2024-06-03,V,683.09,686.26,676.54,680.06,1311641
2024-06-04,V,677.68,679.33,676.14,679.24,3387681
2024-06-05,V,690.53,703.41,688.61,688.87,9147547
2024-06-06,V,687.53,712.52,681.7,692.55,1964334
2024-06-07,V,700.22,705.0,686.63,697.15,3050033
2024-06-10,V,697.33,711.29,684.28,694.03,5487948
2024-06-11,V,681.61,697.92,679.3,680.21,6695147
2024-06-12,V,674.92,686.21,668.79,679.12,4272386
2024-06-13,V,674.6,673.93,655.67,673.36,4599873
2024-06-14,V,664.38,667.35,644.85,661.78,4794690
2024-06-17,V,676.74,680.64,667.64,676.98,2901442
2024-06-18,V,682.26,681.58,677.11,680.22,3722563
2024-06-19,V,683.39,692.19,676.01,681.56,921762
2024-06-20,V,691.96,691.27,681.85,690.11,1803988
2024-06-21,V,671.26,676.38,662.01,675.73,9042301
2024-06-24,V,660.76,668.73,659.14,661.58,4193319
2024-06-25,V,648.32,662.4,620.34,652.66,7629153
2024-06-26,V,657.05,669.5,656.63,658.68,11961204
2024-06-27,V,665.92,675.93,662.49,665.37,9944413
2024-06-28,V,679.37,679.36,672.5,676.95,20442672
2024-07-01,V,689.01,696.92,676.38,687.5,3910275
2024-07-02,V,687.67,708.61,677.23,694.41,4964366
2024-07-03,V,705.07,719.97,705.77,712.02,1469499
2024-07-04,V,704.62,707.83,695.14,705.72,18311924
2024-07-05,V,705.31,712.63,701.98,703.12,7041756
2024-07-08,V,699.55,704.72,694.92,698.87,5829868
2024-07-09,V,698.47,715.95,699.17,700.07,3623349
2024-07-10,V,715.19,716.25,710.61,710.93,4110271
2024-07-11,V,722.34,727.6,711.26,719.33,2547821
2024-07-12,V,701.07,707.36,696.38,699.87,1564961
2024-07-15,V,688.75,698.16,678.61,683.99,2234126
2024-07-16,V,693.27,699.09,687.69,695.33,5824956
2024-07-17,V,700.29,718.19,696.93,698.41,6369464
2024-07-18,V,695.66,696.82,679.51,694.73,2113213
2024-07-19,V,709.15,708.44,692.76,706.51,27674982
2024-07-22,V,706.13,724.05,698.61,707.59,10249114
2024-07-23,V,697.6,696.9,694.76,695.09,4559019
2024-07-24,V,689.48,688.79,685.14,686.38,6541221
2024-07-25,V,674.76,677.48,675.44,675.98,2138399
2024-07-26,V,681.29,681.34,672.01,677.3,3476570
2024-07-29,V,672.37,679.25,673.05,675.67,1467455
2024-07-30,V,681.0,683.14,665.7,682.03,5877147
2024-07-31,V,677.45,692.27,662.69,675.95,11191373
2024-08-01,V,680.61,682.36,669.39,676.49,1786272
2024-08-02,V,672.65,680.55,673.0,675.59,1836832
2024-08-05,V,688.69,714.73,675.39,689.19,5807232
2024-08-06,V,680.79,694.51,681.47,681.84,6191830
2024-08-07,V,659.66,672.25,641.38,652.56,15012301
2024-08-08,V,651.71,657.31,643.73,653.16,5096121
2024-08-09,V,653.48,661.9,650.01,655.96,4323062
2024-08-12,V,654.34,662.72,653.8,654.59,6565972
2024-08-13,V,650.36,649.88,633.49,646.94,5413151
2024-08-14,V,622.88,627.16,623.5,624.24,4081845
2024-08-15,V,615.8,620.14,597.51,611.83,16617963
2024-08-16,V,612.55,621.37,609.02,613.0,4274517
2024-08-19,V,610.42,611.47,601.24,607.64,7695922
2024-08-20,V,598.64,600.89,586.24,597.78,3279117
2024-08-21,V,606.12,617.72,599.71,605.97,1346471
2024-08-22,V,607.1,606.51,603.06,605.27,2658947
2024-08-23,V,604.82,610.02,593.66,606.06,4102456
2024-08-26,V,590.0,595.46,578.86,589.99,16806732
2024-08-27,V,576.32,588.65,569.21,579.3,2686890
2024-08-28,V,586.51,588.62,575.5,585.04,1202784
2024-08-29,V,596.02,597.05,585.53,595.73,7796078
2024-08-30,V,597.89,611.51,592.89,593.0,3826186
2024-09-02,V,580.62,591.61,578.35,584.58,5995847
2024-09-03,V,586.19,589.62,576.83,585.53,5542309
2024-09-04,V,576.56,581.31,562.47,575.39,5953285
2024-09-05,V,575.96,583.58,573.62,578.0,3947205
2024-09-06,V,572.3,583.2,572.87,575.76,3015950
2024-09-09,V,598.08,609.86,590.25,599.85,6714319
2024-09-10,V,605.89,616.86,606.49,606.75,5781198
2024-09-11,V,599.71,610.41,590.61,597.06,8009417
2024-09-12,V,584.56,591.72,580.02,584.94,12265882
2024-09-13,V,580.95,585.7,581.27,584.87,7417495
2024-09-16,V,591.16,601.95,581.27,593.75,1679458
2024-09-17,V,600.88,606.07,585.53,599.24,4403264
2024-09-18,V,603.3,614.68,595.2,603.76,5338410
2024-09-19,V,588.3,595.32,588.54,588.96,7789024
2024-09-20,V,587.63,590.99,578.55,588.94,2655790
2024-09-23,V,586.21,589.63,586.79,588.4,1912313
2024-09-24,V,577.16,579.35,568.67,573.9,9250660
2024-09-25,V,564.5,563.94,554.37,563.07,4573538
2024-09-26,V,557.51,556.95,550.37,555.85,14003035
2024-09-27,V,548.93,553.04,547.35,552.86,3441626
2024-09-30,V,548.17,557.47,546.5,549.97,7027756
2024-10-01,V,556.76,562.75,539.97,555.26,2325308
2024-10-02,V,558.36,566.35,549.74,559.07,4341692
2024-10-03,V,561.22,560.66,555.5,559.88,1017957
2024-10-04,V,572.13,578.87,561.94,571.42,9415719
2024-10-07,V,570.22,597.71,570.79,579.88,4104694
2024-10-08,V,569.43,575.79,564.82,565.61,4788179
2024-10-09,V,572.48,585.73,557.09,573.52,11768731
2024-10-10,V,583.42,589.43,580.81,581.81,4088797
2024-10-11,V,578.46,577.88,563.61,574.72,1898323
2024-10-14,V,571.52,584.18,566.41,577.03,6721891
2024-10-15,V,584.93,584.52,565.16,582.37,1380286
2024-10-16,V,582.42,588.09,580.22,584.87,6540036
2024-10-17,V,582.6,589.73,568.24,578.7,3314529
2024-10-18,V,581.28,589.68,571.14,580.24,6624109
2024-10-21,V,589.28,607.13,577.74,589.69,9753534
2024-10-22,V,584.24,592.98,578.22,586.13,24841299
2024-10-23,V,593.91,609.49,592.64,597.95,8814001
2024-10-24,V,605.1,619.41,601.66,609.97,10457403
2024-10-25,V,613.51,619.26,612.16,616.31,653223
2024-10-28,V,610.91,610.95,596.01,609.0,4431593
2024-10-29,V,625.61,634.07,622.99,629.52,1689352
2024-10-30,V,632.55,637.72,624.51,630.73,4028428
2024-10-31,V,640.1,645.65,640.06,642.84,6032302
2024-11-01,V,644.79,653.53,641.88,642.42,5155532
2024-11-04,V,648.81,651.08,631.06,646.71,3556632
2024-11-05,V,654.35,659.65,639.38,652.41,11210629
2024-11-06,V,666.82,672.6,656.34,666.16,2572837
2024-11-07,V,658.03,668.4,658.69,659.94,4974862
2024-11-08,V,660.9,671.91,657.7,664.53,4315506
2024-11-11,V,674.65,683.19,665.29,674.47,5499970
2024-11-12,V,690.6,690.74,687.19,690.28,3524577
2024-11-13,V,703.54,710.64,701.91,705.83,3025311
2024-11-14,V,700.02,710.68,698.78,699.02,4563511
2024-11-15,V,702.43,717.42,701.1,704.19,1755633
2024-11-18,V,703.0,706.86,692.4,702.31,1796439
2024-11-19,V,706.26,715.56,697.06,702.94,1163727
2024-11-20,V,702.87,724.66,702.81,706.96,2281717
2024-11-21,V,718.83,723.09,708.33,713.59,13435942
2024-11-22,V,723.1,736.05,723.82,725.59,8322318
2024-11-25,V,723.31,743.09,715.89,717.62,3320037
2024-11-26,V,711.4,714.89,707.44,711.8,7369648
2024-11-27,V,723.38,728.43,719.0,727.15,3433762
2024-11-28,V,715.11,728.77,705.59,717.89,3301901
2024-11-29,V,729.83,734.58,725.94,733.43,2881094
2024-12-02,V,723.14,742.54,716.79,721.66,8878732
2024-12-03,V,724.07,741.3,717.61,724.45,3353171
2024-12-04,V,729.04,728.32,713.72,727.01,8915259
2024-12-05,V,717.34,728.04,709.9,718.57,1251695
2024-12-06,V,724.47,729.5,715.72,724.18,1598286
2024-12-09,V,708.64,721.68,703.58,717.13,10676284
2024-12-10,V,710.43,714.39,709.46,712.28,2263046
2024-12-11,V,703.8,723.29,704.51,706.54,7321998
2024-12-12,V,709.97,714.77,710.52,714.24,4581235
2024-12-13,V,692.38,726.8,687.98,693.85,6270328
2024-12-16,V,689.38,697.15,686.87,690.18,2177781
2024-12-17,V,681.77,685.87,674.71,679.63,6868588
2024-12-18,V,664.87,668.49,661.05,662.55,5400409
2024-12-19,V,664.21,678.67,659.27,663.85,1380745
2024-12-20,V,655.84,669.12,638.2,661.55,3560975
2024-12-23,V,651.69,654.09,641.13,652.52,4119980
2024-12-24,V,643.04,644.39,640.56,643.2,7720821
2024-12-25,V,650.12,654.13,650.22,651.74,3146256
2024-12-26,V,646.04,647.33,637.65,641.26,2975557
2024-12-27,V,643.79,651.2,636.5,640.72,2875323
2024-12-30,V,626.63,629.02,608.35,626.75,12220559
2024-12-31,V,633.65,644.83,631.41,637.05,5369532
2020-01-02,JNJ,148.08,150.11,146.74,148.33,2761047
2020-01-03,JNJ,148.58,148.78,147.59,148.18,18521647
2020-01-06,JNJ,148.55,148.58,146.03,148.32,3886380
2020-01-07,JNJ,148.16,148.74,146.08,147.7,5271063
2020-01-08,JNJ,146.98,148.7,146.65,147.53,10821526
2020-01-09,JNJ,147.75,148.74,145.08,148.6,6828947
2020-01-10,JNJ,149.09,150.99,149.24,149.65,10555227
2020-01-13,JNJ,150.93,151.92,149.97,150.38,37391771
2020-01-14,JNJ,149.68,149.96,148.97,149.85,7167377
2020-01-15,JNJ,151.57,152.21,149.84,151.05,3950512
2020-01-16,JNJ,149.01,150.96,146.75,149.09,3300135
2020-01-17,JNJ,148.18,148.03,147.91,147.98,3097055
2020-01-20,JNJ,151.39,151.24,150.33,150.73,10276896
2020-01-21,JNJ,150.47,151.36,148.71,149.91,5036159
2020-01-22,JNJ,149.89,151.48,150.04,150.93,7631899
2020-01-23,JNJ,154.9,154.75,154.3,154.72,1155744
2020-01-24,JNJ,154.52,155.21,153.62,155.19,11899365
2020-01-27,JNJ,158.1,159.0,156.93,157.97,11664102
2020-01-28,JNJ,157.32,159.09,157.44,158.18,8901741
2020-01-29,JNJ,159.89,160.15,158.78,159.55,5360729
2020-01-30,JNJ,160.87,162.98,159.52,161.17,11969812
2020-01-31,JNJ,160.1,161.46,158.26,160.6,6356348
2020-02-03,JNJ,158.3,159.22,156.17,158.41,3634206
2020-02-04,JNJ,159.2,159.71,156.89,159.02,4469959
2020-02-05,JNJ,157.72,157.64,156.35,156.89,4412119
2020-02-06,JNJ,160.33,161.9,158.4,159.75,2697990
2020-02-07,JNJ,159.34,160.76,158.53,159.82,1717189
2020-02-10,JNJ,157.44,158.79,156.87,157.83,22442053
2020-02-11,JNJ,156.93,157.87,157.09,157.3,5223807
2020-02-12,JNJ,158.1,159.42,158.24,158.6,7845116
2020-02-13,JNJ,157.98,158.78,156.72,157.8,3009774
2020-02-14,JNJ,154.52,155.77,153.95,155.75,2370084
2020-02-17,JNJ,156.04,157.63,156.2,157.09,3347558
2020-02-18,JNJ,155.45,157.16,154.2,155.43,2659303
2020-02-19,JNJ,157.63,158.23,155.95,157.96,8147802
2020-02-20,JNJ,158.53,160.34,158.69,158.84,1907193
2020-02-21,JNJ,156.44,158.26,155.68,156.99,6679185
2020-02-24,JNJ,157.56,158.72,155.65,157.4,6349094
2020-02-25,JNJ,157.42,158.12,156.66,157.86,4456140
2020-02-26,JNJ,160.24,161.31,159.37,160.63,3567921
2020-02-27,JNJ,159.76,161.96,157.33,160.12,10023230
2020-02-28,JNJ,160.6,162.54,159.37,161.14,2639903
2020-03-02,JNJ,159.09,160.77,158.41,159.67,9199136
2020-03-03,JNJ,158.7,159.99,158.86,159.38,3131354
2020-03-04,JNJ,158.43,158.97,156.59,158.46,19989921
2020-03-05,JNJ,159.82,160.99,159.68,159.72,460149
2020-03-06,JNJ,159.17,161.31,157.6,160.37,15611892
2020-03-09,JNJ,158.3,159.48,158.46,159.1,1727566
2020-03-10,JNJ,159.22,162.85,158.94,159.85,10037546
2020-03-11,JNJ,161.34,161.65,159.22,160.89,3670942
2020-03-12,JNJ,158.27,159.54,158.1,158.37,3592061
2020-03-13,JNJ,156.35,157.7,156.5,156.98,5497416
2020-03-16,JNJ,158.37,158.59,158.04,158.56,4814795
2020-03-17,JNJ,156.55,159.46,156.2,156.76,4741286
2020-03-18,JNJ,157.8,159.03,157.32,157.83,12968843
2020-03-19,JNJ,156.33,158.95,154.8,155.83,7464501
2020-03-20,JNJ,157.69,158.99,155.69,157.7,16222930
2020-03-23,JNJ,156.9,158.4,156.88,157.16,10651630
2020-03-24,JNJ,157.69,158.56,156.38,157.68,1488174
2020-03-25,JNJ,159.12,160.9,158.53,159.31,4113433
2020-03-26,JNJ,155.74,158.15,155.16,155.71,6019782
2020-03-27,JNJ,159.0,158.84,157.4,158.45,4988932
2020-03-30,JNJ,161.96,162.99,160.7,161.3,3232667
2020-03-31,JNJ,160.22,161.85,158.46,160.38,6422844
2020-04-01,JNJ,161.34,161.78,159.34,161.26,2241863
2020-04-02,JNJ,164.05,163.89,162.45,163.73,2533907
2020-04-03,JNJ,163.65,164.7,160.83,163.53,2889918
2020-04-06,JNJ,164.88,166.67,161.61,164.89,5540116
2020-04-07,JNJ,165.99,165.83,164.61,164.91,2911237
2020-04-08,JNJ,164.12,165.24,163.03,163.62,6679882
2020-04-09,JNJ,162.48,162.72,162.5,162.6,1706974
2020-04-10,JNJ,161.34,161.94,160.74,160.86,5246440
2020-04-13,JNJ,162.7,162.98,162.61,162.77,1365802
2020-04-14,JNJ,164.18,166.23,160.01,164.32,2616944
2020-04-15,JNJ,164.35,165.91,164.09,165.13,2863831
2020-04-16,JNJ,163.55,164.41,161.97,164.29,12782996
2020-04-17,JNJ,165.9,167.67,163.99,165.47,4562705
2020-04-20,JNJ,166.38,167.7,165.97,166.06,4824403
2020-04-21,JNJ,164.19,165.52,162.86,164.34,5905437
2020-04-22,JNJ,166.35,168.75,165.86,166.68,9671566
2020-04-23,JNJ,166.48,169.63,165.51,167.86,4386874
2020-04-24,JNJ,166.99,168.17,163.21,167.52,1794562
2020-04-27,JNJ,167.13,167.95,165.82,167.34,7085889
2020-04-28,JNJ,167.82,170.08,167.38,168.48,2472724
2020-04-29,JNJ,166.28,171.77,166.05,168.25,1479206
2020-04-30,JNJ,168.16,169.92,166.93,168.87,3129914
2020-05-01,JNJ,170.31,173.71,170.17,170.34,4068145
2020-05-04,JNJ,168.47,168.3,163.95,168.26,10383717
2020-05-05,JNJ,168.98,170.04,168.77,169.55,2250079
2020-05-06,JNJ,170.68,171.81,170.63,171.66,2160040
2020-05-07,JNJ,172.98,173.77,173.16,173.17,9815580
2020-05-08,JNJ,171.11,172.49,170.4,171.86,7420377
2020-05-11,JNJ,174.3,174.21,173.1,174.17,7104162
2020-05-12,JNJ,174.46,175.75,174.63,174.75,9363263
2020-05-13,JNJ,175.25,175.25,173.29,174.95,794785
2020-05-14,JNJ,173.41,174.24,171.79,173.92,6943241
2020-05-15,JNJ,174.41,176.39,174.58,174.6,6778811
2020-05-18,JNJ,173.99,174.79,174.16,174.57,14544730
2020-05-19,JNJ,177.32,177.14,176.62,176.83,9709967
2020-05-20,JNJ,175.15,174.98,174.26,174.85,2558169
2020-05-21,JNJ,175.85,177.54,175.64,176.04,6126734
2020-05-22,JNJ,175.38,177.74,175.55,175.84,2749843
2020-05-25,JNJ,176.01,176.65,174.84,176.29,9713020
2020-05-26,JNJ,175.07,176.78,173.92,175.47,2620484
2020-05-27,JNJ,176.19,177.98,175.87,176.09,475205
2020-05-28,JNJ,174.84,174.67,174.1,174.46,5759188
2020-05-29,JNJ,173.06,174.54,171.28,173.65,1468126
2020-06-01,JNJ,176.69,178.2,174.58,176.75,8189206
2020-06-02,JNJ,178.19,179.05,176.11,178.01,1208770
2020-06-03,JNJ,179.16,181.2,177.34,178.72,4181168
2020-06-04,JNJ,179.38,180.48,177.73,179.12,6527813
2020-06-05,JNJ,178.31,179.37,175.74,178.34,27157333
2020-06-08,JNJ,177.35,178.82,177.53,178.01,10068225
2020-06-09,JNJ,176.8,178.98,175.26,177.54,10592850
2020-06-10,JNJ,181.39,182.54,178.32,180.46,9100467
2020-06-11,JNJ,181.44,182.27,180.35,181.53,2185575
2020-06-12,JNJ,180.73,180.54,175.84,180.53,4002265
2020-06-15,JNJ,181.37,183.04,180.73,182.29,6184744
2020-06-16,JNJ,183.98,185.25,181.72,183.85,1702037
2020-06-17,JNJ,183.71,184.69,181.38,183.1,5639636
2020-06-18,JNJ,182.31,183.29,181.87,182.82,4740146
2020-06-19,JNJ,182.13,187.05,182.13,182.47,5125168
2020-06-22,JNJ,182.22,182.6,179.48,181.95,11940871
2020-06-23,JNJ,179.44,184.74,179.16,180.45,856790
2020-06-24,JNJ,180.14,179.96,176.0,179.4,9890004
2020-06-25,JNJ,177.97,181.9,176.92,177.83,1598598
2020-06-26,JNJ,179.33,180.77,178.7,179.83,2539482
2020-06-29,JNJ,180.47,181.22,176.78,179.89,3226594
2020-06-30,JNJ,177.76,179.18,177.1,177.92,6038142
2020-07-01,JNJ,181.32,181.97,181.51,181.93,3313398
2020-07-02,JNJ,183.34,187.91,183.24,183.53,8684375
2020-07-03,JNJ,184.53,186.3,183.82,184.21,8542409
2020-07-06,JNJ,187.69,190.46,187.88,187.97,23393539
2020-07-07,JNJ,187.2,187.01,185.18,186.99,9122316
2020-07-08,JNJ,185.15,186.21,181.93,184.99,3142427
2020-07-09,JNJ,184.1,185.96,181.54,184.0,2418350
2020-07-10,JNJ,183.57,184.0,181.35,182.68,4565447
2020-07-13,JNJ,183.51,184.42,181.04,183.69,4898168
2020-07-14,JNJ,183.0,183.41,183.18,183.21,2185382
2020-07-15,JNJ,186.06,188.01,184.44,186.22,1540657
2020-07-16,JNJ,182.32,184.95,178.51,182.8,3222643
2020-07-17,JNJ,182.16,184.02,182.34,182.75,2235031
2020-07-20,JNJ,186.09,185.9,183.93,185.15,8807393
2020-07-21,JNJ,185.15,188.01,185.33,185.4,2767768
2020-07-22,JNJ,186.65,187.97,186.46,187.03,14753225
2020-07-23,JNJ,185.07,186.61,185.03,185.49,7311867
2020-07-24,JNJ,185.31,186.18,183.62,185.25,2839657
2020-07-27,JNJ,187.22,187.04,185.19,186.95,5584047
2020-07-28,JNJ,187.0,186.98,185.15,186.8,15846175
2020-07-29,JNJ,185.47,187.69,185.65,186.47,2278415
2020-07-30,JNJ,191.94,192.38,191.13,191.6,50808147
2020-07-31,JNJ,193.45,196.08,191.61,193.79,4199038
2020-08-03,JNJ,194.47,198.04,193.07,195.51,4746032
2020-08-04,JNJ,192.08,193.27,192.28,192.99,5166037
2020-08-05,JNJ,193.11,193.9,192.94,193.56,5591643
2020-08-06,JNJ,191.81,192.99,192.0,192.59,13629387
2020-08-07,JNJ,190.8,191.14,190.36,191.02,5165882
2020-08-10,JNJ,189.86,190.43,189.08,189.76,10054667
2020-08-11,JNJ,188.6,193.08,186.16,189.51,11839213
2020-08-12,JNJ,189.17,191.96,185.95,189.93,1276029
2020-08-13,JNJ,190.2,191.23,188.29,190.3,11691754
2020-08-14,JNJ,190.84,192.76,189.98,190.29,2541447
2020-08-17,JNJ,192.31,192.9,191.45,191.88,3168443
2020-08-18,JNJ,192.02,192.47,191.87,192.1,7723066
2020-08-19,JNJ,196.53,197.13,194.78,196.71,1698598
2020-08-20,JNJ,198.26,199.05,197.88,198.73,3291532
2020-08-21,JNJ,202.24,205.56,201.33,202.5,3287939
2020-08-24,JNJ,202.83,204.97,202.56,203.26,10620401
2020-08-25,JNJ,203.77,204.64,200.86,204.2,11133986
2020-08-26,JNJ,205.27,207.51,203.5,205.34,7374716
2020-08-27,JNJ,207.07,208.98,206.95,207.14,2026476
2020-08-28,JNJ,205.1,207.89,202.82,205.62,6935435
2020-08-31,JNJ,203.35,203.33,200.83,203.24,6268731
2020-09-01,JNJ,202.99,205.41,203.19,203.39,8828256
2020-09-02,JNJ,203.84,205.21,203.02,203.62,861852
2020-09-03,JNJ,202.23,204.35,199.81,203.09,2105857
2020-09-04,JNJ,202.97,204.3,201.29,203.25,23254823
2020-09-07,JNJ,206.04,206.95,204.71,206.47,8561200
2020-09-08,JNJ,200.06,202.47,198.39,201.61,11795444
2020-09-09,JNJ,203.68,204.55,203.64,204.09,698010
2020-09-10,JNJ,203.59,205.67,203.8,204.41,6001138
2020-09-11,JNJ,206.67,208.7,206.45,207.89,1484916
2020-09-14,JNJ,205.3,206.41,204.62,206.29,3682595
2020-09-15,JNJ,205.81,209.66,204.26,205.7,2270331
2020-09-16,JNJ,205.64,205.44,203.22,204.37,2936998
2020-09-17,JNJ,204.35,205.44,204.56,204.85,4833287
2020-09-18,JNJ,203.31,204.01,203.31,203.57,6138368
2020-09-21,JNJ,206.62,210.09,206.83,207.45,2131481
2020-09-22,JNJ,209.37,211.31,208.16,208.71,5172211
2020-09-23,JNJ,205.2,208.19,201.96,205.95,11041317
2020-09-24,JNJ,203.61,205.31,203.55,203.59,3290609
2020-09-25,JNJ,203.01,205.93,202.07,204.54,3453656
2020-09-28,JNJ,205.86,209.05,206.07,206.45,12509443
2020-09-29,JNJ,205.98,207.39,204.7,206.99,2483522
2020-09-30,JNJ,209.48,209.38,203.78,208.28,4546187
2020-10-01,JNJ,209.95,210.04,208.52,209.82,6931186
2020-10-02,JNJ,213.99,216.56,213.34,213.93,6771832
2020-10-05,JNJ,211.72,213.86,211.93,212.11,12127167
2020-10-06,JNJ,207.93,209.75,205.18,207.55,10340031
2020-10-07,JNJ,207.36,207.15,204.98,206.76,1203072
2020-10-08,JNJ,206.32,207.77,202.67,205.48,2541741
2020-10-09,JNJ,203.13,205.56,201.54,202.74,3320402
2020-10-12,JNJ,203.07,203.26,201.54,202.97,7894189
2020-10-13,JNJ,205.93,205.75,204.45,205.37,18589023
2020-10-14,JNJ,200.54,201.05,196.5,200.67,44682869
2020-10-15,JNJ,202.82,202.81,199.75,202.17,4074721
2020-10-16,JNJ,203.22,205.69,201.69,202.11,5752113
2020-10-19,JNJ,201.57,204.22,200.51,202.35,4912720
2020-10-20,JNJ,200.98,204.79,200.8,200.94,7342109
2020-10-21,JNJ,199.51,200.47,198.81,200.0,1398048
2020-10-22,JNJ,198.71,201.5,198.91,199.37,49025361
2020-10-23,JNJ,199.09,200.26,198.03,199.07,4293939
2020-10-26,JNJ,200.98,203.24,199.74,201.45,910946
2020-10-27,JNJ,205.29,206.72,200.48,205.38,2754477
2020-10-28,JNJ,202.08,202.35,199.64,202.13,3629960
2020-10-29,JNJ,206.37,206.16,203.13,205.57,6888726
2020-10-30,JNJ,204.82,208.27,204.05,205.19,7102664
2020-11-02,JNJ,203.53,206.58,201.65,203.55,2281199
2020-11-03,JNJ,202.01,202.79,198.69,202.31,857484
2020-11-04,JNJ,202.45,203.66,200.85,201.63,6234038
2020-11-05,JNJ,201.22,203.66,199.91,202.15,3055023
2020-11-06,JNJ,203.87,204.95,201.12,203.31,13613598
2020-11-09,JNJ,204.39,205.3,200.84,203.31,4749332
2020-11-10,JNJ,201.13,202.83,199.32,201.11,14368706
2020-11-11,JNJ,201.05,202.97,199.69,200.72,2901530
2020-11-12,JNJ,201.26,201.37,196.48,200.72,16764971
2020-11-13,JNJ,198.97,201.07,196.46,200.11,14477500
2020-11-16,JNJ,194.39,194.31,192.1,194.22,29030950
2020-11-17,JNJ,197.04,197.37,196.71,197.37,16673105
2020-11-18,JNJ,201.15,202.76,197.35,200.71,775030
2020-11-19,JNJ,200.77,201.04,200.45,200.63,2458157
2020-11-20,JNJ,198.47,201.41,197.61,199.56,5678020
2020-11-23,JNJ,200.4,206.22,199.42,201.03,12452245
2020-11-24,JNJ,201.13,201.94,197.79,201.2,9420766
2020-11-25,JNJ,198.22,200.08,198.42,199.22,7589276
2020-11-26,JNJ,198.79,201.26,198.85,199.94,3078081
2020-11-27,JNJ,201.29,202.85,199.91,200.49,4188256
2020-11-30,JNJ,198.64,199.97,197.68,199.54,2941542
2020-12-01,JNJ,199.02,199.64,198.99,199.36,6717849
2020-12-02,JNJ,198.35,199.41,196.77,198.19,8260980
2020-12-03,JNJ,198.85,198.66,197.98,198.05,8442180
2020-12-04,JNJ,197.68,198.09,193.85,197.68,62705686
2020-12-07,JNJ,203.01,202.81,201.03,201.33,28087341
2020-12-08,JNJ,205.46,205.25,204.67,205.08,1901250
2020-12-09,JNJ,203.14,203.84,201.18,203.72,10890489
2020-12-10,JNJ,202.26,205.3,201.59,202.82,8201615
2020-12-11,JNJ,200.3,201.83,199.91,200.4,871226
2020-12-14,JNJ,201.81,202.43,201.07,201.53,8677596
2020-12-15,JNJ,200.11,201.86,198.43,200.66,7197498
2020-12-16,JNJ,202.22,203.35,197.99,201.75,3956706
2020-12-17,JNJ,200.45,202.79,200.65,201.12,8187108
2020-12-18,JNJ,200.71,202.81,200.24,200.64,10670107
2020-12-21,JNJ,199.75,203.28,196.54,199.36,5565782
2020-12-22,JNJ,199.12,200.28,194.92,198.44,10273677
2020-12-23,JNJ,198.95,199.73,195.78,198.86,5851246
2020-12-24,JNJ,197.5,198.9,196.17,197.6,8754611
2020-12-25,JNJ,194.68,196.0,193.59,195.35,4080093
2020-12-28,JNJ,196.98,199.23,197.18,197.72,6050769
2020-12-29,JNJ,199.12,199.91,196.15,198.73,3737674
2020-12-30,JNJ,198.56,200.58,197.84,198.98,10667606
2020-12-31,JNJ,202.48,204.92,202.69,202.71,6088854
2021-01-01,JNJ,199.01,201.3,198.82,199.12,1492518
2021-01-04,JNJ,201.15,200.95,199.1,200.62,1600928
2021-01-05,JNJ,203.29,205.63,202.84,203.69,4142432
2021-01-06,JNJ,206.39,207.04,204.36,206.62,3459445
2021-01-07,JNJ,208.65,209.17,205.62,207.97,1581144
2021-01-08,JNJ,210.27,211.95,208.37,209.07,6171707
2021-01-11,JNJ,206.33,206.85,201.51,206.13,4480138
2021-01-12,JNJ,207.29,207.08,206.54,206.63,5348770
2021-01-13,JNJ,205.75,209.77,205.85,206.18,9180389
2021-01-14,JNJ,203.98,206.18,202.04,204.44,18874854
2021-01-15,JNJ,204.62,208.56,204.83,205.44,6102328
2021-01-18,JNJ,203.24,205.4,198.88,204.59,13077062
2021-01-19,JNJ,204.09,207.78,203.47,204.76,9245718
2021-01-20,JNJ,203.12,205.69,202.78,203.18,938971
2021-01-21,JNJ,204.04,204.4,201.79,203.47,15237182
2021-01-22,JNJ,202.31,203.11,201.43,201.52,6010670
2021-01-25,JNJ,203.6,204.0,199.61,203.19,2087949
2021-01-26,JNJ,203.51,204.88,201.92,203.31,3703649
2021-01-27,JNJ,204.09,208.26,203.52,204.47,1902551
2021-01-28,JNJ,205.87,205.87,203.61,205.59,5007374
2021-01-29,JNJ,204.56,205.94,202.51,204.29,2001751
2021-02-01,JNJ,205.76,205.79,203.15,205.29,491198
2021-02-02,JNJ,203.97,205.99,203.79,203.93,3167731
2021-02-03,JNJ,199.3,199.94,199.09,199.33,5866741
2021-02-04,JNJ,199.29,203.28,194.04,199.72,4640982
2021-02-05,JNJ,199.03,200.07,193.78,198.09,4530554
2021-02-08,JNJ,200.19,199.99,198.56,199.85,1879805
2021-02-09,JNJ,200.12,201.24,194.97,200.1,15350324
2021-02-10,JNJ,198.19,198.5,196.82,198.13,2684498
2021-02-11,JNJ,198.97,200.25,196.54,198.47,17690512
2021-02-12,JNJ,198.52,200.86,196.63,198.64,7787322
2021-02-15,JNJ,196.7,198.77,196.71,197.57,5657459
2021-02-16,JNJ,199.23,200.41,199.23,199.33,12047203
2021-02-17,JNJ,201.99,202.58,196.73,202.12,7099605
2021-02-18,JNJ,206.33,209.23,204.83,205.99,2744382
2021-02-19,JNJ,208.92,209.54,204.56,208.99,2661505
2021-02-22,JNJ,213.24,213.88,208.79,212.69,4601706
2021-02-23,JNJ,212.64,216.25,211.24,213.56,4617364
2021-02-24,JNJ,211.39,212.68,210.21,211.51,1740086
2021-02-25,JNJ,210.72,212.46,210.35,211.87,898857
2021-02-26,JNJ,210.67,210.46,210.17,210.24,8964964
2021-03-01,JNJ,212.59,213.72,207.87,211.48,1812141
2021-03-02,JNJ,213.9,216.8,212.84,213.85,6463195
2021-03-03,JNJ,211.34,211.49,210.47,210.76,3998235
2021-03-04,JNJ,211.38,213.18,210.04,211.26,5198682
2021-03-05,JNJ,213.61,214.65,210.67,213.7,7567780
2021-03-08,JNJ,215.18,216.55,214.85,216.19,4807831
2021-03-09,JNJ,218.32,218.26,213.1,217.7,10760404
2021-03-10,JNJ,222.12,224.28,221.6,221.98,3197539
2021-03-11,JNJ,223.7,225.11,223.41,224.25,4993442
2021-03-12,JNJ,222.15,222.9,219.92,222.35,9296081
2021-03-15,JNJ,218.32,220.04,217.19,218.43,1177833
2021-03-16,JNJ,217.33,217.11,216.67,216.77,2598081
2021-03-17,JNJ,215.65,217.21,214.42,215.23,5210570
2021-03-18,JNJ,210.84,212.16,210.09,211.58,1020649
2021-03-19,JNJ,214.03,217.18,212.52,213.63,757417
2021-03-22,JNJ,214.41,217.49,210.83,213.07,1792529
2021-03-23,JNJ,211.46,213.8,207.63,212.1,5421203
2021-03-24,JNJ,212.26,214.69,211.83,213.04,1556153
2021-03-25,JNJ,215.44,216.76,212.12,214.29,3517922
2021-03-26,JNJ,218.3,218.79,216.17,217.39,6057768
2021-03-29,JNJ,222.74,223.98,221.24,221.57,46112817
2021-03-30,JNJ,218.99,222.38,216.7,218.68,1300634
2021-03-31,JNJ,222.57,224.41,221.23,222.46,30787744
2021-04-01,JNJ,221.1,221.39,217.54,221.33,6004708
2021-04-02,JNJ,216.04,217.13,214.33,216.96,1014882
2021-04-05,JNJ,218.31,218.2,217.77,218.1,2105940
2021-04-06,JNJ,218.99,221.32,218.26,220.21,1378835
2021-04-07,JNJ,222.22,225.46,221.62,221.9,5898522
2021-04-08,JNJ,224.57,227.0,224.35,224.52,7525739
2021-04-09,JNJ,225.25,226.06,223.37,225.14,8840829
2021-04-12,JNJ,223.36,227.72,223.52,224.02,8080339
2021-04-13,JNJ,225.14,224.91,224.42,224.85,1257806
2021-04-14,JNJ,226.38,230.06,225.93,227.18,3550180
2021-04-15,JNJ,228.13,228.04,225.37,226.81,5867434
2021-04-16,JNJ,228.28,229.53,226.41,227.62,10516488
2021-04-19,JNJ,231.57,232.05,230.54,231.78,3091991
2021-04-20,JNJ,230.22,231.53,230.45,230.8,2965267
2021-04-21,JNJ,229.34,230.97,228.27,228.83,2166331
2021-04-22,JNJ,225.71,228.9,225.48,225.62,1115232
2021-04-23,JNJ,229.21,229.75,227.85,229.09,5483282
2021-04-26,JNJ,228.02,228.62,225.1,228.11,2897269
2021-04-27,JNJ,231.09,232.13,229.57,231.11,2679115
2021-04-28,JNJ,236.97,238.39,233.56,236.15,11302418
2021-04-29,JNJ,234.79,234.56,233.33,234.01,4126243
2021-04-30,JNJ,235.86,242.87,236.09,236.2,3852094
2021-05-03,JNJ,232.96,234.43,231.55,232.69,21072176
2021-05-04,JNJ,231.83,236.08,232.06,232.67,1954847
2021-05-05,JNJ,232.17,231.93,230.89,231.19,12529051
2021-05-06,JNJ,230.16,234.67,228.06,231.16,7993299
2021-05-07,JNJ,232.17,232.38,229.76,231.76,1883821
2021-05-10,JNJ,232.11,231.88,229.63,231.43,7742392
2021-05-11,JNJ,229.74,232.48,228.92,229.87,1785456
2021-05-12,JNJ,229.69,232.91,227.98,228.24,12535155
2021-05-13,JNJ,226.38,226.15,224.13,225.62,3506598
2021-05-14,JNJ,222.84,225.85,222.18,222.82,9011780
2021-05-17,JNJ,220.38,223.28,218.94,219.41,2865009
2021-05-18,JNJ,223.08,223.46,219.57,221.72,1457117
2021-05-19,JNJ,221.81,221.97,221.43,221.64,3370437
2021-05-20,JNJ,219.42,226.7,219.64,220.16,10482211
2021-05-21,JNJ,219.9,224.6,218.18,220.82,6774592
2021-05-24,JNJ,220.34,221.57,218.7,220.21,6388110
2021-05-25,JNJ,220.5,223.85,220.72,220.81,4332929
2021-05-26,JNJ,221.24,222.03,219.37,220.4,5349534
2021-05-27,JNJ,220.97,222.36,219.63,221.48,17718446
2021-05-28,JNJ,221.82,225.12,218.19,222.79,1484747
2021-05-31,JNJ,220.29,221.21,218.77,220.8,5230892
2021-06-01,JNJ,223.6,226.26,221.94,223.49,9524691
2021-06-02,JNJ,221.0,224.41,219.92,221.68,7401878
2021-06-03,JNJ,222.5,225.85,220.77,222.51,3462131
2021-06-04,JNJ,221.42,221.19,219.73,220.5,13341841
2021-06-07,JNJ,222.18,223.15,218.69,221.84,5752062
2021-06-08,JNJ,223.15,224.31,223.38,223.65,5783808
2021-06-09,JNJ,225.1,225.71,221.94,224.95,3133032
2021-06-10,JNJ,225.74,229.04,224.35,226.62,6150714
2021-06-11,JNJ,228.77,229.68,225.92,228.89,5512817
2021-06-14,JNJ,231.7,231.98,226.72,231.74,1252948
2021-06-15,JNJ,226.93,227.57,226.4,227.47,1233113
2021-06-16,JNJ,227.65,227.64,226.59,227.48,3533125
2021-06-17,JNJ,226.22,227.82,224.59,225.96,5139163
2021-06-18,JNJ,227.78,227.55,227.37,227.38,40236995
2021-06-21,JNJ,227.0,228.1,222.26,227.87,8173892
2021-06-22,JNJ,227.79,228.11,226.92,227.54,4753439
2021-06-23,JNJ,227.09,226.9,224.91,226.54,16148501
2021-06-24,JNJ,230.06,231.05,230.2,230.67,4113217
2021-06-25,JNJ,229.64,231.24,229.13,229.75,4228246
2021-06-28,JNJ,229.54,231.38,229.07,229.17,3222001
2021-06-29,JNJ,228.44,232.09,228.38,229.0,5269355
2021-06-30,JNJ,228.59,228.37,226.9,228.08,5169987
2021-07-01,JNJ,228.14,229.52,225.32,227.16,4747180
2021-07-02,JNJ,233.79,234.14,231.95,232.36,1699572
2021-07-05,JNJ,235.73,236.18,232.58,234.56,12149346
2021-07-06,JNJ,232.4,234.6,228.29,232.79,7627903
2021-07-07,JNJ,228.39,230.5,228.62,229.87,3025087
2021-07-08,JNJ,230.38,233.19,230.55,231.65,14629262
2021-07-09,JNJ,234.91,236.18,234.16,234.42,7727270
2021-07-12,JNJ,237.23,239.83,235.19,236.67,7160960
2021-07-13,JNJ,235.02,239.19,232.92,236.16,7744213
2021-07-14,JNJ,233.07,233.07,229.32,231.79,4459399
2021-07-15,JNJ,231.54,235.47,230.59,231.55,5047904
2021-07-16,JNJ,232.24,235.91,231.56,233.78,4750472
2021-07-19,JNJ,231.88,232.91,230.29,232.68,7894958
2021-07-20,JNJ,230.84,230.61,228.89,230.57,3330145
2021-07-21,JNJ,233.55,234.01,233.14,233.85,5150465
2021-07-22,JNJ,240.34,240.87,239.44,240.17,2392345
2021-07-23,JNJ,239.82,239.92,238.01,238.91,10228784
2021-07-26,JNJ,236.34,238.87,236.32,237.67,6133013
2021-07-27,JNJ,237.52,242.28,237.43,238.16,8682956
2021-07-28,JNJ,234.16,237.37,232.71,234.63,11198057
2021-07-29,JNJ,235.32,236.05,235.01,235.05,11311546
2021-07-30,JNJ,235.97,235.73,235.24,235.66,7844238
2021-08-02,JNJ,235.29,235.48,231.91,234.3,4679789
2021-08-03,JNJ,229.71,230.22,228.01,229.08,7433743
2021-08-04,JNJ,228.54,230.92,227.85,228.73,2513790
2021-08-05,JNJ,230.66,230.42,225.18,229.34,2809298
2021-08-06,JNJ,228.19,231.21,226.02,228.43,11625682
2021-08-09,JNJ,227.23,227.11,226.35,226.45,14097108
2021-08-10,JNJ,224.0,224.91,220.65,223.66,5546052
2021-08-11,JNJ,224.71,228.31,224.01,224.45,1720211
2021-08-12,JNJ,221.15,222.28,219.93,221.34,6721950
2021-08-13,JNJ,219.56,219.34,219.15,219.19,2855008
2021-08-16,JNJ,217.22,219.81,212.8,217.0,1854122
2021-08-17,JNJ,217.43,217.89,214.75,216.58,1266748
2021-08-18,JNJ,216.16,216.74,214.85,216.49,8275264
2021-08-19,JNJ,215.22,218.04,213.58,214.97,6581573
2021-08-20,JNJ,211.22,214.18,210.79,211.58,1682747
2021-08-23,JNJ,212.39,213.48,210.48,212.75,5573081
2021-08-24,JNJ,213.15,214.18,209.52,212.58,9138814
2021-08-25,JNJ,210.16,213.73,209.21,210.96,2936504
2021-08-26,JNJ,211.33,213.08,210.95,212.3,1008091
2021-08-27,JNJ,214.14,215.75,210.19,214.24,7675764
2021-08-30,JNJ,210.71,213.1,208.82,210.95,13989741
2021-08-31,JNJ,212.83,214.77,212.28,212.39,1837034
2021-09-01,JNJ,211.71,213.92,211.35,213.2,2545860
2021-09-02,JNJ,210.23,211.01,209.39,210.11,4651044
2021-09-03,JNJ,207.05,208.56,204.58,207.49,4823001
2021-09-06,JNJ,205.65,208.66,204.44,206.21,2194288
2021-09-07,JNJ,204.68,206.41,204.33,204.78,1233681
2021-09-08,JNJ,204.4,206.03,200.89,203.35,13071925
2021-09-09,JNJ,202.71,202.97,199.97,201.57,4709868
2021-09-10,JNJ,203.44,207.66,200.48,204.19,13635380
2021-09-13,JNJ,203.75,204.25,202.67,202.76,10489260
2021-09-14,JNJ,202.83,204.05,202.02,202.46,2813503
2021-09-15,JNJ,204.26,207.46,204.09,204.31,6748852
2021-09-16,JNJ,205.26,205.05,204.19,204.71,3764947
2021-09-17,JNJ,204.67,207.73,203.77,204.24,5898807
2021-09-20,JNJ,206.0,205.79,203.81,205.31,2291702
2021-09-21,JNJ,204.85,205.92,204.01,205.57,7417512
2021-09-22,JNJ,208.67,208.46,205.16,207.8,14174707
2021-09-23,JNJ,206.05,208.5,204.13,206.9,3533648
2021-09-24,JNJ,207.18,209.75,205.88,207.53,6470507
2021-09-27,JNJ,207.94,212.35,208.15,208.21,8062427
2021-09-28,JNJ,209.56,210.32,207.09,209.41,29115606
2021-09-29,JNJ,209.33,209.12,207.8,208.88,5907325
2021-09-30,JNJ,205.84,207.16,202.97,205.87,554931
2021-10-01,JNJ,208.18,211.14,206.9,209.01,10152657
2021-10-04,JNJ,204.83,208.41,204.22,206.61,3973273
2021-10-05,JNJ,207.06,207.29,205.9,206.87,9083091
2021-10-06,JNJ,208.63,208.42,206.5,208.38,8774881
2021-10-07,JNJ,208.17,209.89,206.51,208.26,4681390
2021-10-08,JNJ,206.29,209.95,204.03,205.03,3308864
2021-10-11,JNJ,202.11,203.56,200.97,202.44,4588757
2021-10-12,JNJ,199.71,199.71,198.87,199.09,3246423
2021-10-13,JNJ,198.62,199.97,198.44,199.02,1557249
2021-10-14,JNJ,202.43,202.23,197.64,201.25,43083552
2021-10-15,JNJ,199.89,200.64,200.05,200.57,22184814
2021-10-18,JNJ,199.71,200.38,197.23,199.36,3911211
2021-10-19,JNJ,199.61,202.18,195.96,200.21,7538644
2021-10-20,JNJ,200.6,203.08,200.31,200.62,8005628
2021-10-21,JNJ,198.64,198.44,197.11,198.41,11195755
2021-10-22,JNJ,199.51,200.22,199.71,200.09,13681210
2021-10-25,JNJ,198.33,198.13,197.02,198.08,2025036
2021-10-26,JNJ,196.87,198.75,195.98,197.66,2446408
2021-10-27,JNJ,195.44,197.25,192.73,196.36,2514582
2021-10-28,JNJ,198.89,198.69,197.43,198.28,4897629
2021-10-29,JNJ,195.96,198.73,195.97,196.4,6102027
2021-11-01,JNJ,195.75,196.15,192.56,194.73,3458358
2021-11-02,JNJ,194.83,195.2,191.96,195.13,4518208
2021-11-03,JNJ,195.95,198.12,196.15,196.88,6494754
2021-11-04,JNJ,194.11,194.85,193.89,194.4,2988636
2021-11-05,JNJ,191.17,190.98,189.51,190.96,9079978
2021-11-08,JNJ,193.03,192.85,190.57,192.74,2368841
2021-11-09,JNJ,191.75,194.09,191.49,193.18,3367282
2021-11-10,JNJ,196.93,196.74,195.81,196.28,9990918
2021-11-11,JNJ,195.7,196.24,194.2,195.53,10076054
2021-11-12,JNJ,198.35,199.42,197.92,198.4,6881648
2021-11-15,JNJ,199.37,200.71,199.05,199.22,2084928
2021-11-16,JNJ,200.05,201.84,200.25,201.49,18560018
2021-11-17,JNJ,200.98,201.31,200.74,201.11,10304104
2021-11-18,JNJ,201.97,203.71,200.16,202.29,4400185
2021-11-19,JNJ,201.14,201.89,200.06,200.79,6689145
2021-11-22,JNJ,199.84,200.67,198.22,199.19,4857898
2021-11-23,JNJ,199.04,200.56,197.25,198.51,2170972
2021-11-24,JNJ,200.03,201.45,198.06,199.99,4330060
2021-11-25,JNJ,199.62,200.8,198.65,199.59,2356173
2021-11-26,JNJ,200.13,200.03,198.38,198.64,7670171
2021-11-29,JNJ,195.68,200.61,193.39,196.24,9527842
2021-11-30,JNJ,197.43,199.32,196.51,196.79,1908597
2021-12-01,JNJ,193.61,195.79,192.83,195.01,6552461
2021-12-02,JNJ,194.87,198.08,194.59,195.1,9814120
2021-12-03,JNJ,198.41,199.05,197.58,197.67,6740410
2021-12-06,JNJ,196.23,197.04,196.31,196.52,5785383
2021-12-07,JNJ,192.78,194.65,192.1,193.4,7026243
2021-12-08,JNJ,194.2,195.0,191.73,192.88,1845589
2021-12-09,JNJ,196.41,201.61,195.29,195.63,2277199
2021-12-10,JNJ,197.1,197.44,194.72,195.78,3867204
2021-12-13,JNJ,196.34,196.91,195.89,195.98,7704085
2021-12-14,JNJ,196.47,197.87,192.93,196.64,3557037
2021-12-15,JNJ,199.16,198.96,197.62,198.85,3330128
2021-12-16,JNJ,202.74,202.54,201.14,202.41,947504
2021-12-17,JNJ,198.02,199.41,197.22,198.88,2055664
2021-12-20,JNJ,198.26,199.32,198.46,198.57,959807
2021-12-21,JNJ,196.09,200.63,195.25,196.5,5118561
2021-12-22,JNJ,194.95,198.76,193.56,194.86,8563940
2021-12-23,JNJ,192.67,195.93,192.66,193.27,817663
2021-12-24,JNJ,190.41,191.56,190.6,191.24,10451882
2021-12-27,JNJ,186.14,188.74,184.39,186.92,2056613
2021-12-28,JNJ,186.5,188.3,186.44,186.62,8129666
2021-12-29,JNJ,188.1,192.18,188.29,188.32,3259129
2021-12-30,JNJ,188.5,189.05,185.67,188.25,5506639
2021-12-31,JNJ,187.5,191.3,187.47,188.82,2650572
2022-01-03,JNJ,191.91,192.38,190.23,190.38,29487293
2022-01-04,JNJ,188.51,193.45,188.38,189.94,6716846
2022-01-05,JNJ,188.4,188.21,186.0,188.0,4595508
2022-01-06,JNJ,190.12,190.59,189.5,189.78,530810
2022-01-07,JNJ,186.83,190.47,185.26,187.92,9057299
2022-01-10,JNJ,190.62,190.9,189.17,190.07,4097614
2022-01-11,JNJ,190.37,192.03,189.51,190.12,4510695
2022-01-12,JNJ,191.26,191.85,190.62,190.76,505819
2022-01-13,JNJ,187.32,187.99,186.36,187.11,19375006
2022-01-14,JNJ,190.3,190.11,189.76,189.77,5485585
2022-01-17,JNJ,188.23,190.19,188.42,189.3,4835259
2022-01-18,JNJ,190.77,192.19,189.63,190.73,13316295
2022-01-19,JNJ,189.15,191.64,187.95,189.64,5068833
2022-01-20,JNJ,189.14,189.67,188.75,189.52,3920901
2022-01-21,JNJ,194.26,194.5,193.11,194.09,2744609
2022-01-24,JNJ,197.68,201.32,194.84,197.99,5815640
2022-01-25,JNJ,198.88,200.46,197.99,199.09,7029407
2022-01-26,JNJ,198.11,200.12,195.22,199.24,4027384
2022-01-27,JNJ,197.48,200.76,196.36,199.07,7695351
2022-01-28,JNJ,201.77,205.38,199.16,201.47,2514691
2022-01-31,JNJ,200.22,201.16,199.57,200.15,6282224
2022-02-01,JNJ,199.53,200.11,198.56,199.55,1714116
2022-02-02,JNJ,199.57,199.37,198.97,199.19,15407625
2022-02-03,JNJ,199.4,202.03,199.6,200.17,21794329
2022-02-04,JNJ,198.29,202.38,198.49,199.01,5602126
2022-02-07,JNJ,200.59,202.02,199.46,199.6,30363865
2022-02-08,JNJ,197.94,201.48,196.35,197.72,5814847
2022-02-09,JNJ,196.0,197.62,194.99,195.62,9889830
2022-02-10,JNJ,196.4,198.0,196.59,196.7,11186907
2022-02-11,JNJ,197.85,197.65,194.14,197.63,4583808
2022-02-14,JNJ,198.84,199.13,196.55,198.46,2986945
2022-02-15,JNJ,198.28,199.03,195.77,196.8,8976226
2022-02-16,JNJ,194.9,198.5,193.05,194.81,3498984
2022-02-17,JNJ,193.5,194.98,193.69,194.11,3737832
2022-02-18,JNJ,194.24,196.12,193.83,194.49,12804223
2022-02-21,JNJ,194.14,196.03,191.57,193.13,2176276
2022-02-22,JNJ,193.11,192.95,189.11,192.0,1019741
2022-02-23,JNJ,190.12,190.86,189.42,190.27,840623
2022-02-24,JNJ,192.23,193.28,190.34,191.87,4655450
2022-02-25,JNJ,193.06,192.86,191.88,192.71,3277139
2022-02-28,JNJ,193.99,193.79,193.51,193.6,10615557
2022-03-01,JNJ,191.68,194.33,189.7,192.15,3252155
2022-03-02,JNJ,195.27,196.22,194.5,194.72,3882581
2022-03-03,JNJ,199.05,199.24,196.9,197.79,7046954
2022-03-04,JNJ,196.74,197.34,195.41,196.31,3121632
2022-03-07,JNJ,197.39,197.91,196.14,197.15,20678854
2022-03-08,JNJ,196.17,200.5,196.37,196.61,7887493
2022-03-09,JNJ,194.88,195.26,192.43,194.16,4031539
2022-03-10,JNJ,191.31,194.01,190.84,192.81,4349093
2022-03-11,JNJ,194.82,196.25,192.64,194.41,3519025
2022-03-14,JNJ,191.72,192.58,191.11,191.72,15667445
2022-03-15,JNJ,190.61,192.87,190.03,190.4,28915137
2022-03-16,JNJ,190.23,190.27,187.71,188.81,7722290
2022-03-17,JNJ,190.17,190.59,187.94,189.86,3097543
2022-03-18,JNJ,191.28,191.6,186.37,191.35,16110509
2022-03-21,JNJ,191.89,195.08,190.98,191.9,5552994
2022-03-22,JNJ,190.45,192.75,185.29,189.91,6964005
2022-03-23,JNJ,189.7,191.06,189.83,190.28,6709826
2022-03-24,JNJ,193.05,193.88,191.53,191.53,3504145
2022-03-25,JNJ,193.42,195.02,191.31,192.9,7158392
2022-03-28,JNJ,195.03,195.8,192.12,194.56,11078519
2022-03-29,JNJ,194.8,196.57,194.87,195.22,7091671
2022-03-30,JNJ,195.08,194.89,192.88,194.44,7202575
2022-03-31,JNJ,194.29,197.56,194.49,194.95,5853624
2022-04-01,JNJ,194.67,195.67,192.64,193.86,6131804
2022-04-04,JNJ,190.25,193.62,190.44,192.01,17595586
2022-04-05,JNJ,188.54,189.88,186.44,189.8,3113835
2022-04-06,JNJ,190.48,192.89,190.67,191.11,7487772
2022-04-07,JNJ,190.27,191.07,187.68,189.91,8541324
2022-04-08,JNJ,189.12,190.33,187.74,189.13,10211232
2022-04-11,JNJ,186.99,189.23,186.82,187.31,1683628
2022-04-12,JNJ,186.29,186.31,184.68,185.66,1291843
2022-04-13,JNJ,187.29,188.03,187.48,187.79,4314609
2022-04-14,JNJ,189.42,191.94,185.57,188.83,10402520
2022-04-15,JNJ,188.68,188.68,184.03,187.56,4364153
2022-04-18,JNJ,190.57,193.06,189.02,190.89,4611350
2022-04-19,JNJ,192.97,192.78,190.25,192.77,11515559
2022-04-20,JNJ,195.08,198.73,195.28,195.62,4874948
2022-04-21,JNJ,196.91,198.03,195.43,196.9,5487066
2022-04-22,JNJ,194.08,197.52,193.78,195.16,12115285
2022-04-25,JNJ,193.71,194.35,191.23,193.73,995926
2022-04-26,JNJ,194.81,195.81,192.22,194.64,1459612
2022-04-27,JNJ,196.89,197.71,195.96,196.41,6992007
2022-04-28,JNJ,194.24,194.04,192.2,193.08,2465463
2022-04-29,JNJ,194.36,194.6,193.02,194.27,2306209
2022-05-02,JNJ,195.32,197.73,191.44,195.25,3224991
2022-05-03,JNJ,197.29,199.63,194.83,196.4,4208451
2022-05-04,JNJ,198.35,200.26,196.08,198.97,8044241
2022-05-05,JNJ,200.57,201.3,198.38,200.08,12494347
2022-05-06,JNJ,200.87,201.33,198.1,201.06,10605709
2022-05-09,JNJ,199.81,200.44,200.01,200.03,11890559
2022-05-10,JNJ,198.69,199.12,196.75,197.74,11953862
2022-05-11,JNJ,197.52,200.34,197.72,198.31,9822484
2022-05-12,JNJ,197.38,198.04,196.46,197.79,1373635
2022-05-13,JNJ,197.0,201.64,196.97,197.42,5521657
2022-05-16,JNJ,200.19,202.13,198.83,200.03,3083521
2022-05-17,JNJ,198.49,200.06,195.81,198.04,16029789
2022-05-18,JNJ,197.27,199.86,196.94,197.68,4812681
2022-05-19,JNJ,196.18,196.87,195.67,195.83,13547191
2022-05-20,JNJ,194.35,195.84,193.52,194.34,7780829
2022-05-23,JNJ,193.17,193.79,192.04,193.03,4205651
2022-05-24,JNJ,195.53,197.63,194.56,195.78,5168053
2022-05-25,JNJ,195.24,199.53,194.33,195.32,3485552
2022-05-26,JNJ,193.92,194.91,190.19,194.35,8281733
2022-05-27,JNJ,194.21,195.85,194.41,194.97,6536280
2022-05-30,JNJ,196.79,197.21,193.37,196.79,5420724
2022-05-31,JNJ,197.17,198.34,195.14,196.8,3587346
2022-06-01,JNJ,195.98,197.19,195.45,195.5,4089451
2022-06-02,JNJ,198.09,199.44,198.28,198.66,2789893
2022-06-03,JNJ,198.17,198.67,197.34,198.62,28917735
2022-06-06,JNJ,198.9,201.27,197.84,198.44,4314102
2022-06-07,JNJ,199.35,201.26,198.2,198.76,1057993
2022-06-08,JNJ,196.7,197.72,195.93,196.41,2891868
2022-06-09,JNJ,195.08,195.48,191.94,194.35,4667198
2022-06-10,JNJ,192.97,192.78,192.36,192.69,1686818
2022-06-13,JNJ,189.65,191.52,189.16,190.51,1579046
2022-06-14,JNJ,190.09,190.62,188.3,189.51,980830
2022-06-15,JNJ,188.21,190.95,188.4,188.85,7888240
2022-06-16,JNJ,188.57,189.34,187.47,188.83,7024212
2022-06-17,JNJ,186.57,187.99,183.89,186.52,2407610
2022-06-20,JNJ,190.02,192.71,189.36,190.17,19299600
2022-06-21,JNJ,187.92,189.32,187.97,188.67,1118568
2022-06-22,JNJ,189.08,189.94,188.59,189.75,3072040
2022-06-23,JNJ,190.4,191.81,187.43,190.76,5574032
2022-06-24,JNJ,188.88,190.91,186.88,188.87,15428482
2022-06-27,JNJ,190.14,189.95,189.37,189.43,4522408
2022-06-28,JNJ,188.62,190.48,187.31,189.28,2214689
2022-06-29,JNJ,190.47,191.49,187.88,190.44,11632351
2022-06-30,JNJ,190.51,190.73,189.68,189.73,989120
2022-07-01,JNJ,190.98,193.15,189.48,190.6,6407922
2022-07-04,JNJ,191.57,194.42,188.63,193.52,23872629
2022-07-05,JNJ,191.01,193.09,190.19,191.15,5366171
2022-07-06,JNJ,189.93,190.01,188.62,189.15,2396171
2022-07-07,JNJ,189.69,190.14,188.19,189.81,1668571
2022-07-08,JNJ,189.38,189.99,187.09,189.6,1330662
2022-07-11,JNJ,190.81,193.94,190.79,191.11,19506978
2022-07-12,JNJ,192.09,191.9,188.23,191.5,8325056
2022-07-13,JNJ,192.32,197.09,192.32,193.37,7641946
2022-07-14,JNJ,191.54,194.03,191.1,192.42,6985846
2022-07-15,JNJ,192.39,194.35,189.43,192.82,9715444
2022-07-18,JNJ,191.64,192.15,190.6,191.23,9178621
2022-07-19,JNJ,189.25,189.06,182.93,188.68,17748037
2022-07-20,JNJ,189.42,189.49,188.03,189.31,26264818
2022-07-21,JNJ,187.15,189.12,185.43,186.38,1324110
2022-07-22,JNJ,183.2,183.49,180.31,182.92,2477024
2022-07-25,JNJ,183.83,184.44,183.02,183.73,4657422
2022-07-26,JNJ,184.11,184.1,178.47,182.72,7073861
2022-07-27,JNJ,183.5,184.76,181.68,184.5,2383627
2022-07-28,JNJ,184.12,186.05,182.87,184.01,19215193
2022-07-29,JNJ,181.63,184.09,179.14,182.34,4454103
2022-08-01,JNJ,182.69,183.26,182.18,182.39,5998773
2022-08-02,JNJ,181.96,182.23,180.97,181.51,2910267
2022-08-03,JNJ,181.12,181.74,181.21,181.34,4372718
2022-08-04,JNJ,180.86,181.38,178.19,180.16,4086737
2022-08-05,JNJ,180.15,181.02,177.84,180.79,35121120
2022-08-08,JNJ,179.6,179.75,178.63,179.69,2117412
2022-08-09,JNJ,181.65,181.47,180.68,181.36,6287068
2022-08-10,JNJ,181.52,181.56,179.38,180.8,2308699
2022-08-11,JNJ,180.07,179.89,178.5,179.6,8809610
2022-08-12,JNJ,177.84,180.53,177.37,178.14,3294847
2022-08-15,JNJ,177.96,180.24,176.43,177.98,12435445
2022-08-16,JNJ,178.79,181.32,177.84,178.79,16138664
2022-08-17,JNJ,179.19,180.79,176.53,179.51,2397623
2022-08-18,JNJ,177.46,178.98,175.83,177.72,4551534
2022-08-19,JNJ,178.73,181.33,176.58,179.04,13287704
2022-08-22,JNJ,177.53,180.04,177.12,178.03,3459720
2022-08-23,JNJ,179.28,180.87,178.49,179.04,4346858
2022-08-24,JNJ,179.58,180.04,178.09,179.7,6368098
2022-08-25,JNJ,178.61,178.43,175.85,177.33,25372578
2022-08-26,JNJ,178.89,178.71,176.77,178.13,1511974
2022-08-29,JNJ,175.74,176.16,174.93,175.51,3683329
2022-08-30,JNJ,175.18,177.64,174.97,175.13,3577884
2022-08-31,JNJ,174.03,175.15,174.2,174.41,11189075
2022-09-01,JNJ,172.35,175.81,168.0,172.17,6813984
2022-09-02,JNJ,173.11,172.93,170.13,172.47,7007209
2022-09-05,JNJ,171.79,171.62,169.74,171.52,5131756
2022-09-06,JNJ,174.76,176.26,172.25,174.83,4049800
2022-09-07,JNJ,176.41,177.41,175.47,176.57,4625968
2022-09-08,JNJ,176.85,182.01,177.03,177.64,7113944
2022-09-09,JNJ,176.29,177.95,174.75,177.33,1546084
2022-09-12,JNJ,178.17,180.09,176.96,179.02,2859628
2022-09-13,JNJ,181.05,182.96,179.2,180.33,4335318
2022-09-14,JNJ,181.52,181.55,180.22,181.05,15319567
2022-09-15,JNJ,180.06,182.14,179.38,180.82,3847254
2022-09-16,JNJ,182.52,183.86,182.0,182.06,2449302
2022-09-19,JNJ,181.14,183.4,181.32,181.47,769574
2022-09-20,JNJ,179.36,183.61,176.55,179.54,4624785
2022-09-21,JNJ,176.18,177.1,176.36,176.85,4834987
2022-09-22,JNJ,176.71,178.58,175.72,177.26,3979391
2022-09-23,JNJ,178.19,179.55,175.5,178.22,2039291
2022-09-26,JNJ,180.12,180.56,176.74,179.29,2066434
2022-09-27,JNJ,179.16,178.98,175.69,178.54,11944775
2022-09-28,JNJ,177.84,180.66,175.64,177.71,8466460
2022-09-29,JNJ,179.19,180.67,177.81,179.08,6858267
2022-09-30,JNJ,180.91,181.24,180.14,180.76,2386758
2022-10-03,JNJ,182.04,184.55,180.64,182.25,1768882
2022-10-04,JNJ,182.54,182.99,178.67,182.59,5060300
2022-10-05,JNJ,184.34,185.75,180.76,183.7,9463460
2022-10-06,JNJ,182.39,184.04,181.14,182.55,2622504
2022-10-07,JNJ,182.58,185.11,180.72,182.77,2951031
2022-10-10,JNJ,180.52,182.05,180.7,180.99,1948772
2022-10-11,JNJ,180.96,182.72,178.57,181.42,3118098
2022-10-12,JNJ,182.45,185.45,179.6,182.34,2879871
2022-10-13,JNJ,182.59,184.46,180.0,182.32,3919624
2022-10-14,JNJ,184.05,186.37,184.23,184.53,2475804
2022-10-17,JNJ,182.6,183.88,179.2,182.8,6160396
2022-10-18,JNJ,183.66,187.56,183.82,184.96,1505926
2022-10-19,JNJ,185.13,185.7,182.83,185.27,4333644
2022-10-20,JNJ,187.09,189.37,186.32,187.68,8655980
2022-10-21,JNJ,185.98,187.66,184.8,186.69,1587970
2022-10-24,JNJ,186.28,187.33,183.99,186.9,2820177
2022-10-25,JNJ,185.51,186.11,185.63,185.71,20392120
2022-10-26,JNJ,184.19,184.47,183.86,184.01,2494118
2022-10-27,JNJ,183.86,186.09,182.17,183.41,1795625
2022-10-28,JNJ,184.85,186.54,184.41,184.44,14570042
2022-10-31,JNJ,187.15,187.8,183.21,186.46,3867430
2022-11-01,JNJ,187.5,188.22,185.86,187.56,11992572
2022-11-02,JNJ,185.42,187.71,185.6,185.65,8818246
2022-11-03,JNJ,187.16,189.18,184.96,186.46,7241511
2022-11-04,JNJ,188.68,191.5,188.51,189.3,5830336
2022-11-07,JNJ,190.57,191.98,187.66,190.14,8673236
2022-11-08,JNJ,192.23,196.52,190.54,191.25,5808409
2022-11-09,JNJ,192.74,192.55,189.92,192.29,9656762
2022-11-10,JNJ,195.28,196.52,194.82,195.27,5556943
2022-11-11,JNJ,194.24,194.37,192.7,194.01,2799435
2022-11-14,JNJ,193.3,195.29,191.84,193.49,4688359
2022-11-15,JNJ,190.83,191.25,190.34,190.57,9921353
2022-11-16,JNJ,188.54,190.23,187.27,187.8,977698
2022-11-17,JNJ,187.59,188.46,187.1,187.38,3667948
2022-11-18,JNJ,185.24,187.16,185.05,186.11,3205506
2022-11-21,JNJ,185.29,187.56,184.11,184.88,2652478
2022-11-22,JNJ,183.35,184.27,181.03,184.2,8799069
2022-11-23,JNJ,183.94,185.41,183.1,183.64,904256
2022-11-24,JNJ,183.43,183.68,182.27,183.27,821679
2022-11-25,JNJ,186.42,186.9,186.25,186.31,6510020
2022-11-28,JNJ,187.25,188.39,186.73,187.43,7483420
2022-11-29,JNJ,187.26,189.22,185.48,187.05,1762847
2022-11-30,JNJ,186.42,190.46,186.6,186.92,6574866
2022-12-01,JNJ,186.15,186.93,184.49,186.55,19474880
2022-12-02,JNJ,187.51,192.64,187.69,188.16,541165
2022-12-05,JNJ,191.15,193.16,188.72,190.0,994919
2022-12-06,JNJ,192.78,192.63,188.26,191.68,8361869
2022-12-07,JNJ,191.28,191.94,188.85,190.66,1346946
2022-12-08,JNJ,191.67,191.82,188.83,191.26,4443375
2022-12-09,JNJ,190.12,191.99,190.29,190.92,9733124
2022-12-12,JNJ,188.08,193.43,187.64,189.02,5110933
2022-12-13,JNJ,191.85,195.46,188.2,191.93,9885017
2022-12-14,JNJ,191.18,192.16,188.46,191.56,2905818
2022-12-15,JNJ,191.44,191.25,190.61,191.1,3364903
2022-12-16,JNJ,189.78,191.66,189.97,190.12,6656247
2022-12-19,JNJ,188.24,189.62,184.46,187.71,1334497
2022-12-20,JNJ,189.35,189.23,188.54,189.1,1498709
2022-12-21,JNJ,185.86,189.99,184.99,185.66,7219427
2022-12-22,JNJ,186.15,186.47,181.01,185.18,2649881
2022-12-23,JNJ,185.1,186.35,185.29,185.67,5499872
2022-12-26,JNJ,187.8,187.91,186.81,187.37,3285358
2022-12-27,JNJ,189.65,191.08,186.13,188.89,2810659
2022-12-28,JNJ,188.8,191.15,188.42,189.48,23445801
2022-12-29,JNJ,189.39,190.79,189.58,189.6,15326014
2022-12-30,JNJ,188.35,189.43,188.03,188.75,3899537
2023-01-02,JNJ,190.35,190.16,188.6,189.75,1911670
2023-01-03,JNJ,187.49,189.63,186.76,188.53,5915518
2023-01-04,JNJ,192.17,192.05,189.98,191.82,2999016
2023-01-05,JNJ,191.19,191.97,189.86,191.12,4274435
2023-01-06,JNJ,191.32,194.99,188.39,191.94,7989132
2023-01-09,JNJ,190.08,194.52,188.92,190.91,3914171
2023-01-10,JNJ,190.32,191.22,188.6,189.95,6989969
2023-01-11,JNJ,190.84,191.06,189.02,189.58,6891006
2023-01-12,JNJ,191.15,191.52,189.71,190.81,6888954
2023-01-13,JNJ,190.21,191.77,190.4,191.05,15074020
2023-01-16,JNJ,191.22,192.27,189.97,191.7,6099489
2023-01-17,JNJ,189.04,189.6,186.82,188.86,22982654
2023-01-18,JNJ,189.35,190.76,188.64,189.38,6066156
2023-01-19,JNJ,189.15,192.62,183.54,188.37,8028458
2023-01-20,JNJ,188.53,192.35,187.25,188.25,1215675
2023-01-23,JNJ,188.17,190.93,186.56,188.63,6154580
2023-01-24,JNJ,186.91,187.27,186.1,187.18,9642979
2023-01-25,JNJ,186.25,189.62,185.64,187.47,3092131
2023-01-26,JNJ,188.41,189.46,187.76,188.35,3454308
2023-01-27,JNJ,189.13,189.97,187.83,188.76,2696902
2023-01-30,JNJ,189.14,191.3,185.29,188.55,9006800
2023-01-31,JNJ,191.25,191.79,187.51,189.74,6675422
2023-02-01,JNJ,191.43,191.52,187.89,190.37,4255020
2023-02-02,JNJ,189.01,189.19,187.19,187.95,12545512
2023-02-03,JNJ,185.99,187.04,182.14,185.93,4036156
2023-02-06,JNJ,186.11,186.43,184.79,185.61,2559050
2023-02-07,JNJ,185.46,185.72,184.62,184.67,1396686
2023-02-08,JNJ,185.99,185.8,183.06,185.29,7549963
2023-02-09,JNJ,185.71,188.1,185.84,185.87,11524743
2023-02-10,JNJ,188.5,188.48,182.44,186.66,7269731
2023-02-13,JNJ,184.33,185.93,182.62,184.66,4732818
2023-02-14,JNJ,186.17,187.53,183.81,186.35,3671308
2023-02-15,JNJ,186.37,189.01,185.85,185.87,4365140
2023-02-16,JNJ,184.54,187.2,182.36,184.41,4123137
2023-02-17,JNJ,182.05,183.42,181.48,182.75,5459506
2023-02-20,JNJ,179.17,181.15,179.1,179.65,2959930
2023-02-21,JNJ,179.24,180.06,178.22,179.06,15354103
2023-02-22,JNJ,177.74,177.56,175.76,177.34,6160925
2023-02-23,JNJ,180.4,181.46,177.16,179.96,1419991
2023-02-24,JNJ,180.88,181.39,179.52,180.73,4020383
2023-02-27,JNJ,178.71,180.08,176.52,178.67,6638933
2023-02-28,JNJ,178.24,180.52,176.99,177.65,19899876
2023-03-01,JNJ,176.6,178.79,171.87,176.79,8095417
2023-03-02,JNJ,178.28,179.0,174.5,178.14,6578785
2023-03-03,JNJ,180.89,181.9,179.28,180.34,5067690
2023-03-06,JNJ,179.06,180.66,179.24,179.54,3412605
2023-03-07,JNJ,179.38,181.24,179.56,179.81,7105907
2023-03-08,JNJ,177.17,178.01,174.93,177.95,9441733
2023-03-09,JNJ,178.0,180.38,174.5,178.39,1341555
2023-03-10,JNJ,178.97,180.73,179.11,179.62,6898170
2023-03-13,JNJ,177.35,178.43,176.0,177.59,3225786
2023-03-14,JNJ,177.92,180.61,173.97,177.13,5205894
2023-03-15,JNJ,174.98,176.85,175.08,176.12,4174205
2023-03-16,JNJ,175.31,175.77,174.96,175.61,37456096
2023-03-17,JNJ,174.12,175.52,173.82,174.01,10939543
2023-03-20,JNJ,173.78,175.13,173.76,173.78,14555221
2023-03-21,JNJ,174.49,174.81,172.71,173.96,1167748
2023-03-22,JNJ,173.83,175.77,172.93,174.26,20068869
2023-03-23,JNJ,173.01,175.31,170.69,173.46,4436101
2023-03-24,JNJ,174.3,174.17,171.88,172.95,12227684
2023-03-27,JNJ,173.98,173.99,169.95,172.99,6495571
2023-03-28,JNJ,175.06,177.29,173.31,175.14,6340777
2023-03-29,JNJ,172.23,174.3,171.54,173.44,18913982
2023-03-30,JNJ,172.49,173.73,170.56,172.54,5251161
2023-03-31,JNJ,172.83,174.83,172.24,173.67,5055126
2023-04-03,JNJ,174.37,174.77,172.93,174.43,9242115
2023-04-04,JNJ,177.96,181.31,177.47,178.31,5293277
2023-04-05,JNJ,177.19,178.36,176.76,176.84,3762965
2023-04-06,JNJ,178.72,180.13,177.53,178.59,4112021
2023-04-07,JNJ,178.77,180.82,178.95,179.01,18708439
2023-04-10,JNJ,178.28,178.88,177.78,178.73,1640240
2023-04-11,JNJ,179.05,178.87,176.13,178.52,2033035
2023-04-12,JNJ,175.81,177.95,175.37,176.19,7081796
2023-04-13,JNJ,176.76,179.49,175.41,177.44,13691793
2023-04-14,JNJ,177.37,179.09,177.35,177.43,2832260
2023-04-17,JNJ,175.4,175.78,174.02,175.38,2122861
2023-04-18,JNJ,176.14,175.97,174.15,174.85,717696
2023-04-19,JNJ,173.23,174.77,173.4,173.6,20218303
2023-04-20,JNJ,173.06,174.57,170.39,172.74,5150491
2023-04-21,JNJ,168.09,170.02,162.9,169.17,8272007
2023-04-24,JNJ,170.6,171.42,170.77,171.02,5743007
2023-04-25,JNJ,169.91,170.99,168.35,170.41,9062634
2023-04-26,JNJ,169.42,169.28,167.75,169.04,524814
2023-04-27,JNJ,168.1,169.99,166.37,167.36,3841361
2023-04-28,JNJ,169.4,169.23,165.03,169.22,1748360
2023-05-01,JNJ,168.73,169.94,168.59,168.95,4097589
2023-05-02,JNJ,168.92,172.02,168.19,169.58,12962826
2023-05-03,JNJ,173.57,173.71,172.36,173.53,1345488
2023-05-04,JNJ,171.58,172.6,171.14,171.97,7171270
2023-05-05,JNJ,168.27,169.59,168.44,169.22,2805438
2023-05-08,JNJ,169.86,170.5,168.91,170.11,4651058
2023-05-09,JNJ,171.06,171.43,170.03,170.86,7641696
2023-05-10,JNJ,172.53,173.9,171.31,172.02,28063695
2023-05-11,JNJ,169.88,172.04,169.27,170.22,7486677
2023-05-12,JNJ,168.69,169.83,168.15,168.8,1927808
2023-05-15,JNJ,171.25,173.45,171.12,171.62,13476026
2023-05-16,JNJ,171.13,171.72,168.94,170.56,7174001
2023-05-17,JNJ,172.94,173.6,172.78,173.59,4124225
2023-05-18,JNJ,173.8,178.17,173.28,174.06,9761970
2023-05-19,JNJ,172.95,174.32,172.69,173.7,4799364
2023-05-22,JNJ,175.44,178.3,174.83,175.42,5303247
2023-05-23,JNJ,172.3,175.35,172.4,172.81,4147705
2023-05-24,JNJ,173.22,174.08,170.46,173.58,6579525
2023-05-25,JNJ,173.44,173.87,172.06,173.75,2295825
2023-05-26,JNJ,175.94,176.19,174.39,176.14,1521458
2023-05-29,JNJ,174.76,177.57,173.82,176.11,8674778
2023-05-30,JNJ,176.32,176.68,174.7,176.51,8897222
2023-05-31,JNJ,180.49,180.62,179.96,180.48,3372371
2023-06-01,JNJ,175.89,179.44,175.95,176.97,5792881
2023-06-02,JNJ,175.28,176.13,173.39,174.55,2592480
2023-06-05,JNJ,175.84,176.37,174.92,176.35,5442686
2023-06-06,JNJ,174.98,176.79,174.95,175.13,7827574
2023-06-07,JNJ,173.91,174.07,173.41,173.8,1865705
2023-06-08,JNJ,174.35,174.57,173.39,174.29,2508493
2023-06-09,JNJ,174.44,175.43,172.92,174.26,23147441
2023-06-12,JNJ,171.94,173.54,169.14,172.59,11580988
2023-06-13,JNJ,173.43,173.75,171.77,173.51,6564623
2023-06-14,JNJ,172.35,172.52,168.94,171.73,2583384
2023-06-15,JNJ,173.6,174.0,172.44,173.63,3818361
2023-06-16,JNJ,174.81,176.82,173.44,175.31,17906342
2023-06-19,JNJ,175.83,176.65,173.54,176.02,4744862
2023-06-20,JNJ,175.8,176.38,174.78,175.98,17601811
2023-06-21,JNJ,176.75,179.17,176.88,177.54,770564
2023-06-22,JNJ,176.97,178.42,176.75,177.76,4387401
2023-06-23,JNJ,178.29,178.28,177.47,177.58,3648415
2023-06-26,JNJ,178.61,179.66,175.0,178.19,7289968
2023-06-27,JNJ,178.7,181.12,177.91,179.27,7953095
2023-06-28,JNJ,180.39,181.37,177.89,180.39,3617659
2023-06-29,JNJ,179.13,179.2,177.85,179.12,2690526
2023-06-30,JNJ,178.68,179.51,176.48,177.08,9109201
2023-07-03,JNJ,176.34,178.03,175.78,176.89,1771500
2023-07-04,JNJ,176.3,176.9,174.98,176.45,7769529
2023-07-05,JNJ,178.92,179.73,177.89,179.02,3441878
2023-07-06,JNJ,178.93,179.1,178.52,178.78,7611793
2023-07-07,JNJ,177.55,180.06,177.73,177.86,3053335
2023-07-10,JNJ,177.9,179.66,177.97,178.17,20045584
2023-07-11,JNJ,178.19,179.51,175.96,178.24,22790358
2023-07-12,JNJ,177.61,180.76,176.82,178.14,3682848
2023-07-13,JNJ,176.62,177.5,175.14,176.36,5538945
2023-07-14,JNJ,176.81,177.04,174.82,176.37,2318660
2023-07-17,JNJ,177.27,178.32,175.54,177.44,2164852
2023-07-18,JNJ,178.45,180.36,174.09,177.66,2304398
2023-07-19,JNJ,177.31,179.17,176.55,176.91,5869214
2023-07-20,JNJ,179.17,179.21,177.13,178.61,1945892
2023-07-21,JNJ,180.62,182.39,180.26,181.07,1841546
2023-07-24,JNJ,181.75,184.05,178.24,181.93,3230488
2023-07-25,JNJ,183.34,185.12,183.29,183.39,5773459
2023-07-26,JNJ,184.46,187.89,182.53,184.1,5906551
2023-07-27,JNJ,182.03,184.54,180.55,183.08,13697105
2023-07-28,JNJ,183.33,184.41,181.88,182.17,1241084
2023-07-31,JNJ,178.46,181.18,178.62,178.7,8998437
2023-08-01,JNJ,177.93,178.8,176.42,177.27,8659139
2023-08-02,JNJ,180.21,180.25,178.45,179.74,6840298
2023-08-03,JNJ,178.46,179.58,176.69,177.64,18669168
2023-08-04,JNJ,178.21,178.82,177.85,178.7,10990237
2023-08-07,JNJ,177.22,178.15,177.39,177.45,15652974
2023-08-08,JNJ,178.95,182.58,178.04,179.56,13545200
2023-08-09,JNJ,177.63,179.95,176.43,178.29,2652360
2023-08-10,JNJ,174.19,174.6,173.79,173.96,3560606
2023-08-11,JNJ,170.59,171.12,169.53,170.54,9139718
2023-08-14,JNJ,169.12,171.53,169.29,169.59,3767861
2023-08-15,JNJ,168.16,167.99,166.98,167.77,15003757
2023-08-16,JNJ,167.94,168.57,167.6,168.07,2004041
2023-08-17,JNJ,168.3,169.04,167.23,168.49,24795043
2023-08-18,JNJ,169.62,171.86,168.1,169.83,14410663
2023-08-21,JNJ,169.7,171.73,168.54,169.29,9260980
2023-08-22,JNJ,171.26,173.64,169.25,171.51,8882828
2023-08-23,JNJ,172.74,174.85,172.09,172.97,8443912
2023-08-24,JNJ,172.11,173.06,168.43,171.61,4190250
2023-08-25,JNJ,173.2,174.61,172.59,172.59,2162521
2023-08-28,JNJ,171.93,172.44,171.09,171.17,10229803
2023-08-29,JNJ,170.17,173.97,168.99,171.03,5010058
2023-08-30,JNJ,170.08,171.75,169.81,170.21,3974874
2023-08-31,JNJ,169.5,170.87,168.33,169.73,3021606
2023-09-01,JNJ,166.36,168.35,166.28,166.99,1880930
2023-09-04,JNJ,165.14,167.02,164.02,164.98,2962871
2023-09-05,JNJ,164.1,164.46,164.26,164.43,5485576
2023-09-06,JNJ,164.71,165.13,163.6,164.39,1817792
2023-09-07,JNJ,163.88,164.27,162.43,164.13,1160483
2023-09-08,JNJ,165.12,166.74,161.33,165.01,5963670
2023-09-11,JNJ,166.12,167.13,165.56,165.62,5016246
2023-09-12,JNJ,165.4,167.65,165.57,165.89,11341657
2023-09-13,JNJ,164.2,164.63,163.3,164.55,3285176
2023-09-14,JNJ,161.87,162.14,158.76,161.98,9888631
2023-09-15,JNJ,163.86,166.91,162.17,163.45,4979481
2023-09-18,JNJ,162.63,164.58,162.42,162.52,4033998
2023-09-19,JNJ,163.82,166.93,161.43,163.59,1764447
2023-09-20,JNJ,162.79,164.15,162.95,164.03,8371101
2023-09-21,JNJ,165.15,167.26,163.32,164.76,21942277
2023-09-22,JNJ,169.02,169.49,167.77,169.13,2817282
2023-09-25,JNJ,170.55,171.37,169.32,170.18,6208878
2023-09-26,JNJ,168.76,170.69,166.46,169.94,4205285
2023-09-27,JNJ,170.4,172.97,169.64,170.91,5774927
2023-09-28,JNJ,166.64,167.29,165.34,165.82,9940487
2023-09-29,JNJ,164.81,168.11,164.11,166.05,1602326
2023-10-02,JNJ,167.15,168.44,167.32,167.44,1715599
2023-10-03,JNJ,169.83,171.22,168.61,168.97,1261716
2023-10-04,JNJ,165.99,167.96,164.27,166.18,9231105
2023-10-05,JNJ,167.08,169.19,165.08,166.94,18167213
2023-10-06,JNJ,166.83,167.04,165.31,166.74,4061458
2023-10-09,JNJ,163.5,165.82,163.67,163.87,4556545
2023-10-10,JNJ,164.18,167.64,162.22,164.0,2658675
2023-10-11,JNJ,165.96,168.3,164.52,166.01,1960603
2023-10-12,JNJ,165.42,166.14,164.13,166.03,10867641
2023-10-13,JNJ,166.23,169.39,166.1,166.85,8413001
2023-10-16,JNJ,169.91,170.54,164.33,168.53,3414183
2023-10-17,JNJ,167.68,169.77,165.91,167.59,3127907
2023-10-18,JNJ,165.96,168.42,164.74,166.27,7915392
2023-10-19,JNJ,165.01,167.24,164.38,165.79,5088918
2023-10-20,JNJ,164.49,165.22,163.78,165.19,1548498
2023-10-23,JNJ,165.02,164.85,163.02,164.55,3401639
2023-10-24,JNJ,167.12,167.33,165.78,166.38,5234580
2023-10-25,JNJ,168.4,168.39,168.01,168.02,3587415
2023-10-26,JNJ,169.94,170.35,168.57,169.46,9591393
2023-10-27,JNJ,170.74,172.65,170.05,170.69,8461330
2023-10-30,JNJ,173.28,173.59,169.81,172.13,3434167
2023-10-31,JNJ,171.25,171.99,169.57,171.58,11482184
2023-11-01,JNJ,172.19,177.33,172.31,172.76,17039311
2023-11-02,JNJ,171.76,173.44,170.71,171.77,15892724
2023-11-03,JNJ,173.37,174.44,170.55,173.49,10127194
2023-11-06,JNJ,172.87,172.7,172.46,172.63,2975465
2023-11-07,JNJ,175.15,176.72,174.4,175.69,3152570
2023-11-08,JNJ,174.43,174.95,173.15,174.89,2496500
2023-11-09,JNJ,176.44,178.16,175.01,176.94,5430256
2023-11-10,JNJ,176.03,176.85,174.96,175.55,8342293
2023-11-13,JNJ,173.48,178.08,173.57,174.14,4667832
2023-11-14,JNJ,174.32,177.52,174.49,174.97,10274913
2023-11-15,JNJ,172.74,173.07,171.95,172.92,27199977
2023-11-16,JNJ,174.97,176.6,174.09,175.7,5264263
2023-11-17,JNJ,173.09,173.63,172.76,173.6,4618951
2023-11-20,JNJ,175.48,176.44,172.96,174.87,584258
2023-11-21,JNJ,175.32,178.94,175.16,176.45,3291010
2023-11-22,JNJ,174.21,175.2,173.34,174.15,4040437
2023-11-23,JNJ,173.6,175.0,172.54,173.96,28315052
2023-11-24,JNJ,173.55,175.53,170.19,173.65,4603989
2023-11-27,JNJ,174.93,175.49,174.08,174.91,5193238
2023-11-28,JNJ,175.97,175.79,172.71,175.12,14192670
2023-11-29,JNJ,176.23,176.41,173.72,175.14,6933366
2023-11-30,JNJ,171.36,174.47,171.29,172.23,2890893
2023-12-01,JNJ,173.57,174.47,172.42,172.8,7159590
2023-12-04,JNJ,177.84,178.85,177.0,177.69,9066066
2023-12-05,JNJ,176.26,176.08,175.65,175.67,2107058
2023-12-06,JNJ,174.85,177.6,175.02,175.84,10208842
2023-12-07,JNJ,175.12,177.63,173.99,174.71,5980727
2023-12-08,JNJ,176.06,178.03,175.27,175.9,12254531
2023-12-11,JNJ,176.23,176.99,173.54,176.34,1487293
2023-12-12,JNJ,173.65,174.11,172.99,174.03,6268241
2023-12-13,JNJ,174.89,176.22,174.07,175.27,12118054
2023-12-14,JNJ,173.22,175.34,173.14,173.94,7565563
2023-12-15,JNJ,176.62,179.1,176.49,176.82,12553562
2023-12-18,JNJ,175.55,179.8,175.73,176.87,9479805
2023-12-19,JNJ,175.62,176.45,174.44,175.39,6516849
2023-12-20,JNJ,181.63,181.45,177.1,181.19,5960575
2023-12-21,JNJ,181.42,184.43,180.17,181.43,2327487
2023-12-22,JNJ,179.75,182.86,175.55,179.73,10226958
2023-12-25,JNJ,177.39,177.22,175.94,176.66,8596367
2023-12-26,JNJ,176.03,177.95,176.05,176.46,9491105
2023-12-27,JNJ,177.07,177.42,174.5,176.51,7201460
2023-12-28,JNJ,174.17,175.53,171.69,174.95,2348644
2023-12-29,JNJ,179.07,179.87,179.25,179.48,24794556
2024-01-01,JNJ,182.13,183.29,180.6,181.66,6343818
2024-01-02,JNJ,182.78,183.56,180.36,182.04,2377597
2024-01-03,JNJ,179.54,181.0,179.25,180.6,7440732
2024-01-04,JNJ,181.71,183.21,180.54,181.42,10178304
2024-01-05,JNJ,179.4,179.67,179.32,179.41,44187090
2024-01-08,JNJ,180.93,181.63,179.2,180.75,14157049
2024-01-09,JNJ,181.4,181.82,180.06,180.65,10244616
2024-01-10,JNJ,180.68,180.5,178.9,180.24,7674418
2024-01-11,JNJ,179.18,182.68,178.23,178.97,10108912
2024-01-12,JNJ,179.3,181.27,177.19,178.58,14026698
2024-01-15,JNJ,175.32,175.59,174.67,174.8,7691048
2024-01-16,JNJ,176.46,177.24,175.44,176.26,3803812
2024-01-17,JNJ,175.91,177.49,175.6,176.81,3215554
2024-01-18,JNJ,179.02,179.13,178.09,178.82,2423687
2024-01-19,JNJ,180.76,182.06,177.52,180.78,715989
2024-01-22,JNJ,181.63,182.12,179.81,181.82,7899435
2024-01-23,JNJ,180.83,180.65,180.15,180.54,19074089
2024-01-24,JNJ,182.19,182.01,181.73,181.88,5784125
2024-01-25,JNJ,181.5,183.63,181.13,182.5,6399321
2024-01-26,JNJ,182.05,183.05,179.71,181.06,1402209
2024-01-29,JNJ,180.53,183.71,179.14,179.97,8878213
2024-01-30,JNJ,178.94,182.38,179.09,179.39,9980795
2024-01-31,JNJ,182.5,183.87,181.51,182.49,2101278
2024-02-01,JNJ,185.22,185.45,185.02,185.29,6597789
2024-02-02,JNJ,187.05,188.86,185.03,186.85,3699444
2024-02-05,JNJ,187.71,188.66,187.49,187.87,1588187
2024-02-06,JNJ,188.35,191.1,186.96,188.2,5202865
2024-02-07,JNJ,187.73,189.32,187.79,188.29,12035951
2024-02-08,JNJ,189.84,191.0,187.31,189.67,5051411
2024-02-09,JNJ,190.7,191.21,189.55,190.29,4736016
2024-02-12,JNJ,190.5,193.65,190.69,190.7,9660700
2024-02-13,JNJ,189.65,192.38,188.86,189.46,6736786
2024-02-14,JNJ,188.33,189.94,187.19,188.6,4977959
2024-02-15,JNJ,187.93,188.53,184.96,187.11,6184357
2024-02-16,JNJ,189.78,190.82,189.58,189.89,3938384
2024-02-19,JNJ,189.63,191.02,188.36,189.75,6363240
2024-02-20,JNJ,185.73,186.59,185.57,185.74,9841778
2024-02-21,JNJ,187.78,188.12,186.45,187.53,4420775
2024-02-22,JNJ,189.4,190.49,186.63,188.38,1245557
2024-02-23,JNJ,188.78,190.09,188.52,189.35,4482238
2024-02-26,JNJ,190.91,190.72,189.89,190.38,22985660
2024-02-27,JNJ,192.3,192.11,191.31,191.76,8331653
2024-02-28,JNJ,192.8,193.51,192.07,193.37,8971086
2024-02-29,JNJ,191.22,192.8,191.42,192.13,11778678
2024-03-01,JNJ,192.1,191.91,191.48,191.69,24646511
2024-03-04,JNJ,192.27,193.15,192.46,192.51,1640704
2024-03-05,JNJ,193.44,195.31,192.54,193.73,26294384
2024-03-06,JNJ,193.76,195.26,189.94,193.43,16232787
2024-03-07,JNJ,192.12,194.99,192.22,192.49,1398439
2024-03-08,JNJ,188.77,189.39,188.96,189.32,19547452
2024-03-11,JNJ,187.48,189.25,185.53,187.94,25147183
2024-03-12,JNJ,189.07,191.87,189.26,189.3,7574729
2024-03-13,JNJ,190.34,195.52,190.53,190.59,9173510
2024-03-14,JNJ,190.24,193.01,190.11,190.98,2796304
2024-03-15,JNJ,195.29,195.64,193.99,194.5,3956982
2024-03-18,JNJ,192.86,195.72,192.71,193.9,9656221
2024-03-19,JNJ,192.01,193.41,190.98,192.24,3890796
2024-03-20,JNJ,190.91,192.39,189.61,191.14,3659354
2024-03-21,JNJ,191.99,192.56,191.43,191.74,5710259
2024-03-22,JNJ,197.59,198.43,193.99,197.48,6561919
2024-03-25,JNJ,197.06,199.84,196.27,196.93,4998152
2024-03-26,JNJ,199.2,203.46,197.92,199.51,3673445
2024-03-27,JNJ,197.95,198.68,196.38,197.71,2580583
2024-03-28,JNJ,198.72,199.69,198.92,199.07,4954375
2024-03-29,JNJ,195.28,198.01,195.02,197.37,3731318
2024-04-01,JNJ,196.83,198.95,195.57,197.15,4702323
2024-04-02,JNJ,195.98,199.37,195.35,198.22,1722834
2024-04-03,JNJ,199.11,200.97,197.48,199.37,23749912
2024-04-04,JNJ,201.3,202.49,198.94,200.81,2032905
2024-04-05,JNJ,206.37,207.72,201.74,204.68,11004628
2024-04-08,JNJ,203.69,203.49,201.43,203.31,18896451
2024-04-09,JNJ,200.33,204.48,196.48,200.36,12289458
2024-04-10,JNJ,198.61,201.62,197.69,199.23,8033640
2024-04-11,JNJ,197.41,197.21,195.36,196.96,4140009
2024-04-12,JNJ,198.7,198.5,193.09,197.66,16023328
2024-04-15,JNJ,199.71,199.51,195.9,198.92,8337832
2024-04-16,JNJ,200.9,201.04,199.34,200.23,7154069
2024-04-17,JNJ,200.93,204.71,197.19,201.04,7151810
2024-04-18,JNJ,197.74,200.73,195.09,198.9,6091528
2024-04-19,JNJ,200.06,200.49,198.83,199.51,4596255
2024-04-22,JNJ,195.03,199.74,193.44,195.75,5790937
2024-04-23,JNJ,194.23,197.32,192.58,194.93,5931606
2024-04-24,JNJ,196.55,197.65,195.63,197.12,13759054
2024-04-25,JNJ,195.35,197.57,193.69,195.51,2005682
2024-04-26,JNJ,195.98,196.39,194.09,195.51,5176383
2024-04-29,JNJ,198.1,200.54,197.77,198.06,6457165
2024-04-30,JNJ,195.39,197.39,195.35,197.15,5857624
2024-05-01,JNJ,195.74,197.09,193.51,195.63,11928679
2024-05-02,JNJ,196.08,197.02,195.94,196.59,4210260
2024-05-03,JNJ,197.55,200.37,197.56,198.65,3482709
2024-05-06,JNJ,199.83,199.78,198.44,199.12,4452936
2024-05-07,JNJ,200.79,202.54,199.03,201.33,1275304
2024-05-08,JNJ,199.57,204.76,199.67,201.82,1633545
2024-05-09,JNJ,204.91,207.34,203.63,204.26,3998807
2024-05-10,JNJ,203.64,203.57,202.0,203.47,3938435
2024-05-13,JNJ,207.03,209.08,205.87,206.09,4079379
2024-05-14,JNJ,206.27,209.82,206.47,206.91,2529558
2024-05-15,JNJ,207.06,208.77,203.37,207.28,7399020
2024-05-16,JNJ,206.63,207.55,205.9,207.49,6477402
2024-05-17,JNJ,207.3,211.05,206.38,207.73,11557155
2024-05-20,JNJ,206.19,207.89,203.72,205.18,7857515
2024-05-21,JNJ,201.82,203.75,200.46,201.12,1449681
2024-05-22,JNJ,196.58,196.69,195.45,196.03,5514737
2024-05-23,JNJ,198.8,200.79,195.85,198.81,12286641
2024-05-24,JNJ,198.65,198.45,195.56,198.03,1584606
2024-05-27,JNJ,195.96,197.46,194.73,196.91,2082397
2024-05-28,JNJ,193.38,194.59,192.0,193.92,28488310
2024-05-29,JNJ,194.33,195.29,192.86,194.58,3705805
2024-05-30,JNJ,195.09,195.91,193.8,195.32,5024576
2024-05-31,JNJ,191.47,193.61,191.66,191.72,5343842
2024-06-03,JNJ,190.41,192.03,188.99,190.2,5824013
2024-06-04,JNJ,188.57,190.46,188.18,188.78,5231861
2024-06-05,JNJ,187.13,190.4,187.3,188.28,1615025
2024-06-06,JNJ,187.01,190.42,187.2,187.66,3763978
2024-06-07,JNJ,189.82,190.77,188.63,190.2,3554282
2024-06-10,JNJ,188.97,189.46,186.9,189.44,1726408
2024-06-11,JNJ,188.94,189.59,188.79,189.02,3998519
2024-06-12,JNJ,192.52,192.43,190.3,191.85,2319876
2024-06-13,JNJ,189.7,189.51,188.97,189.39,5796847
2024-06-14,JNJ,189.6,191.36,187.48,190.24,6181383
2024-06-17,JNJ,193.93,195.18,193.64,194.28,3064674
2024-06-18,JNJ,194.9,197.26,195.1,195.39,7699779
2024-06-19,JNJ,198.23,198.03,197.82,197.94,7702907
2024-06-20,JNJ,199.14,202.68,199.34,199.71,15734005
2024-06-21,JNJ,197.57,198.58,196.22,197.72,3002193
2024-06-24,JNJ,197.98,202.14,197.69,197.86,1547204
2024-06-25,JNJ,198.95,200.56,197.81,199.71,1028765
2024-06-26,JNJ,198.21,198.95,198.41,198.85,4773278
2024-06-27,JNJ,198.42,204.43,198.14,199.78,9478249
2024-06-28,JNJ,201.36,202.19,199.27,201.0,6979649
2024-07-01,JNJ,201.41,204.83,201.61,201.8,5276460
2024-07-02,JNJ,202.69,204.28,202.19,202.47,2510606
2024-07-03,JNJ,204.27,204.79,204.34,204.77,2764090
2024-07-04,JNJ,206.74,209.72,203.28,206.42,4098432
2024-07-05,JNJ,205.71,205.54,204.77,205.52,2870680
2024-07-08,JNJ,201.73,202.68,201.93,202.04,8002004
2024-07-09,JNJ,202.6,204.79,202.18,203.32,2748638
2024-07-10,JNJ,203.62,204.59,202.09,203.38,21565349
2024-07-11,JNJ,203.94,206.69,201.24,204.47,15042761
2024-07-12,JNJ,205.95,207.25,203.06,206.2,1325551
2024-07-15,JNJ,207.0,207.35,206.0,206.39,2971708
2024-07-16,JNJ,203.56,208.91,203.76,205.09,18162337
2024-07-17,JNJ,205.83,208.45,202.93,206.21,2572282
2024-07-18,JNJ,207.52,208.76,204.58,207.43,5674972
2024-07-19,JNJ,208.74,208.82,207.05,208.74,3100628
2024-07-22,JNJ,211.5,211.29,209.09,210.45,3481483
2024-07-23,JNJ,214.24,214.12,212.95,213.59,2193527
2024-07-24,JNJ,214.31,218.56,214.22,215.39,29776064
2024-07-25,JNJ,214.03,214.55,209.96,213.13,9631690
2024-07-26,JNJ,215.79,215.57,213.33,214.88,4721831
2024-07-29,JNJ,216.72,217.68,214.04,216.41,9614802
2024-07-30,JNJ,216.24,216.63,215.29,215.74,6396004
2024-07-31,JNJ,215.89,217.18,216.11,216.32,6043337
2024-08-01,JNJ,214.01,214.75,213.1,214.1,3245094
2024-08-02,JNJ,218.14,217.92,216.62,217.22,12807011
2024-08-05,JNJ,216.19,218.02,216.32,216.34,8584431
2024-08-06,JNJ,217.63,218.09,216.72,216.8,4839823
2024-08-07,JNJ,218.06,220.12,214.99,216.83,11319607
2024-08-08,JNJ,215.83,217.97,214.73,216.46,10708243
2024-08-09,JNJ,217.8,219.48,214.64,218.62,5212555
2024-08-12,JNJ,216.84,216.85,214.76,216.18,20286002
2024-08-13,JNJ,214.75,221.54,214.48,215.38,10315477
2024-08-14,JNJ,212.76,215.16,210.99,212.64,6777182
2024-08-15,JNJ,209.85,214.1,209.27,212.29,4867268
2024-08-16,JNJ,214.59,215.75,213.12,214.81,5018303
2024-08-19,JNJ,215.77,217.39,214.61,216.41,4364135
2024-08-20,JNJ,215.36,217.25,214.28,215.52,6639968
2024-08-21,JNJ,217.49,219.58,215.48,216.61,4804374
2024-08-22,JNJ,218.31,221.29,217.76,218.86,20834375
2024-08-23,JNJ,220.25,222.58,218.93,219.44,3594331
2024-08-26,JNJ,221.27,223.67,221.49,221.6,4106130
2024-08-27,JNJ,222.56,222.82,218.52,222.41,14952886
2024-08-28,JNJ,225.27,225.05,224.11,224.84,6590268
2024-08-29,JNJ,226.54,227.51,225.21,226.17,2280345
2024-08-30,JNJ,225.91,229.84,223.77,226.31,19450595
2024-09-02,JNJ,221.63,223.73,219.61,222.49,2960041
2024-09-03,JNJ,223.27,228.69,220.47,223.89,4231399
2024-09-04,JNJ,224.94,226.83,221.87,224.87,10948194
2024-09-05,JNJ,225.62,228.19,224.45,225.43,4317110
2024-09-06,JNJ,226.64,226.69,224.84,226.46,1193669
2024-09-09,JNJ,227.12,227.81,224.56,226.59,3667534
2024-09-10,JNJ,228.61,228.38,226.87,228.26,1841148
2024-09-11,JNJ,227.76,228.78,225.62,228.08,16688143
2024-09-12,JNJ,229.25,232.73,228.85,229.85,6794084
2024-09-13,JNJ,231.14,232.55,230.93,231.83,2804969
2024-09-16,JNJ,230.33,232.5,229.38,230.84,28195388
2024-09-17,JNJ,231.63,235.49,231.51,232.64,1458138
2024-09-18,JNJ,231.04,231.34,230.36,231.12,1958058
2024-09-19,JNJ,230.1,231.78,229.11,231.78,5915388
2024-09-20,JNJ,232.46,234.53,230.1,233.54,4832353
2024-09-23,JNJ,232.38,237.98,232.62,233.33,2002193
2024-09-24,JNJ,233.5,234.48,231.9,233.61,9927463
2024-09-25,JNJ,233.91,233.87,233.43,233.49,34642611
2024-09-26,JNJ,230.36,232.46,230.19,232.02,1993511
2024-09-27,JNJ,226.66,230.3,225.91,227.09,2893897
2024-09-30,JNJ,224.98,225.45,223.13,225.29,3102331
2024-10-01,JNJ,222.24,225.17,221.35,223.04,3276967
2024-10-02,JNJ,224.33,225.78,221.29,224.14,4370571
2024-10-03,JNJ,222.46,225.21,221.26,222.23,15710148
2024-10-04,JNJ,222.96,224.64,222.47,223.19,2455890
2024-10-07,JNJ,229.91,230.21,227.73,228.3,7798928
2024-10-08,JNJ,228.64,229.07,227.25,228.46,9390691
2024-10-09,JNJ,230.45,232.79,230.03,231.13,5551905
2024-10-10,JNJ,234.37,235.48,234.19,234.65,5253209
2024-10-11,JNJ,232.86,236.52,233.03,233.34,4163144
2024-10-14,JNJ,233.64,233.56,231.13,232.62,1675052
2024-10-15,JNJ,235.2,236.16,230.71,234.61,4872854
2024-10-16,JNJ,234.17,238.28,233.64,235.49,8829633
2024-10-17,JNJ,234.84,234.6,231.52,234.53,8742694
2024-10-18,JNJ,236.31,238.19,235.72,236.99,2158145
2024-10-21,JNJ,236.1,237.44,234.92,236.41,3270063
2024-10-22,JNJ,236.05,238.34,231.06,235.7,3655852
2024-10-23,JNJ,236.08,239.09,235.25,236.87,2085141
2024-10-24,JNJ,237.16,239.71,235.71,236.79,7157870
2024-10-25,JNJ,237.24,239.55,235.33,237.77,6916371
2024-10-28,JNJ,234.66,238.37,229.48,234.72,5128376
2024-10-29,JNJ,235.76,236.72,234.07,235.03,1938215
2024-10-30,JNJ,231.96,233.52,229.38,232.72,3226604
2024-10-31,JNJ,233.31,238.63,230.72,233.96,1886582
2024-11-01,JNJ,236.37,238.88,235.61,236.86,1695678
2024-11-04,JNJ,237.74,239.53,235.7,236.9,654956
2024-11-05,JNJ,235.16,236.96,231.43,234.38,4874804
2024-11-06,JNJ,234.45,236.21,232.8,234.89,16657579
2024-11-07,JNJ,234.87,235.5,234.89,235.28,14065123
2024-11-08,JNJ,234.4,235.58,232.27,234.35,3134543
2024-11-11,JNJ,236.8,236.81,235.17,235.81,761123
2024-11-12,JNJ,236.62,238.85,235.21,236.93,1093434
2024-11-13,JNJ,236.76,236.52,233.99,235.21,12975593
2024-11-14,JNJ,235.26,236.35,231.77,235.05,5674101
2024-11-15,JNJ,236.35,236.22,232.05,236.08,3255547
2024-11-18,JNJ,238.26,238.36,236.88,237.51,8215314
2024-11-19,JNJ,235.54,236.59,232.84,235.73,5154052
2024-11-20,JNJ,238.47,242.13,234.85,237.3,3222267
2024-11-21,JNJ,234.17,234.7,231.65,232.95,11077682
2024-11-22,JNJ,239.17,239.63,233.99,236.25,11777994
2024-11-25,JNJ,237.71,241.13,235.28,237.88,4641905
2024-11-26,JNJ,240.42,241.52,237.9,240.96,3980713
2024-11-27,JNJ,241.17,242.71,240.84,241.41,10476060
2024-11-28,JNJ,240.34,243.44,236.4,241.27,2368977
2024-11-29,JNJ,238.57,240.59,238.8,239.57,3603342
2024-12-02,JNJ,237.93,239.11,238.17,238.23,3443376
2024-12-03,JNJ,240.94,243.61,238.98,240.25,5539588
2024-12-04,JNJ,242.72,245.12,242.74,243.29,2427307
2024-12-05,JNJ,240.22,243.41,237.91,240.67,1048215
2024-12-06,JNJ,241.1,244.28,240.28,241.09,13854477
2024-12-09,JNJ,242.49,243.71,240.32,242.16,3176572
2024-12-10,JNJ,245.0,247.47,244.38,245.53,3902709
2024-12-11,JNJ,245.42,245.17,244.09,244.9,8055792
2024-12-12,JNJ,244.31,244.99,243.43,244.08,4847326
2024-12-13,JNJ,244.41,249.32,241.22,244.17,11540398
2024-12-16,JNJ,247.0,252.06,244.67,246.34,44428899
2024-12-17,JNJ,246.86,247.55,245.05,247.14,29494428
2024-12-18,JNJ,244.3,247.02,242.14,245.05,14109554
2024-12-19,JNJ,244.67,250.14,241.79,244.23,3680617
2024-12-20,JNJ,249.98,251.19,247.37,249.68,3397134
2024-12-23,JNJ,249.23,251.12,246.89,249.17,4604090
2024-12-24,JNJ,248.36,248.11,247.42,247.84,7842486
2024-12-25,JNJ,246.71,250.88,246.96,247.17,8097776
2024-12-26,JNJ,248.1,255.32,247.32,248.72,9552366
2024-12-27,JNJ,246.99,251.69,246.45,248.2,5273283
2024-12-30,JNJ,245.25,247.27,244.31,244.99,5655281
2024-12-31,JNJ,239.57,243.77,236.16,240.03,5873080
2020-01-02,XOM,46.35,46.66,44.83,46.29,18781903
2020-01-03,XOM,47.73,47.91,45.02,46.96,4886658
2020-01-06,XOM,46.67,47.39,45.55,46.32,1572786
2020-01-07,XOM,45.68,46.29,44.9,45.57,5359658
2020-01-08,XOM,45.32,45.53,45.35,45.4,1870890
2020-01-09,XOM,45.28,46.0,44.97,45.05,13586434
2020-01-10,XOM,45.18,46.76,44.9,45.64,1858710
2020-01-13,XOM,45.03,46.74,44.5,45.76,7595872
2020-01-14,XOM,44.95,45.43,44.27,44.82,2526469
2020-01-15,XOM,44.15,44.11,43.7,44.08,7324330
2020-01-16,XOM,44.87,45.3,43.73,44.27,8885862
2020-01-17,XOM,44.48,44.75,44.18,44.47,4438351
2020-01-20,XOM,44.54,44.6,43.41,44.49,10217687
2020-01-21,XOM,45.46,45.67,43.79,44.97,4289757
2020-01-22,XOM,44.15,45.12,42.81,43.7,9149457
2020-01-23,XOM,43.56,43.51,41.83,43.45,4198818
2020-01-24,XOM,43.61,44.4,42.76,44.01,6516160
2020-01-27,XOM,44.85,45.16,43.96,44.67,13290273
2020-01-28,XOM,45.04,46.29,44.43,44.49,3541153
2020-01-29,XOM,43.5,45.21,43.33,43.71,3848065
2020-01-30,XOM,43.92,44.35,42.65,44.03,6259742
2020-01-31,XOM,43.17,43.35,43.02,43.16,8931415
2020-02-03,XOM,42.65,43.88,40.67,43.03,7032725
2020-02-04,XOM,42.18,42.72,41.44,41.98,3655958
2020-02-05,XOM,41.66,41.62,40.97,41.49,3940575
2020-02-06,XOM,40.12,40.19,38.98,39.82,1971889
2020-02-07,XOM,40.28,40.44,39.71,39.86,5159211
2020-02-10,XOM,39.76,39.72,39.55,39.55,4706576
2020-02-11,XOM,39.43,40.49,38.47,39.61,7097150
2020-02-12,XOM,40.8,41.1,40.35,40.77,1781626
2020-02-13,XOM,40.69,41.13,40.07,40.57,5972920
2020-02-14,XOM,40.24,40.4,39.8,40.32,4581434
2020-02-17,XOM,37.27,38.34,36.83,37.82,7344153
2020-02-18,XOM,38.22,38.74,37.7,38.32,6311871
2020-02-19,XOM,38.35,38.92,37.67,38.44,3316497
2020-02-20,XOM,38.13,38.38,37.18,38.11,10359943
2020-02-21,XOM,37.62,37.58,37.43,37.47,2844536
2020-02-24,XOM,35.97,36.33,35.55,36.3,5830850
2020-02-25,XOM,37.21,37.51,35.72,36.99,6761976
2020-02-26,XOM,37.63,37.59,36.73,37.25,12414134
2020-02-27,XOM,37.72,39.34,37.38,37.61,4611543
2020-02-28,XOM,37.52,37.48,36.39,37.4,2128775
2020-03-02,XOM,37.57,38.46,37.33,37.9,13518593
2020-03-03,XOM,38.1,38.29,36.73,38.04,11055644
2020-03-04,XOM,37.44,38.1,37.48,37.81,11492958
2020-03-05,XOM,38.63,38.64,37.69,38.24,3714631
2020-03-06,XOM,36.66,37.19,35.77,36.65,8923216
2020-03-09,XOM,34.76,35.05,34.8,34.82,21756692
2020-03-10,XOM,34.74,35.6,34.78,34.97,1195570
2020-03-11,XOM,35.86,36.19,35.88,35.93,3846407
2020-03-12,XOM,35.26,35.91,33.65,35.06,3251703
2020-03-13,XOM,34.79,34.87,34.61,34.72,4285202
2020-03-16,XOM,34.77,36.17,34.81,34.96,11611492
2020-03-17,XOM,35.08,36.12,34.83,35.42,3841945
2020-03-18,XOM,35.95,35.91,35.49,35.9,4599070
2020-03-19,XOM,35.81,35.78,35.02,35.72,8173092
2020-03-20,XOM,36.1,36.27,36.08,36.21,6404966
2020-03-23,XOM,36.71,36.73,36.13,36.61,9614296
2020-03-24,XOM,35.6,36.38,35.59,35.95,4328826
2020-03-25,XOM,35.41,37.14,35.03,35.53,1967420
2020-03-26,XOM,36.48,37.3,36.35,36.68,14167129
2020-03-27,XOM,35.53,35.97,34.04,35.58,7896893
2020-03-30,XOM,34.33,34.3,33.69,34.17,16425755
2020-03-31,XOM,34.28,34.37,34.02,34.22,7246468
2020-04-01,XOM,35.22,35.26,34.27,34.45,3861615
2020-04-02,XOM,35.62,35.9,35.29,35.69,5894337
2020-04-03,XOM,36.39,36.71,36.2,36.54,3198252
2020-04-06,XOM,35.99,36.97,35.9,35.98,11186073
2020-04-07,XOM,35.2,36.41,34.44,35.27,2600432
2020-04-08,XOM,35.6,35.86,35.42,35.5,6845887
2020-04-09,XOM,35.64,35.95,35.44,35.74,5141444
2020-04-10,XOM,35.2,35.26,34.46,34.95,7033917
2020-04-13,XOM,36.19,36.74,35.84,36.47,8016575
2020-04-14,XOM,37.2,37.44,36.11,37.34,19246771
2020-04-15,XOM,36.34,36.78,35.74,36.34,1349186
2020-04-16,XOM,38.06,38.2,37.72,37.83,5192623
2020-04-17,XOM,37.73,38.12,37.05,37.79,3564409
2020-04-20,XOM,37.46,37.87,37.37,37.51,8217217
2020-04-21,XOM,38.41,39.14,38.11,38.55,4127210
2020-04-22,XOM,38.33,39.63,38.18,38.33,7011814
2020-04-23,XOM,37.82,38.86,37.44,38.18,8465540
2020-04-24,XOM,38.13,38.5,37.06,38.04,3183009
2020-04-27,XOM,38.94,39.58,38.13,38.46,20309419
2020-04-28,XOM,38.45,38.81,38.35,38.43,3972422
2020-04-29,XOM,38.85,39.16,37.79,38.56,4498299
2020-04-30,XOM,39.12,39.46,38.59,38.71,9389558
2020-05-01,XOM,38.71,39.55,37.67,38.93,11361449
2020-05-04,XOM,39.67,41.02,39.71,40.1,712928
2020-05-05,XOM,40.22,40.87,39.23,39.81,2506469
2020-05-06,XOM,40.85,40.81,39.5,40.62,11723233
2020-05-07,XOM,40.5,40.46,39.68,40.09,12302355
2020-05-08,XOM,41.15,42.29,40.65,40.92,741692
2020-05-11,XOM,40.39,40.41,39.85,40.17,5801351
2020-05-12,XOM,40.0,40.83,39.49,40.24,4813433
2020-05-13,XOM,41.22,41.87,40.77,41.01,5313068
2020-05-14,XOM,41.8,42.29,40.92,41.72,4692546
2020-05-15,XOM,42.22,43.33,40.38,42.06,5142576
2020-05-18,XOM,43.51,44.02,43.02,43.51,6925180
2020-05-19,XOM,45.2,46.17,44.27,45.29,5356120
2020-05-20,XOM,44.63,45.08,44.42,44.65,5216907
2020-05-21,XOM,43.46,44.62,43.5,43.68,8703480
2020-05-22,XOM,43.0,43.94,42.39,43.15,6294037
2020-05-25,XOM,43.83,44.41,42.21,44.1,6317537
2020-05-26,XOM,44.52,45.26,43.7,44.21,2227978
2020-05-27,XOM,42.88,43.78,42.93,43.24,20668408
2020-05-28,XOM,44.01,44.24,43.26,43.97,8069506
2020-05-29,XOM,44.17,44.85,42.88,44.19,1005485
2020-06-01,XOM,45.2,45.48,43.68,44.44,5092440
2020-06-02,XOM,46.44,46.7,45.88,46.13,5384928
2020-06-03,XOM,45.59,45.92,45.56,45.89,4884819
2020-06-04,XOM,45.82,46.97,45.0,45.83,5326074
2020-06-05,XOM,45.61,47.17,44.45,45.7,3914118
2020-06-08,XOM,46.42,46.75,44.77,45.85,16448531
2020-06-09,XOM,47.64,47.84,46.71,47.69,14693589
2020-06-10,XOM,46.72,46.68,45.21,46.59,484264
2020-06-11,XOM,46.83,46.78,46.33,46.61,15729383
2020-06-12,XOM,45.91,46.38,45.41,46.12,6285155
2020-06-15,XOM,44.27,45.75,43.32,44.44,1070532
2020-06-16,XOM,44.59,44.55,44.29,44.44,2580910
2020-06-17,XOM,43.98,45.42,43.38,44.29,2194911
2020-06-18,XOM,45.17,46.78,44.08,44.9,9946651
2020-06-19,XOM,44.17,44.44,44.13,44.37,34340018
2020-06-22,XOM,45.43,45.39,43.87,45.15,1478149
2020-06-23,XOM,46.03,46.88,45.29,46.24,5828336
2020-06-24,XOM,45.42,45.37,42.68,44.87,6568076
2020-06-25,XOM,44.63,45.56,44.67,44.82,3453447
2020-06-26,XOM,46.28,46.24,45.74,45.85,3113689
2020-06-29,XOM,46.49,48.37,45.33,46.62,11986516
2020-06-30,XOM,47.11,47.21,46.45,46.99,1396352
2020-07-01,XOM,47.6,49.0,46.66,47.25,3547073
2020-07-02,XOM,45.6,47.66,44.82,46.38,3396160
2020-07-03,XOM,45.26,46.92,44.14,45.35,4982252
2020-07-06,XOM,46.55,47.55,46.56,46.79,10276149
2020-07-07,XOM,45.89,46.03,45.72,45.75,11438247
2020-07-08,XOM,47.27,49.11,46.89,47.51,3283432
2020-07-09,XOM,47.27,47.32,45.32,47.26,4981228
2020-07-10,XOM,48.94,50.85,48.27,49.62,4334784
2020-07-13,XOM,49.23,49.28,47.22,48.64,1212058
2020-07-14,XOM,49.05,50.49,47.69,49.83,1636104
2020-07-15,XOM,49.39,49.62,48.63,49.55,24383646
2020-07-16,XOM,49.86,50.03,49.25,49.55,10045673
2020-07-17,XOM,49.67,50.04,48.47,49.27,816605
2020-07-20,XOM,49.11,50.04,47.28,48.87,4172895
2020-07-21,XOM,49.32,50.53,48.84,49.66,3481667
2020-07-22,XOM,49.86,51.04,49.75,50.04,17745407
2020-07-23,XOM,50.77,52.43,50.82,51.02,6851690
2020-07-24,XOM,53.75,53.7,52.61,53.59,6946198
2020-07-27,XOM,53.59,55.65,53.19,54.14,1278975
2020-07-28,XOM,53.92,55.05,52.39,53.97,2281905
2020-07-29,XOM,54.19,55.39,53.67,53.96,6073100
2020-07-30,XOM,55.17,55.33,54.78,54.83,1548473
2020-07-31,XOM,54.01,54.61,52.51,53.67,4526427
2020-08-03,XOM,52.37,54.48,52.35,52.99,6028785
2020-08-04,XOM,52.32,52.62,52.37,52.55,4365931
2020-08-05,XOM,52.46,54.28,51.85,52.99,3144608
2020-08-06,XOM,54.02,54.62,52.12,53.37,6846000
2020-08-07,XOM,54.54,55.0,53.81,54.11,12446959
2020-08-10,XOM,53.12,54.1,52.87,53.34,18816181
2020-08-11,XOM,54.41,55.22,54.33,54.76,4359556
2020-08-12,XOM,53.96,54.03,53.45,53.56,12880818
2020-08-13,XOM,54.56,55.89,54.61,54.88,5090589
2020-08-14,XOM,55.04,56.16,55.1,55.19,3205757
2020-08-17,XOM,54.05,54.4,51.83,54.03,4450234
2020-08-18,XOM,52.74,54.0,52.57,53.05,3609966
2020-08-19,XOM,53.2,54.04,51.8,52.92,22122489
2020-08-20,XOM,52.57,53.38,52.62,52.66,5129728
2020-08-21,XOM,53.03,53.64,52.42,52.89,4474329
2020-08-24,XOM,54.6,55.04,52.93,54.15,5885410
2020-08-25,XOM,52.18,52.93,51.95,52.26,4448794
2020-08-26,XOM,52.38,55.03,52.43,52.79,746069
2020-08-27,XOM,52.85,54.35,52.66,53.21,7736529
2020-08-28,XOM,55.99,56.65,54.99,55.59,12882835
2020-08-31,XOM,53.52,54.2,52.39,52.85,974566
2020-09-01,XOM,53.91,54.03,52.67,53.69,3552039
2020-09-02,XOM,51.52,52.02,51.49,51.99,10632308
2020-09-03,XOM,51.69,52.24,51.15,51.32,3152736
2020-09-04,XOM,49.8,50.89,49.44,49.96,1089318
2020-09-07,XOM,51.47,51.68,50.27,50.6,1730550
2020-09-08,XOM,51.13,51.77,50.24,50.97,2249473
2020-09-09,XOM,51.45,51.4,50.88,51.38,2478560
2020-09-10,XOM,51.42,52.91,51.47,51.89,7316970
2020-09-11,XOM,51.45,53.04,50.72,51.57,2977275
2020-09-14,XOM,52.98,53.69,52.01,53.14,7007782
2020-09-15,XOM,53.79,54.62,52.74,53.7,3198812
2020-09-16,XOM,53.98,55.38,53.89,54.38,4474568
2020-09-17,XOM,52.94,54.16,52.99,53.0,2441712
2020-09-18,XOM,52.5,52.99,51.97,52.11,4866848
2020-09-21,XOM,52.6,52.55,52.19,52.25,4726435
2020-09-22,XOM,52.91,53.04,50.3,52.6,6544472
2020-09-23,XOM,52.06,52.82,51.13,51.74,19843422
2020-09-24,XOM,51.5,53.47,49.72,51.73,5315974
2020-09-25,XOM,50.58,50.87,48.87,50.8,14285195
2020-09-28,XOM,51.53,52.45,51.33,51.48,2284334
2020-09-29,XOM,51.01,53.08,50.47,51.15,3087252
2020-09-30,XOM,51.37,51.65,49.97,50.72,837796
2020-10-01,XOM,51.81,52.26,50.34,51.98,4070585
2020-10-02,XOM,51.73,51.76,51.67,51.68,1638444
2020-10-05,XOM,51.71,51.66,50.63,51.62,11809748
2020-10-06,XOM,51.03,52.04,50.41,51.22,4333536
2020-10-07,XOM,50.84,51.79,50.14,50.98,7720684
2020-10-08,XOM,51.16,52.49,50.29,51.57,3980721
2020-10-09,XOM,51.92,52.9,51.16,51.46,15948704
2020-10-12,XOM,51.26,51.94,51.1,51.25,1727915
2020-10-13,XOM,50.13,52.07,48.81,50.4,7255578
2020-10-14,XOM,49.31,50.85,47.7,49.45,6198129
2020-10-15,XOM,49.19,49.89,47.23,48.76,10331311
2020-10-16,XOM,47.84,48.52,47.44,48.27,4210567
2020-10-19,XOM,48.04,49.02,47.44,47.9,1268104
2020-10-20,XOM,47.32,47.27,46.44,47.23,1032303
2020-10-21,XOM,45.91,46.55,45.95,46.1,6990605
2020-10-22,XOM,46.07,46.84,45.21,46.12,5786572
2020-10-23,XOM,45.91,46.55,44.98,45.82,1793286
2020-10-26,XOM,45.1,45.56,44.4,45.25,32768384
2020-10-27,XOM,46.62,47.97,45.01,46.47,4297540
2020-10-28,XOM,47.24,48.35,45.72,47.36,2990068
2020-10-29,XOM,47.36,47.52,47.41,47.5,5812302
2020-10-30,XOM,47.75,47.74,47.43,47.46,43016960
2020-11-02,XOM,46.13,47.25,44.89,46.54,4863202
2020-11-03,XOM,45.44,45.51,42.7,45.03,5477916
2020-11-04,XOM,43.94,43.96,43.66,43.89,1677348
2020-11-05,XOM,42.0,42.61,42.05,42.48,5303733
2020-11-06,XOM,43.25,43.75,41.57,43.5,7489035
2020-11-09,XOM,43.98,44.53,43.69,44.43,6350731
2020-11-10,XOM,44.15,44.7,44.19,44.2,13890809
2020-11-11,XOM,46.76,47.02,46.32,46.36,3170521
2020-11-12,XOM,47.27,47.78,45.95,47.07,5251934
2020-11-13,XOM,46.63,47.28,46.2,46.78,2996345
2020-11-16,XOM,46.66,46.82,46.19,46.73,13850079
2020-11-17,XOM,46.16,46.84,45.68,46.47,1787712
2020-11-18,XOM,48.36,48.81,48.04,48.23,2918253
2020-11-19,XOM,49.37,50.36,46.97,49.06,29709067
2020-11-20,XOM,48.73,50.52,48.68,48.83,2596985
2020-11-23,XOM,48.62,50.8,48.36,48.67,4880245
2020-11-24,XOM,49.02,48.97,48.67,48.89,14929520
2020-11-25,XOM,47.88,48.91,45.79,48.07,6421259
2020-11-26,XOM,47.68,48.27,47.13,47.4,2180090
2020-11-27,XOM,47.79,49.14,47.36,48.06,16019699
2020-11-30,XOM,48.82,48.77,48.31,48.58,3659453
2020-12-01,XOM,48.59,48.69,46.98,48.55,9384055
2020-12-02,XOM,48.49,49.32,47.94,48.17,1567753
2020-12-03,XOM,48.41,50.73,47.83,48.72,5756508
2020-12-04,XOM,49.09,50.07,48.57,48.84,4164808
2020-12-07,XOM,48.53,49.46,48.2,48.84,15625218
2020-12-08,XOM,49.49,50.15,48.74,48.92,2056139
2020-12-09,XOM,49.46,50.27,49.51,49.55,5169979
2020-12-10,XOM,50.77,51.44,50.82,50.91,2437057
2020-12-11,XOM,49.3,49.97,46.82,49.51,28459055
2020-12-14,XOM,50.09,50.72,49.11,50.02,3298212
2020-12-15,XOM,50.08,50.03,48.95,49.88,7773263
2020-12-16,XOM,50.75,51.47,50.8,51.14,1317334
2020-12-17,XOM,51.57,51.92,49.42,51.65,10997787
2020-12-18,XOM,52.19,52.14,51.61,51.7,4757223
2020-12-21,XOM,50.41,51.77,49.44,50.26,855794
2020-12-22,XOM,50.89,52.69,49.7,51.09,5170569
2020-12-23,XOM,53.4,53.34,53.14,53.21,2188898
2020-12-24,XOM,53.4,53.86,51.92,53.26,37166845
2020-12-25,XOM,53.84,54.37,53.89,53.94,15901031
2020-12-28,XOM,53.82,54.51,51.85,53.78,11112934
2020-12-29,XOM,54.39,56.28,53.01,54.68,6416587
2020-12-30,XOM,54.68,57.08,53.64,55.39,6499489
2020-12-31,XOM,54.81,56.03,53.73,54.75,350773
2021-01-01,XOM,55.82,56.8,54.62,55.02,3511674
2021-01-04,XOM,57.21,57.22,56.53,56.7,4880424
2021-01-05,XOM,58.22,58.68,57.0,57.53,2983659
2021-01-06,XOM,59.85,61.58,57.99,59.39,3000244
2021-01-07,XOM,60.06,61.21,58.91,59.96,3522812
2021-01-08,XOM,58.35,58.46,57.3,57.91,6016186
2021-01-11,XOM,56.77,57.01,55.74,56.76,3936857
2021-01-12,XOM,56.0,56.08,55.41,56.05,5631103
2021-01-13,XOM,56.64,57.39,54.95,56.25,20605352
2021-01-14,XOM,56.17,56.97,54.59,56.51,2080742
2021-01-15,XOM,56.3,57.6,56.07,56.8,455144
2021-01-18,XOM,57.81,59.04,57.29,57.76,1687550
2021-01-19,XOM,55.72,57.22,54.92,55.09,3641769
2021-01-20,XOM,55.71,56.18,54.51,55.37,8104049
2021-01-21,XOM,54.43,55.74,53.7,54.9,6858182
2021-01-22,XOM,56.03,55.98,55.33,55.41,3073050
2021-01-25,XOM,55.13,55.13,53.69,54.82,6746502
2021-01-26,XOM,55.3,55.24,54.69,54.8,3588963
2021-01-27,XOM,54.55,55.05,54.27,54.68,12466657
2021-01-28,XOM,53.35,54.14,53.07,53.13,5989524
2021-01-29,XOM,55.94,57.19,55.32,55.87,17293478
2021-02-01,XOM,55.32,55.8,55.07,55.32,3335856
2021-02-02,XOM,57.73,59.48,57.34,57.65,4322020
2021-02-03,XOM,59.33,60.04,58.64,59.25,11885080
2021-02-04,XOM,59.36,60.03,58.11,59.41,7091273
2021-02-05,XOM,60.98,60.92,59.95,60.82,6988794
2021-02-08,XOM,59.01,59.6,57.62,59.28,7044672
2021-02-09,XOM,59.31,59.51,58.45,59.24,10143660
2021-02-10,XOM,58.66,59.41,58.72,58.84,1552871
2021-02-11,XOM,57.33,57.27,56.02,57.26,2570290
2021-02-12,XOM,56.24,57.93,54.46,56.45,5007672
2021-02-15,XOM,57.06,57.0,56.14,56.98,19265547
2021-02-16,XOM,56.84,56.82,55.75,56.57,2267738
2021-02-17,XOM,58.05,58.39,57.41,57.91,3500364
2021-02-18,XOM,58.68,60.92,57.04,58.72,6213098
2021-02-19,XOM,57.91,58.12,56.48,57.58,2394096
2021-02-22,XOM,54.49,55.43,53.58,54.99,4581000
2021-02-23,XOM,55.59,56.66,54.78,55.45,10838619
2021-02-24,XOM,55.86,57.38,55.35,56.21,9281570
2021-02-25,XOM,56.55,57.83,56.39,56.93,8886023
2021-02-26,XOM,58.05,57.99,56.87,57.95,3210503
2021-03-01,XOM,58.82,58.76,56.74,58.43,1758027
2021-03-02,XOM,58.99,59.62,59.04,59.54,7150113
2021-03-03,XOM,60.96,63.47,60.1,61.09,5817473
2021-03-04,XOM,64.19,65.12,63.58,64.17,5418532
2021-03-05,XOM,65.54,66.01,64.93,65.65,3668382
2021-03-08,XOM,66.11,67.16,65.66,66.0,19062243
2021-03-09,XOM,65.45,66.94,65.28,65.63,3062950
2021-03-10,XOM,65.0,64.95,63.26,64.83,14475053
2021-03-11,XOM,64.63,65.43,63.93,64.53,5731760
2021-03-12,XOM,64.7,65.31,64.77,65.1,16750026
2021-03-15,XOM,63.43,64.83,61.9,63.49,3512401
2021-03-16,XOM,64.0,63.94,63.13,63.65,9605922
2021-03-17,XOM,63.96,64.85,63.75,64.2,4535672
2021-03-18,XOM,65.14,66.2,63.2,64.71,13326840
2021-03-19,XOM,63.65,64.86,62.95,63.53,1111008
2021-03-22,XOM,63.88,65.76,63.58,63.76,5943054
2021-03-23,XOM,65.69,65.97,63.98,65.11,760626
2021-03-24,XOM,64.99,65.88,62.47,65.59,8990643
2021-03-25,XOM,65.49,65.62,62.43,65.23,9004762
2021-03-26,XOM,64.43,64.43,63.07,64.37,871048
2021-03-29,XOM,64.07,64.81,62.66,63.53,2697018
2021-03-30,XOM,62.22,63.4,61.3,62.69,6092362
2021-03-31,XOM,62.58,62.83,62.13,62.38,4904016
2021-04-01,XOM,63.25,64.05,62.24,63.33,3386616
2021-04-02,XOM,63.61,63.63,61.92,62.99,2327197
2021-04-05,XOM,62.87,62.8,62.51,62.67,5005341
2021-04-06,XOM,61.45,62.03,60.75,61.97,2471572
2021-04-07,XOM,62.5,62.55,61.88,62.0,1385325
2021-04-08,XOM,61.56,62.2,60.55,61.18,3147701
2021-04-09,XOM,61.84,62.56,60.8,61.95,2050049
2021-04-12,XOM,61.11,63.89,60.92,61.58,6458969
2021-04-13,XOM,60.33,60.88,60.2,60.32,3692391
2021-04-14,XOM,60.87,61.24,59.45,60.43,18029354
2021-04-15,XOM,61.86,62.8,61.88,61.91,1471139
2021-04-16,XOM,63.21,64.09,61.45,63.43,3566789
2021-04-19,XOM,64.3,64.27,60.95,63.43,4417079
2021-04-20,XOM,62.64,63.31,62.06,63.05,2297705
2021-04-21,XOM,64.51,65.3,62.82,64.86,21505391
2021-04-22,XOM,62.82,63.99,62.88,63.41,5894446
2021-04-23,XOM,64.49,65.16,63.15,64.52,3877887
2021-04-26,XOM,68.05,69.48,64.62,67.66,2763562
2021-04-27,XOM,65.7,66.1,64.98,65.63,12123273
2021-04-28,XOM,64.69,64.74,63.03,63.6,18698898
2021-04-29,XOM,65.65,65.75,65.22,65.36,3523898
2021-04-30,XOM,66.98,67.66,67.05,67.21,11931841
2021-05-03,XOM,66.29,67.05,65.43,66.2,8247285
2021-05-04,XOM,66.02,67.14,65.63,66.04,14144050
2021-05-05,XOM,65.05,65.78,63.29,65.77,3451264
2021-05-06,XOM,66.09,67.5,64.58,65.71,6075571
2021-05-07,XOM,65.29,66.97,63.03,64.47,8917475
2021-05-10,XOM,63.36,63.44,60.57,62.63,1806132
2021-05-11,XOM,60.3,62.16,60.17,60.46,8244198
2021-05-12,XOM,59.88,60.2,58.44,60.02,6031526
2021-05-13,XOM,60.36,60.75,59.88,60.71,4851559
2021-05-14,XOM,60.59,60.53,59.32,60.36,5677297
2021-05-17,XOM,62.53,64.04,62.18,62.4,4977126
2021-05-18,XOM,60.69,62.54,59.12,61.38,10936814
2021-05-19,XOM,62.02,62.85,62.02,62.17,2631574
2021-05-20,XOM,63.9,64.96,62.07,63.21,6011784
2021-05-21,XOM,63.53,64.92,61.81,63.68,2501098
2021-05-24,XOM,63.67,63.68,62.3,63.31,4040605
2021-05-25,XOM,63.22,64.08,61.05,62.96,7023561
2021-05-26,XOM,62.71,63.18,62.77,62.93,4695811
2021-05-27,XOM,63.82,64.71,62.35,63.54,9701595
2021-05-28,XOM,63.83,66.09,63.18,63.78,4386612
2021-05-31,XOM,63.76,63.7,63.0,63.08,11946764
2021-06-01,XOM,63.71,63.64,62.07,63.55,2038803
2021-06-02,XOM,64.03,65.27,62.45,63.65,2214649
2021-06-03,XOM,64.28,64.99,62.23,64.61,3019271
2021-06-04,XOM,62.11,62.7,60.79,62.61,3561490
2021-06-07,XOM,63.24,63.87,62.36,63.3,2344399
2021-06-08,XOM,62.8,63.97,61.8,62.69,5001983
2021-06-09,XOM,64.57,64.51,62.96,63.31,6698635
2021-06-10,XOM,64.83,66.25,62.88,64.93,10485868
2021-06-11,XOM,64.93,66.57,63.7,64.74,6750547
2021-06-14,XOM,64.87,64.81,63.57,63.67,7145781
2021-06-15,XOM,65.34,66.45,63.21,64.94,7778142
2021-06-16,XOM,68.49,69.24,66.67,68.24,1963876
2021-06-17,XOM,69.68,69.9,68.66,68.7,2652946
2021-06-18,XOM,68.1,68.82,68.05,68.58,1879979
2021-06-21,XOM,68.61,70.11,68.68,68.92,43834676
2021-06-22,XOM,69.83,74.13,69.9,70.92,4951747
2021-06-23,XOM,72.51,72.97,72.59,72.88,3597665
2021-06-24,XOM,71.2,72.45,68.28,71.69,6062475
2021-06-25,XOM,72.58,73.82,71.62,72.63,1318243
2021-06-28,XOM,73.44,73.36,72.58,73.33,7376990
2021-06-29,XOM,72.84,72.77,68.92,72.47,1723127
2021-06-30,XOM,72.6,73.43,72.5,72.64,11902643
2021-07-01,XOM,70.29,71.79,70.11,71.41,2087534
2021-07-02,XOM,71.93,72.37,71.55,71.67,8487600
2021-07-05,XOM,70.89,72.12,69.95,70.91,5882042
2021-07-06,XOM,70.48,71.03,69.12,70.29,2897105
2021-07-07,XOM,71.91,73.58,71.03,71.17,2054421
2021-07-08,XOM,70.33,70.34,69.35,70.07,27582986
2021-07-09,XOM,69.96,71.32,68.31,69.47,2268647
2021-07-12,XOM,70.27,71.45,69.4,70.29,6628319
2021-07-13,XOM,67.71,67.72,67.34,67.44,838007
2021-07-14,XOM,67.49,68.73,66.68,67.25,1501324
2021-07-15,XOM,68.33,68.94,66.34,68.38,15604409
2021-07-16,XOM,68.37,69.7,66.33,68.21,10504380
2021-07-19,XOM,66.53,69.13,65.61,67.13,9424677
2021-07-20,XOM,67.61,68.0,66.14,67.76,10504384
2021-07-21,XOM,64.88,65.76,64.23,65.03,14079267
2021-07-22,XOM,66.22,66.95,65.83,66.16,4753505
2021-07-23,XOM,67.67,68.38,66.51,67.67,2576203
2021-07-26,XOM,67.89,67.82,65.49,67.11,2063714
2021-07-27,XOM,67.76,67.99,66.97,67.67,4555962
2021-07-28,XOM,69.23,70.97,66.31,69.04,10565394
2021-07-29,XOM,68.79,68.8,67.48,68.62,9398640
2021-07-30,XOM,69.1,70.03,68.52,68.82,1417039
2021-08-02,XOM,69.43,69.36,68.95,68.96,4466465
2021-08-03,XOM,69.52,70.04,69.17,69.51,22547314
2021-08-04,XOM,69.14,70.21,68.63,69.42,2666778
2021-08-05,XOM,67.15,68.04,66.72,67.38,4829174
2021-08-06,XOM,65.51,66.5,65.57,65.6,7321025
2021-08-09,XOM,64.38,65.32,64.08,64.71,7173036
2021-08-10,XOM,64.92,67.99,64.93,65.01,2380758
2021-08-11,XOM,62.91,63.46,61.0,63.41,4754782
2021-08-12,XOM,66.04,67.95,64.18,65.76,12157074
2021-08-13,XOM,65.87,68.47,64.56,65.68,2489064
2021-08-16,XOM,64.12,66.39,62.99,64.2,5344133
2021-08-17,XOM,64.39,65.44,63.48,64.3,12407974
2021-08-18,XOM,65.75,67.05,63.59,65.23,2354983
2021-08-19,XOM,63.47,64.1,62.71,63.38,10464330
2021-08-20,XOM,61.82,62.92,61.21,61.84,3561637
2021-08-23,XOM,63.77,64.29,63.26,63.29,12090914
2021-08-24,XOM,62.92,63.99,61.75,62.55,1743510
2021-08-25,XOM,63.41,64.29,63.32,63.42,2155186
2021-08-26,XOM,61.18,62.25,60.36,61.45,6476738
2021-08-27,XOM,62.37,62.83,60.43,61.9,4035288
2021-08-30,XOM,60.49,61.75,60.55,60.65,3742134
2021-08-31,XOM,58.58,59.58,58.64,58.84,5118387
2021-09-01,XOM,59.54,59.48,58.63,59.32,7142363
2021-09-02,XOM,59.31,61.46,59.01,59.87,7731320
2021-09-03,XOM,60.33,61.14,59.89,60.77,9540328
2021-09-06,XOM,62.15,62.09,61.2,61.79,4042172
2021-09-07,XOM,61.99,61.93,58.69,61.4,8071535
2021-09-08,XOM,62.01,61.94,60.83,61.64,18161368
2021-09-09,XOM,59.64,60.37,58.49,59.89,2870102
2021-09-10,XOM,59.79,60.32,59.43,59.6,2657667
2021-09-13,XOM,60.85,61.32,60.24,61.17,898988
2021-09-14,XOM,60.67,62.47,59.6,60.42,8332437
2021-09-15,XOM,59.6,60.57,59.27,60.13,2739694
2021-09-16,XOM,60.81,61.22,59.82,60.38,3868333
2021-09-17,XOM,59.95,60.97,59.45,59.98,1103163
2021-09-20,XOM,58.24,58.34,55.75,58.08,15218339
2021-09-21,XOM,57.68,60.07,57.73,58.24,1496262
2021-09-22,XOM,58.99,60.04,59.0,59.08,7661779
2021-09-23,XOM,58.4,59.0,57.24,57.92,5366337
2021-09-24,XOM,59.21,60.8,57.94,59.28,27020803
2021-09-27,XOM,60.43,60.58,59.98,60.4,5156666
2021-09-28,XOM,58.94,59.54,58.61,58.91,3371554
2021-09-29,XOM,60.51,62.07,59.7,61.11,1695322
2021-09-30,XOM,59.92,62.21,58.67,60.09,8577634
2021-10-01,XOM,60.0,61.49,58.71,60.21,3331259
2021-10-04,XOM,62.6,64.5,62.4,63.03,16529926
2021-10-05,XOM,61.93,62.09,60.91,61.3,7315285
2021-10-06,XOM,62.29,63.1,59.28,62.59,8311083
2021-10-07,XOM,61.26,62.85,60.7,61.45,6252271
2021-10-08,XOM,60.11,60.58,59.71,60.1,5063091
2021-10-11,XOM,59.72,61.16,59.78,60.06,3446556
2021-10-12,XOM,60.31,60.69,59.53,59.84,7931964
2021-10-13,XOM,59.78,60.42,59.84,60.11,6867667
2021-10-14,XOM,60.56,62.05,59.25,61.08,3722438
2021-10-15,XOM,62.64,64.78,61.89,62.27,2867143
2021-10-18,XOM,62.73,63.19,61.95,62.48,4874660
2021-10-19,XOM,63.18,63.12,61.92,62.59,10218059
2021-10-20,XOM,63.16,64.19,61.1,62.49,8962954
2021-10-21,XOM,62.33,62.32,61.18,62.18,4279232
2021-10-22,XOM,62.18,63.81,62.05,62.54,5219452
2021-10-25,XOM,61.84,64.13,61.83,62.28,3443594
2021-10-26,XOM,64.21,65.67,63.84,64.35,16686621
2021-10-27,XOM,63.81,64.15,63.45,63.77,12327048
2021-10-28,XOM,63.4,64.4,62.88,63.73,723793
2021-10-29,XOM,63.48,64.21,62.99,63.22,5777851
2021-11-01,XOM,63.64,63.77,62.12,62.92,3482246
2021-11-02,XOM,63.81,64.0,62.87,63.81,7953719
2021-11-03,XOM,66.67,68.39,66.74,67.27,4720805
2021-11-04,XOM,66.36,66.55,65.7,66.47,9510621
2021-11-05,XOM,65.29,66.21,63.59,65.06,8735041
2021-11-08,XOM,66.36,66.71,64.82,65.8,12921685
2021-11-09,XOM,65.88,67.32,65.95,66.44,21080283
2021-11-10,XOM,67.69,69.31,66.73,68.18,3719107
2021-11-11,XOM,68.83,68.76,66.99,68.61,3350784
2021-11-12,XOM,67.72,68.44,66.84,68.01,577351
2021-11-15,XOM,67.28,67.86,65.85,66.99,15764731
2021-11-16,XOM,64.27,66.64,63.0,65.27,17174713
2021-11-17,XOM,67.85,68.92,67.38,68.21,5393022
2021-11-18,XOM,68.15,69.77,66.85,68.15,1399412
2021-11-19,XOM,67.34,68.65,66.61,67.72,13196649
2021-11-22,XOM,67.81,67.74,66.04,67.66,3684077
2021-11-23,XOM,66.87,67.19,66.76,67.07,5659664
2021-11-24,XOM,66.51,66.44,65.77,66.25,1601573
2021-11-25,XOM,64.7,65.45,64.76,64.88,4036409
2021-11-26,XOM,65.17,66.49,64.86,65.52,4152822
2021-11-29,XOM,65.57,65.75,65.36,65.65,3522739
2021-11-30,XOM,63.88,64.66,62.17,63.84,5338242
2021-12-01,XOM,62.12,63.91,62.19,62.77,2301839
2021-12-02,XOM,63.12,63.83,61.05,62.56,15135360
2021-12-03,XOM,62.96,64.01,61.71,62.86,12823898
2021-12-06,XOM,61.67,62.96,61.33,61.94,7743750
2021-12-07,XOM,61.62,62.8,61.29,61.56,4958335
2021-12-08,XOM,60.91,62.3,59.7,61.14,5398961
2021-12-09,XOM,62.9,63.21,61.49,62.55,4479162
2021-12-10,XOM,61.93,63.08,61.41,61.89,3867091
2021-12-13,XOM,63.53,64.71,62.87,63.37,7189809
2021-12-14,XOM,63.4,63.84,63.19,63.55,9398446
2021-12-15,XOM,62.13,63.17,62.18,62.28,2499159
2021-12-16,XOM,62.67,63.02,62.73,62.84,1518722
2021-12-17,XOM,59.82,60.46,59.22,60.25,2281024
2021-12-20,XOM,58.02,59.07,56.58,58.5,12557619
2021-12-21,XOM,59.35,59.8,58.09,58.9,6593336
2021-12-22,XOM,58.01,58.74,57.07,57.92,7274814
2021-12-23,XOM,61.28,62.81,61.06,61.28,13618574
2021-12-24,XOM,62.5,63.5,62.33,62.48,3814855
2021-12-27,XOM,62.57,64.45,59.56,62.8,7135767
2021-12-28,XOM,62.86,63.57,62.08,63.17,10174900
2021-12-29,XOM,62.66,62.72,61.6,62.33,6619790
2021-12-30,XOM,64.21,64.75,63.65,64.0,3165896
2021-12-31,XOM,63.81,65.65,62.87,64.18,2727952
2022-01-03,XOM,65.14,68.25,63.0,65.71,3559381
2022-01-04,XOM,67.29,68.05,66.5,67.46,7050628
2022-01-05,XOM,70.35,70.28,69.74,69.94,5632240
2022-01-06,XOM,71.06,72.12,69.82,71.27,2503121
2022-01-07,XOM,73.96,76.65,74.03,74.22,5966526
2022-01-10,XOM,77.37,77.53,75.77,76.64,7249563
2022-01-11,XOM,75.16,75.08,73.55,74.95,4904797
2022-01-12,XOM,76.07,75.99,72.8,75.18,4724215
2022-01-13,XOM,77.85,78.32,77.93,77.97,4170562
2022-01-14,XOM,81.08,81.26,79.78,80.81,2606917
2022-01-17,XOM,80.48,81.05,80.56,80.84,2494979
2022-01-18,XOM,81.5,83.74,79.81,81.08,15792546
2022-01-19,XOM,83.14,85.32,82.18,82.96,7435128
2022-01-20,XOM,84.61,85.17,82.7,83.88,3264911
2022-01-21,XOM,82.37,83.61,80.73,81.89,4553241
2022-01-24,XOM,80.45,81.44,79.34,81.21,22286414
2022-01-25,XOM,80.79,83.21,79.79,81.26,10166744
2022-01-26,XOM,81.46,81.97,80.09,81.16,17752172
2022-01-27,XOM,81.85,83.8,77.79,81.14,4935081
2022-01-28,XOM,81.16,82.51,79.89,81.47,2280039
2022-01-31,XOM,82.04,82.17,79.77,81.85,5117206
2022-02-01,XOM,80.4,83.66,79.35,81.15,16367403
2022-02-02,XOM,81.31,84.97,80.78,81.59,4101025
2022-02-03,XOM,79.64,80.55,78.26,79.38,10609717
2022-02-04,XOM,80.36,83.58,80.44,80.6,2851496
2022-02-07,XOM,80.7,83.67,79.89,80.43,44347269
2022-02-08,XOM,79.16,79.88,77.85,79.28,5364430
2022-02-09,XOM,79.64,80.43,77.82,79.51,1048799
2022-02-10,XOM,80.9,81.33,78.78,81.08,7592125
2022-02-11,XOM,81.91,82.7,81.92,81.95,4251264
2022-02-14,XOM,80.41,81.53,79.95,81.46,7706709
2022-02-15,XOM,82.78,83.54,81.69,82.3,1225633
2022-02-16,XOM,81.56,82.52,81.12,81.37,16855284
2022-02-17,XOM,83.66,83.76,82.62,83.12,33567013
2022-02-18,XOM,82.75,84.33,82.64,83.06,3499401
2022-02-21,XOM,81.95,84.0,81.0,82.1,27030512
2022-02-22,XOM,84.4,85.11,80.51,83.96,4614469
2022-02-23,XOM,84.34,85.07,82.68,84.98,4919240
2022-02-24,XOM,82.98,84.22,81.65,83.82,2931149
2022-02-25,XOM,86.75,88.69,85.2,86.87,11103032
2022-02-28,XOM,86.95,86.86,85.39,86.79,9764813
2022-03-01,XOM,86.22,86.13,83.43,85.83,11413357
2022-03-02,XOM,84.52,86.24,82.12,85.61,1691361
2022-03-03,XOM,84.63,87.58,83.99,85.07,10642961
2022-03-04,XOM,87.01,88.51,86.95,87.0,803233
2022-03-07,XOM,85.1,85.02,83.55,84.82,10838662
2022-03-08,XOM,85.0,87.61,82.85,84.92,5313050
2022-03-09,XOM,85.15,85.8,82.43,85.71,3042045
2022-03-10,XOM,89.24,91.78,86.66,88.67,3075372
2022-03-11,XOM,92.59,92.5,92.07,92.26,30665906
2022-03-14,XOM,94.31,94.22,91.6,93.83,3997760
2022-03-15,XOM,94.35,95.31,93.87,94.18,8496613
2022-03-16,XOM,94.88,95.97,93.23,95.34,12888432
2022-03-17,XOM,93.15,93.42,90.39,93.04,8150185
2022-03-18,XOM,94.35,97.7,94.44,94.76,11201368
2022-03-21,XOM,92.08,94.43,92.02,93.57,4397394
2022-03-22,XOM,93.79,94.65,90.86,94.0,2745400
2022-03-23,XOM,94.94,96.66,94.84,95.21,3518331
2022-03-24,XOM,95.55,97.89,92.56,95.81,5862472
2022-03-25,XOM,95.5,95.4,92.93,95.22,3239451
2022-03-28,XOM,93.82,93.73,92.89,93.54,4069669
2022-03-29,XOM,92.98,93.66,89.25,93.18,1180288
2022-03-30,XOM,89.49,91.09,87.57,88.7,5329964
2022-03-31,XOM,87.32,88.98,84.84,87.02,3149582
2022-04-01,XOM,86.82,89.29,86.91,87.07,4198573
2022-04-04,XOM,85.78,85.93,85.28,85.34,1728681
2022-04-05,XOM,85.15,86.01,82.56,85.21,1220374
2022-04-06,XOM,82.79,86.87,82.87,83.28,9000428
2022-04-07,XOM,81.48,81.4,81.07,81.17,1866710
2022-04-08,XOM,81.54,82.02,81.62,81.82,5135692
2022-04-11,XOM,83.35,83.27,82.97,83.09,2443219
2022-04-12,XOM,79.58,80.49,79.66,79.69,13132582
2022-04-13,XOM,79.56,83.36,77.74,80.27,1474510
2022-04-14,XOM,76.21,78.33,74.96,76.98,9887001
2022-04-15,XOM,75.27,77.14,75.35,75.63,2854407
2022-04-18,XOM,74.93,75.98,73.27,74.93,16410022
2022-04-19,XOM,74.39,76.27,74.47,75.23,4844447
2022-04-20,XOM,72.49,73.83,70.18,72.46,6831640
2022-04-21,XOM,73.55,75.14,73.4,74.3,9266896
2022-04-22,XOM,77.56,77.49,76.11,77.13,4459891
2022-04-25,XOM,77.74,78.51,77.7,77.91,6017652
2022-04-26,XOM,78.04,79.23,77.04,78.03,1537705
2022-04-27,XOM,77.37,77.83,75.25,76.61,7344514
2022-04-28,XOM,77.46,78.46,76.88,76.94,1082771
2022-04-29,XOM,74.89,75.69,74.9,75.5,11302670
2022-05-02,XOM,74.76,74.95,74.83,74.89,9574923
2022-05-03,XOM,77.6,78.15,74.38,76.66,17837778
2022-05-04,XOM,75.88,76.28,75.07,75.86,5187287
2022-05-05,XOM,74.93,77.55,75.0,75.37,5702339
2022-05-06,XOM,71.7,76.28,71.08,72.19,17279650
2022-05-09,XOM,74.43,74.9,73.43,73.71,2750258
2022-05-10,XOM,73.51,74.88,73.05,73.89,7222946
2022-05-11,XOM,72.8,72.72,72.5,72.67,3313963
2022-05-12,XOM,73.86,75.22,73.7,74.08,1514880
2022-05-13,XOM,72.83,74.64,72.21,73.04,7630569
2022-05-16,XOM,74.28,74.21,72.96,73.98,7776683
2022-05-17,XOM,76.97,77.7,76.16,76.89,2293478
2022-05-18,XOM,75.44,75.36,75.15,75.16,3609211
2022-05-19,XOM,77.75,78.94,77.0,77.55,2639955
2022-05-20,XOM,78.35,80.45,78.43,78.48,8513416
2022-05-23,XOM,76.83,77.31,76.9,77.13,5621385
2022-05-24,XOM,78.43,78.35,76.02,78.3,3125703
2022-05-25,XOM,79.58,81.42,77.48,79.31,4772283
2022-05-26,XOM,79.5,80.64,79.58,79.79,4431667
2022-05-27,XOM,80.94,81.7,78.77,81.05,11355665
2022-05-30,XOM,80.47,80.56,79.18,80.25,5350700
2022-05-31,XOM,83.51,83.42,82.94,83.19,4638162
2022-06-01,XOM,83.19,85.5,82.43,83.51,7296616
2022-06-02,XOM,82.96,84.24,82.13,82.61,7262562
2022-06-03,XOM,84.73,85.5,83.52,85.29,3048988
2022-06-06,XOM,87.14,87.19,86.2,86.88,4493305
2022-06-07,XOM,83.32,85.56,82.69,83.42,6880468
2022-06-08,XOM,84.84,86.1,84.93,85.14,6501310
2022-06-09,XOM,83.23,85.3,81.51,83.44,5410217
2022-06-10,XOM,81.57,82.72,81.44,81.97,3940017
2022-06-13,XOM,83.42,84.45,79.4,82.79,934815
2022-06-14,XOM,84.16,85.38,84.25,84.3,512732
2022-06-15,XOM,84.18,85.91,81.83,83.45,5063037
2022-06-16,XOM,85.56,88.01,81.77,86.22,23492213
2022-06-17,XOM,87.07,87.32,85.24,87.09,7345925
2022-06-20,XOM,86.72,87.21,85.88,86.11,6397412
2022-06-21,XOM,85.17,85.64,83.9,85.31,1485882
2022-06-22,XOM,83.04,85.36,82.54,83.76,1628002
2022-06-23,XOM,83.41,84.13,83.26,83.85,35389200
2022-06-24,XOM,84.2,84.4,81.77,84.25,1425774
2022-06-27,XOM,83.3,85.48,83.38,83.41,2910741
2022-06-28,XOM,80.48,81.31,78.46,80.89,7982254
2022-06-29,XOM,79.39,80.25,77.18,79.13,13626618
2022-06-30,XOM,78.49,80.99,78.56,78.69,14484644
2022-07-01,XOM,77.58,78.58,77.23,78.31,9646224
2022-07-04,XOM,76.19,78.35,74.32,76.75,2806026
2022-07-05,XOM,75.94,76.96,75.26,75.94,8400095
2022-07-06,XOM,78.64,78.56,77.59,78.03,5603671
2022-07-07,XOM,75.63,76.95,75.71,75.97,1911818
2022-07-08,XOM,75.67,77.4,72.06,75.5,2246608
2022-07-11,XOM,74.39,76.28,73.78,75.12,2961970
2022-07-12,XOM,77.89,80.96,76.52,77.6,2605902
2022-07-13,XOM,76.39,78.37,76.21,76.26,5909145
2022-07-14,XOM,76.83,76.75,73.6,75.46,6706430
2022-07-15,XOM,78.47,79.2,76.92,78.1,7931391
2022-07-18,XOM,77.32,77.75,76.89,77.3,3650813
2022-07-19,XOM,74.58,75.83,74.29,74.84,14162179
2022-07-20,XOM,73.13,73.47,72.5,73.37,2944171
2022-07-21,XOM,75.06,76.65,75.13,75.31,4418579
2022-07-22,XOM,75.35,76.58,75.43,75.43,6088556
2022-07-25,XOM,77.91,79.63,75.99,77.9,3488574
2022-07-26,XOM,82.21,82.77,80.16,81.76,1715220
2022-07-27,XOM,83.48,86.15,82.42,84.06,7560017
2022-07-28,XOM,85.75,88.48,85.55,86.85,5099967
2022-07-29,XOM,88.63,90.25,88.2,88.37,746011
2022-08-01,XOM,90.71,91.88,88.81,91.38,2509439
2022-08-02,XOM,89.92,91.02,90.01,90.43,3066789
2022-08-03,XOM,88.41,90.51,87.31,89.01,1255068
2022-08-04,XOM,88.39,89.63,84.68,89.13,2074908
2022-08-05,XOM,90.0,90.83,87.4,89.59,3771763
2022-08-08,XOM,89.09,90.94,85.45,89.03,11404011
2022-08-09,XOM,88.95,91.42,85.93,88.7,3006283
2022-08-10,XOM,86.2,86.91,85.75,85.84,3143754
2022-08-11,XOM,83.75,83.67,82.48,83.25,3117779
2022-08-12,XOM,82.24,83.05,80.45,81.59,2743203
2022-08-15,XOM,78.96,81.73,79.04,79.08,2136461
2022-08-16,XOM,79.75,85.14,79.06,79.74,3247712
2022-08-17,XOM,82.22,86.59,81.51,82.48,4637439
2022-08-18,XOM,82.69,84.93,82.02,83.53,6774745
2022-08-19,XOM,82.44,85.99,82.33,83.39,10518979
2022-08-22,XOM,84.26,84.37,82.35,84.08,3114715
2022-08-23,XOM,84.76,86.82,83.36,85.21,5097384
2022-08-24,XOM,82.82,82.73,81.77,82.57,15500769
2022-08-25,XOM,82.07,82.95,79.9,81.99,5780854
2022-08-26,XOM,81.94,82.44,79.9,81.64,1164877
2022-08-29,XOM,83.88,85.03,83.96,84.24,3741497
2022-08-30,XOM,83.44,84.44,82.02,83.01,2964509
2022-08-31,XOM,83.1,83.98,82.26,82.54,8685332
2022-09-01,XOM,80.11,82.28,78.61,80.06,10514655
2022-09-02,XOM,79.08,81.56,79.16,79.54,5489122
2022-09-05,XOM,78.66,80.73,77.76,78.65,5676088
2022-09-06,XOM,80.76,80.68,79.57,80.17,37487537
2022-09-07,XOM,79.41,82.06,79.15,80.22,2232822
2022-09-08,XOM,77.69,81.26,77.77,79.36,4711656
2022-09-09,XOM,79.34,79.96,79.11,79.33,3748019
2022-09-12,XOM,79.42,80.03,78.85,79.77,15043987
2022-09-13,XOM,78.61,79.65,76.48,78.19,10532372
2022-09-14,XOM,77.58,79.26,76.57,76.7,2343415
2022-09-15,XOM,75.75,77.73,74.99,76.6,4333279
2022-09-16,XOM,76.77,77.08,75.59,76.58,9948155
2022-09-19,XOM,77.5,79.71,77.08,77.28,2484620
2022-09-20,XOM,76.67,77.01,75.46,75.98,4796189
2022-09-21,XOM,74.75,75.26,74.39,75.1,2482909
2022-09-22,XOM,78.09,79.33,74.7,77.46,27502718
2022-09-23,XOM,78.48,80.96,78.07,78.86,7406066
2022-09-26,XOM,82.09,82.01,79.79,81.68,19125638
2022-09-27,XOM,82.1,84.01,81.18,82.3,1636914
2022-09-28,XOM,82.98,83.14,77.33,82.48,9452854
2022-09-29,XOM,80.75,83.1,78.07,80.03,18319511
2022-09-30,XOM,79.61,83.23,77.37,80.09,3805580
2022-10-03,XOM,78.74,80.78,78.05,79.75,1970334
2022-10-04,XOM,80.46,82.5,78.17,80.75,2380792
2022-10-05,XOM,82.69,83.33,80.97,81.83,1409371
2022-10-06,XOM,83.24,83.68,82.31,83.45,1900435
2022-10-07,XOM,84.03,83.95,83.09,83.4,3953348
2022-10-10,XOM,81.44,82.38,78.08,81.42,10763531
2022-10-11,XOM,80.24,81.33,80.26,80.31,1248881
2022-10-12,XOM,81.4,81.32,79.88,81.21,5439362
2022-10-13,XOM,83.16,83.86,80.87,83.36,939500
2022-10-14,XOM,84.54,85.06,80.87,83.72,4579701
2022-10-17,XOM,84.4,86.09,84.14,84.95,26694629
2022-10-18,XOM,82.51,83.92,81.23,82.82,1990256
2022-10-19,XOM,85.59,85.51,82.82,85.3,8875290
2022-10-20,XOM,87.22,90.75,85.51,86.54,3731806
2022-10-21,XOM,85.2,87.78,83.68,84.59,2621567
2022-10-24,XOM,83.53,83.44,81.62,82.94,11921331
2022-10-25,XOM,82.95,85.28,81.97,83.96,20650555
2022-10-26,XOM,83.96,85.24,81.89,83.38,12188223
2022-10-27,XOM,82.83,83.55,82.21,82.45,3998442
2022-10-28,XOM,83.25,83.17,81.93,82.56,3835436
2022-10-31,XOM,83.87,84.91,80.05,83.19,4090441
2022-11-01,XOM,80.39,81.08,79.54,80.61,2048911
2022-11-02,XOM,79.86,80.73,79.07,79.46,3275405
2022-11-03,XOM,77.94,79.12,76.31,77.62,2505912
2022-11-04,XOM,77.18,77.72,75.79,76.43,901938
2022-11-07,XOM,76.05,77.02,74.86,75.91,928982
2022-11-08,XOM,77.21,78.88,75.98,77.08,810007
2022-11-09,XOM,78.02,78.65,77.51,77.61,1784361
2022-11-10,XOM,78.32,79.34,77.13,78.63,10986756
2022-11-11,XOM,80.32,81.28,79.31,80.01,4253328
2022-11-14,XOM,82.02,85.86,82.1,82.44,1285316
2022-11-15,XOM,84.16,84.08,81.87,84.07,14491732
2022-11-16,XOM,83.31,85.03,82.13,83.49,5355960
2022-11-17,XOM,83.76,84.47,81.93,83.13,2093535
2022-11-18,XOM,80.6,81.95,80.68,81.62,15112095
2022-11-21,XOM,80.8,82.9,80.16,80.65,5911259
2022-11-22,XOM,80.85,81.58,80.19,80.82,4229256
2022-11-23,XOM,79.13,81.26,76.82,79.75,4200944
2022-11-24,XOM,81.77,83.57,80.33,81.31,2751850
2022-11-25,XOM,83.23,83.82,81.01,83.32,16592708
2022-11-28,XOM,81.89,83.36,80.58,82.54,22199352
2022-11-29,XOM,81.65,82.83,81.73,82.27,2697149
2022-11-30,XOM,81.76,83.1,80.65,82.01,9214584
2022-12-01,XOM,83.62,85.12,83.7,83.84,20100967
2022-12-02,XOM,83.16,85.7,82.12,82.91,7690015
2022-12-05,XOM,84.05,84.66,82.89,83.41,3400477
2022-12-06,XOM,85.92,85.84,82.85,84.85,7342762
2022-12-07,XOM,84.89,85.37,83.75,85.01,7130499
2022-12-08,XOM,85.08,85.54,83.63,84.98,4375430
2022-12-09,XOM,86.15,86.07,85.16,85.74,3973776
2022-12-12,XOM,84.35,85.1,82.72,83.8,11496020
2022-12-13,XOM,80.96,80.87,80.48,80.83,2939929
2022-12-14,XOM,79.43,81.26,76.71,79.35,7465132
2022-12-15,XOM,79.76,82.57,79.04,79.47,10534544
2022-12-16,XOM,79.26,81.32,77.35,79.43,1353831
2022-12-19,XOM,77.82,78.63,76.96,77.89,5564979
2022-12-20,XOM,79.21,80.58,77.64,79.08,6924570
2022-12-21,XOM,80.86,81.24,80.95,81.06,9719388
2022-12-22,XOM,82.86,85.55,81.89,82.75,1993794
2022-12-23,XOM,80.19,80.97,78.78,80.12,16940475
2022-12-26,XOM,78.41,80.47,78.48,79.32,2803030
2022-12-27,XOM,81.58,84.42,79.95,80.83,10986883
2022-12-28,XOM,79.15,79.08,75.99,78.58,5220320
2022-12-29,XOM,78.42,78.34,75.3,78.29,2339446
2022-12-30,XOM,77.29,78.12,77.28,77.81,15052881
2023-01-02,XOM,76.0,78.03,75.05,76.58,3443131
2023-01-03,XOM,77.59,79.41,77.14,77.8,12968937
2023-01-04,XOM,76.91,77.34,75.87,77.01,6893226
2023-01-05,XOM,77.9,77.82,76.49,77.76,2747664
2023-01-06,XOM,77.01,77.01,76.52,76.7,11032813
2023-01-09,XOM,76.35,77.15,74.28,76.96,5148870
2023-01-10,XOM,77.49,80.4,76.56,77.52,12866644
2023-01-11,XOM,78.84,78.76,77.76,78.37,4803823
2023-01-12,XOM,77.32,78.85,76.58,76.62,4694585
2023-01-13,XOM,75.77,75.96,74.57,75.48,5429035
2023-01-16,XOM,76.53,76.64,75.55,75.86,8153469
2023-01-17,XOM,75.62,78.04,74.33,76.25,13908015
2023-01-18,XOM,75.42,76.94,74.68,74.69,7128157
2023-01-19,XOM,73.19,73.11,72.15,72.85,8675751
2023-01-20,XOM,72.3,74.53,71.43,72.89,1700036
2023-01-23,XOM,71.73,71.95,70.25,71.64,10904077
2023-01-24,XOM,72.03,74.76,71.38,72.85,3010164
2023-01-25,XOM,74.03,76.25,69.22,74.72,24859959
2023-01-26,XOM,73.58,73.74,72.66,73.03,4803841
2023-01-27,XOM,74.05,75.68,73.07,74.49,3770582
2023-01-30,XOM,77.1,78.1,77.18,77.32,2563012
2023-01-31,XOM,79.64,81.39,77.92,79.07,2011187
2023-02-01,XOM,77.44,78.76,77.04,78.65,3016077
2023-02-02,XOM,81.1,81.28,79.28,80.58,9460498
2023-02-03,XOM,80.58,80.97,80.36,80.51,21253723
2023-02-06,XOM,80.06,79.98,78.58,79.91,1690739
2023-02-07,XOM,78.89,79.34,78.75,78.76,10036517
2023-02-08,XOM,78.66,79.42,78.56,78.93,3819406
2023-02-09,XOM,81.45,81.84,80.79,80.99,6674313
2023-02-10,XOM,80.73,82.09,79.53,80.62,4484579
2023-02-13,XOM,81.94,83.37,80.79,81.92,8642932
2023-02-14,XOM,81.45,82.11,80.44,81.88,4455465
2023-02-15,XOM,80.71,83.98,80.73,81.19,3653125
2023-02-16,XOM,84.24,84.94,82.97,83.17,21541381
2023-02-17,XOM,80.5,81.97,80.13,80.55,4237870
2023-02-20,XOM,79.63,80.56,79.39,79.76,5091598
2023-02-21,XOM,78.79,79.99,76.27,77.74,3259629
2023-02-22,XOM,75.71,76.97,75.61,75.89,2637085
2023-02-23,XOM,73.36,73.76,73.24,73.35,973645
2023-02-24,XOM,75.89,75.97,75.29,75.47,1748640
2023-02-27,XOM,74.94,75.44,74.43,75.05,2687577
2023-02-28,XOM,73.21,73.13,71.74,72.54,11423642
2023-03-01,XOM,75.15,75.31,72.03,74.65,7544305
2023-03-02,XOM,76.71,76.63,75.1,76.04,5363246
2023-03-03,XOM,76.5,77.37,75.22,76.49,22993437
2023-03-06,XOM,74.5,76.52,74.23,75.95,2687712
2023-03-07,XOM,77.07,77.67,76.02,76.37,4095845
2023-03-08,XOM,77.27,77.62,75.75,76.32,4576852
2023-03-09,XOM,73.01,74.53,73.09,73.85,5694902
2023-03-10,XOM,72.1,75.05,72.17,73.3,8405006
2023-03-13,XOM,73.23,73.16,70.91,72.46,13454841
2023-03-14,XOM,72.25,74.14,72.33,72.37,3175046
2023-03-15,XOM,72.92,77.04,73.0,73.67,4801924
2023-03-16,XOM,75.06,77.74,73.56,74.58,8533634
2023-03-17,XOM,73.52,74.37,73.59,73.83,3170301
2023-03-20,XOM,71.74,74.38,71.81,72.22,1755717
2023-03-21,XOM,70.45,70.9,70.34,70.82,1209062
2023-03-22,XOM,71.86,74.48,69.96,71.97,11151360
2023-03-23,XOM,71.33,73.57,71.4,71.47,9148681
2023-03-24,XOM,71.14,71.8,68.41,70.8,6361322
2023-03-27,XOM,72.32,72.25,69.83,72.03,4178990
2023-03-28,XOM,72.49,74.94,71.01,72.55,1223884
2023-03-29,XOM,72.54,74.73,70.91,71.88,6488424
2023-03-30,XOM,77.03,76.95,75.68,76.53,4186152
2023-03-31,XOM,78.27,79.12,77.79,78.03,14435363
2023-04-03,XOM,78.26,78.47,78.34,78.42,6522379
2023-04-04,XOM,79.44,80.27,78.87,79.84,1847200
2023-04-05,XOM,82.4,82.79,80.36,81.87,2952883
2023-04-06,XOM,82.78,83.32,81.33,81.62,2603631
2023-04-07,XOM,80.45,80.6,78.21,79.76,11415684
2023-04-10,XOM,81.85,82.39,80.67,81.91,3941479
2023-04-11,XOM,82.95,84.87,82.45,83.53,3428229
2023-04-12,XOM,84.54,85.72,81.55,85.11,6970629
2023-04-13,XOM,85.55,88.41,84.16,86.72,7347965
2023-04-14,XOM,86.76,88.94,86.77,87.18,3078802
2023-04-17,XOM,87.25,87.82,83.92,87.1,2011270
2023-04-18,XOM,85.24,85.78,83.99,84.73,4785067
2023-04-19,XOM,83.55,86.22,82.04,83.77,4637728
2023-04-20,XOM,83.62,84.92,82.18,83.91,5838461
2023-04-21,XOM,85.82,85.93,84.25,85.55,16140187
2023-04-24,XOM,85.37,89.25,83.73,85.48,2756095
2023-04-25,XOM,85.52,87.79,82.77,86.56,2158538
2023-04-26,XOM,87.05,89.11,85.56,87.03,6705190
2023-04-27,XOM,88.94,89.04,86.99,89.01,21434881
2023-04-28,XOM,89.67,89.88,87.97,88.94,2522639
2023-05-01,XOM,89.16,89.91,89.25,89.45,5512272
2023-05-02,XOM,88.2,88.49,87.33,88.47,3838087
2023-05-03,XOM,88.74,89.98,87.82,88.59,3547925
2023-05-04,XOM,89.07,90.59,85.69,89.44,5073841
2023-05-05,XOM,86.89,88.48,86.18,87.12,3101617
2023-05-08,XOM,86.11,87.15,84.53,85.96,1342520
2023-05-09,XOM,86.52,87.84,85.35,85.74,1882629
2023-05-10,XOM,89.96,92.06,90.05,90.22,10655083
2023-05-11,XOM,90.18,90.84,89.38,90.44,13014104
2023-05-12,XOM,90.2,90.69,87.36,90.39,4428457
2023-05-15,XOM,87.69,89.18,87.78,88.82,7434998
2023-05-16,XOM,88.31,88.34,87.21,87.88,2604873
2023-05-17,XOM,88.88,89.16,88.0,88.55,4899349
2023-05-18,XOM,90.35,91.36,89.99,90.74,3742620
2023-05-19,XOM,89.76,91.57,88.98,89.28,813358
2023-05-22,XOM,92.23,93.29,91.7,92.49,6365871
2023-05-23,XOM,89.55,90.93,85.97,89.31,2304390
2023-05-24,XOM,89.83,91.86,89.92,89.97,5797228
2023-05-25,XOM,92.89,95.99,90.42,92.98,11165151
2023-05-26,XOM,93.96,96.01,93.56,94.99,3234846
2023-05-29,XOM,93.78,95.26,91.76,93.41,13043304
2023-05-30,XOM,94.23,97.52,93.31,95.05,5245059
2023-05-31,XOM,94.85,95.78,93.79,95.21,11467465
2023-06-01,XOM,97.65,98.21,96.15,97.24,6655127
2023-06-02,XOM,94.97,100.83,94.75,96.32,7577759
2023-06-05,XOM,98.09,100.16,93.83,98.0,18441629
2023-06-06,XOM,99.96,101.36,98.4,99.3,2308744
2023-06-07,XOM,97.66,100.46,96.88,97.76,5124586
2023-06-08,XOM,99.92,100.91,100.02,100.11,6732178
2023-06-09,XOM,102.03,102.21,101.14,101.5,7575187
2023-06-12,XOM,101.54,101.68,99.67,101.52,15176630
2023-06-13,XOM,101.85,105.42,101.32,102.64,4792861
2023-06-14,XOM,105.22,105.12,102.37,104.84,8458646
2023-06-15,XOM,104.44,106.31,103.34,104.26,2384608
2023-06-16,XOM,106.14,107.51,101.01,106.01,8428758
2023-06-19,XOM,112.02,114.4,112.14,112.85,4367317
2023-06-20,XOM,112.45,112.34,111.71,111.72,5897800
2023-06-21,XOM,110.65,111.05,109.57,110.84,3600041
2023-06-22,XOM,107.87,110.46,104.63,107.66,3410340
2023-06-23,XOM,103.88,104.43,101.0,104.05,6199350
2023-06-26,XOM,104.56,105.63,104.67,104.69,23852375
2023-06-27,XOM,104.99,104.89,103.86,104.63,2557846
2023-06-28,XOM,106.85,107.6,106.15,107.13,2736707
2023-06-29,XOM,106.96,109.0,106.78,107.33,8533022
2023-06-30,XOM,106.71,107.08,104.57,106.21,3416930
2023-07-03,XOM,108.66,108.55,104.93,107.15,2215493
2023-07-04,XOM,103.85,107.71,103.96,104.69,3083693
2023-07-05,XOM,105.77,106.83,103.87,106.02,2848507
2023-07-06,XOM,103.92,109.47,103.46,104.54,12441563
2023-07-07,XOM,105.04,107.1,103.64,105.98,2249878
2023-07-10,XOM,106.38,108.06,104.46,104.71,1853262
2023-07-11,XOM,105.47,107.27,105.37,105.44,3551797
2023-07-12,XOM,108.12,108.86,106.48,107.58,1446043
2023-07-13,XOM,108.61,109.48,108.14,108.96,6784929
2023-07-14,XOM,107.37,112.25,106.43,107.37,937453
2023-07-17,XOM,108.68,108.97,106.16,106.56,12573370
2023-07-18,XOM,100.16,102.53,99.48,102.3,727176
2023-07-19,XOM,100.97,102.94,101.03,101.3,11728932
2023-07-20,XOM,104.51,106.3,102.89,104.76,3005552
2023-07-21,XOM,106.03,106.04,105.93,105.95,7100586
2023-07-24,XOM,108.5,111.2,105.41,108.27,2302347
2023-07-25,XOM,108.97,110.7,106.62,109.73,4582413
2023-07-26,XOM,110.46,111.06,108.83,110.62,29490045
2023-07-27,XOM,111.07,112.58,109.6,110.43,8949799
2023-07-28,XOM,110.12,111.62,110.06,110.27,5219322
2023-07-31,XOM,111.19,111.08,110.11,110.71,3047447
2023-08-01,XOM,112.4,112.28,111.42,111.59,720028
2023-08-02,XOM,113.19,116.78,112.97,114.87,3931506
2023-08-03,XOM,113.13,115.56,111.68,112.79,13299432
2023-08-04,XOM,115.51,118.33,114.77,114.89,5181155
2023-08-07,XOM,117.85,119.97,114.51,117.94,6671569
2023-08-08,XOM,118.56,121.42,117.41,119.92,9252789
2023-08-09,XOM,122.89,123.69,120.78,122.42,3136556
2023-08-10,XOM,122.34,123.14,120.22,122.65,8861887
2023-08-11,XOM,121.97,124.66,121.68,122.6,3056354
2023-08-14,XOM,120.48,123.69,116.71,119.67,7951096
2023-08-15,XOM,122.22,123.14,119.11,120.35,5386454
2023-08-16,XOM,118.58,122.81,115.45,118.8,12406885
2023-08-17,XOM,118.42,120.4,117.85,119.12,3097414
2023-08-18,XOM,120.16,120.1,119.5,119.59,12956751
2023-08-21,XOM,116.82,117.62,116.52,116.66,8727584
2023-08-22,XOM,112.07,115.15,111.35,114.28,2643234
2023-08-23,XOM,114.87,116.69,114.24,115.29,13242552
2023-08-24,XOM,114.8,115.7,112.13,114.51,3531347
2023-08-25,XOM,110.62,112.68,107.68,111.42,7670523
2023-08-28,XOM,109.87,111.84,109.74,110.27,2209465
2023-08-29,XOM,108.7,113.2,108.53,110.65,22088333
2023-08-30,XOM,110.35,111.41,108.81,110.26,3949155
2023-08-31,XOM,112.88,115.11,112.84,112.98,8342783
2023-09-01,XOM,111.5,111.39,110.5,111.1,4402331
2023-09-04,XOM,113.14,113.97,113.26,113.74,10173589
2023-09-05,XOM,115.96,117.39,116.08,116.72,5986396
2023-09-06,XOM,120.33,120.8,118.54,118.64,9797712
2023-09-07,XOM,114.67,116.77,114.78,115.66,28468963
2023-09-08,XOM,112.81,115.28,112.48,112.73,4977589
2023-09-11,XOM,115.02,116.91,112.9,114.12,20055409
2023-09-12,XOM,115.07,117.26,112.94,114.67,2030876
2023-09-13,XOM,115.59,118.93,113.81,115.91,9504932
2023-09-14,XOM,120.2,122.31,118.97,119.55,3032351
2023-09-15,XOM,118.47,118.38,115.93,118.21,27362772
2023-09-18,XOM,113.76,114.33,113.88,113.95,15234387
2023-09-19,XOM,116.17,116.08,114.56,115.57,5278392
2023-09-20,XOM,113.02,114.67,111.27,113.19,27725568
2023-09-21,XOM,113.41,116.42,111.19,113.06,5087481
2023-09-22,XOM,113.36,115.07,112.42,113.08,2293633
2023-09-25,XOM,109.85,109.74,109.42,109.66,7767687
2023-09-26,XOM,112.27,114.15,110.06,112.03,3976038
2023-09-27,XOM,114.26,116.17,111.58,113.79,4922191
2023-09-28,XOM,112.96,116.3,111.87,112.88,12361050
2023-09-29,XOM,113.72,115.23,111.16,114.24,5076095
2023-10-02,XOM,118.22,118.1,115.79,117.54,4257281
2023-10-03,XOM,114.12,115.62,114.24,114.31,2148960
2023-10-04,XOM,113.07,115.37,111.85,113.34,7735656
2023-10-05,XOM,113.97,114.65,112.12,113.2,2885531
2023-10-06,XOM,112.87,114.22,112.35,112.74,890302
2023-10-09,XOM,112.9,114.21,109.24,111.58,5586463
2023-10-10,XOM,112.55,114.19,109.85,112.12,1944842
2023-10-11,XOM,110.9,112.38,110.44,111.2,904985
2023-10-12,XOM,111.07,113.61,105.59,110.61,9453335
2023-10-13,XOM,116.1,119.87,114.02,115.34,9166064
2023-10-16,XOM,114.29,114.46,113.65,113.84,5203775
2023-10-17,XOM,113.35,113.23,112.69,113.04,1250302
2023-10-18,XOM,111.45,114.8,111.5,111.73,4917860
2023-10-19,XOM,110.5,111.74,110.26,111.58,3601947
2023-10-20,XOM,114.96,115.73,113.47,115.3,4192124
2023-10-23,XOM,116.92,117.43,115.85,116.77,7635868
2023-10-24,XOM,117.12,120.22,115.5,118.04,15258151
2023-10-25,XOM,119.35,120.65,119.47,119.88,25245101
2023-10-26,XOM,119.32,119.2,118.31,119.03,3712190
2023-10-27,XOM,121.19,123.93,119.39,121.17,5328044
2023-10-30,XOM,121.0,124.31,120.86,122.71,15892438
2023-10-31,XOM,119.79,119.68,114.3,119.34,5799325
2023-11-01,XOM,118.74,119.47,114.12,118.45,8856529
2023-11-02,XOM,113.83,115.96,110.41,113.66,8337966
2023-11-03,XOM,111.78,112.22,111.9,111.92,3130706
2023-11-06,XOM,113.28,114.22,111.33,113.25,3941624
2023-11-07,XOM,112.0,111.88,108.63,110.65,8393639
2023-11-08,XOM,109.65,111.6,106.12,110.26,7889771
2023-11-09,XOM,110.56,111.31,108.3,110.32,3088001
2023-11-10,XOM,110.12,110.01,106.78,109.76,2166797
2023-11-13,XOM,108.84,109.34,107.74,109.18,1594349
2023-11-14,XOM,108.74,110.33,104.55,107.59,4067075
2023-11-15,XOM,109.07,111.29,107.14,108.87,23444361
2023-11-16,XOM,111.18,111.81,109.04,111.09,13632082
2023-11-17,XOM,113.53,113.74,110.03,112.96,2495014
2023-11-20,XOM,114.39,116.29,112.17,114.06,4527077
2023-11-21,XOM,111.6,113.93,109.08,112.83,2318562
2023-11-22,XOM,113.49,116.72,113.6,113.99,2204697
2023-11-23,XOM,118.62,120.96,118.73,118.77,8008864
2023-11-24,XOM,119.98,120.45,120.06,120.31,10931333
2023-11-27,XOM,120.38,121.74,118.39,120.77,10135554
2023-11-28,XOM,124.52,129.41,123.6,125.68,1679622
2023-11-29,XOM,127.85,128.61,124.8,127.72,3010053
2023-11-30,XOM,129.8,132.41,129.25,129.85,6069676
2023-12-01,XOM,130.14,132.22,128.07,129.69,3444459
2023-12-04,XOM,131.13,131.8,128.96,131.15,6903712
2023-12-05,XOM,130.22,130.09,128.78,130.08,9232972
2023-12-06,XOM,130.63,134.14,124.9,130.1,15992291
2023-12-07,XOM,127.27,129.59,126.28,127.17,4596234
2023-12-08,XOM,127.91,131.92,127.53,129.15,8230961
2023-12-11,XOM,133.1,132.97,132.04,132.91,4531471
2023-12-12,XOM,127.98,130.48,128.11,129.28,2813123
2023-12-13,XOM,130.8,131.46,126.09,129.51,8670593
2023-12-14,XOM,133.36,138.25,131.9,133.06,1927174
2023-12-15,XOM,132.75,133.38,130.53,131.62,2135679
2023-12-18,XOM,135.63,136.6,134.1,135.39,5742606
2023-12-19,XOM,135.81,137.0,133.71,135.47,8509511
2023-12-20,XOM,134.3,135.18,134.43,134.77,9960632
2023-12-21,XOM,133.61,134.75,132.94,134.42,36163702
2023-12-22,XOM,131.85,134.34,131.45,132.19,9470034
2023-12-25,XOM,129.42,131.71,127.32,130.22,3612063
2023-12-26,XOM,130.71,130.58,125.08,130.05,3012358
2023-12-27,XOM,130.76,130.63,128.82,130.22,6232884
2023-12-28,XOM,128.99,132.54,125.54,130.96,7004377
2023-12-29,XOM,136.5,137.99,136.54,137.09,5703257
2024-01-01,XOM,136.08,137.22,133.24,134.86,5701284
2024-01-02,XOM,141.39,141.66,137.33,140.64,3477453
2024-01-03,XOM,141.05,144.79,140.9,141.34,1934369
2024-01-04,XOM,138.39,140.43,138.02,139.1,7994349
2024-01-05,XOM,135.68,136.84,131.57,134.42,3335280
2024-01-08,XOM,138.14,138.0,135.51,137.61,4948957
2024-01-09,XOM,139.79,142.56,137.26,139.12,3600780
2024-01-10,XOM,131.56,134.13,128.4,132.36,4736102
2024-01-11,XOM,131.65,133.82,131.79,132.0,5115699
2024-01-12,XOM,128.9,128.77,127.9,128.75,13727473
2024-01-15,XOM,133.96,135.87,131.11,133.33,13232689
2024-01-16,XOM,136.52,140.84,132.26,137.02,10321844
2024-01-17,XOM,140.07,140.22,137.35,138.6,46863828
2024-01-18,XOM,135.87,138.15,135.52,136.75,18694611
2024-01-19,XOM,135.69,136.3,135.83,135.93,10751209
2024-01-22,XOM,138.31,144.1,138.45,138.6,11637747
2024-01-23,XOM,138.16,145.82,138.3,139.92,8142309
2024-01-24,XOM,136.42,137.89,133.87,137.33,5030577
2024-01-25,XOM,132.91,134.82,133.05,133.38,2327801
2024-01-26,XOM,135.24,136.94,134.42,134.46,18442058
2024-01-29,XOM,137.91,139.57,131.52,136.47,11892317
2024-01-30,XOM,140.3,140.84,135.67,139.85,5718226
2024-01-31,XOM,137.25,139.35,136.92,137.69,8399990
2024-02-01,XOM,136.65,140.54,136.78,137.4,8996209
2024-02-02,XOM,136.32,139.55,135.4,136.39,5097385
2024-02-05,XOM,141.42,143.31,139.67,140.8,1384577
2024-02-06,XOM,138.05,141.63,137.62,138.53,9598349
2024-02-07,XOM,137.05,141.05,136.29,136.39,17295627
2024-02-08,XOM,136.89,138.8,133.37,135.86,7711565
2024-02-09,XOM,136.62,136.49,133.69,136.02,29401941
2024-02-12,XOM,138.87,142.72,135.7,137.88,2281630
2024-02-13,XOM,138.43,139.74,137.95,138.44,8462951
2024-02-14,XOM,134.84,136.42,133.15,135.11,8639775
2024-02-15,XOM,137.46,139.25,135.37,138.42,999124
2024-02-16,XOM,135.61,135.48,134.58,135.15,2114541
2024-02-19,XOM,134.47,134.45,131.38,133.94,2897644
2024-02-20,XOM,136.2,140.11,135.2,136.81,19816929
2024-02-21,XOM,132.86,135.26,133.0,134.24,7776623
2024-02-22,XOM,141.77,141.9,137.99,140.5,22023475
2024-02-23,XOM,142.54,147.19,137.88,142.19,3120700
2024-02-26,XOM,140.99,140.85,136.72,140.63,2300376
2024-02-27,XOM,138.69,138.55,136.99,138.48,6423700
2024-02-28,XOM,136.3,137.13,133.56,135.65,4106910
2024-02-29,XOM,134.09,135.92,133.86,135.56,4356960
2024-03-01,XOM,131.36,133.38,131.13,132.07,3892689
2024-03-04,XOM,134.72,137.31,132.29,136.26,1553717
2024-03-05,XOM,133.65,135.33,133.79,134.46,12564745
2024-03-06,XOM,139.69,140.85,137.54,138.53,1855125
2024-03-07,XOM,134.17,135.97,133.33,135.15,3406475
2024-03-08,XOM,133.59,137.58,132.54,134.01,10150863
2024-03-11,XOM,137.28,137.74,132.12,135.84,20890224
2024-03-12,XOM,133.05,137.19,133.19,133.8,1822262
2024-03-13,XOM,128.66,131.36,128.79,129.76,32379667
2024-03-14,XOM,128.88,129.25,129.01,129.06,4876402
2024-03-15,XOM,131.81,131.88,129.65,130.95,27172217
2024-03-18,XOM,128.07,129.73,128.11,128.8,17225097
2024-03-19,XOM,130.27,132.55,128.51,129.68,7533987
2024-03-20,XOM,126.8,129.5,124.06,126.7,4649417
2024-03-21,XOM,130.57,134.58,129.34,130.44,3365698
2024-03-22,XOM,128.13,129.02,125.49,128.3,15346517
2024-03-25,XOM,127.85,129.34,124.91,128.85,1596818
2024-03-26,XOM,127.7,129.22,123.3,128.37,4317604
2024-03-27,XOM,130.45,132.08,127.06,128.24,4859717
2024-03-28,XOM,127.6,129.82,127.59,128.81,13615622
2024-03-29,XOM,128.84,136.16,128.97,129.04,2458267
2024-04-01,XOM,135.33,136.23,135.46,135.56,9555912
2024-04-02,XOM,134.58,139.35,132.58,134.11,8758302
2024-04-03,XOM,135.35,136.55,135.49,135.55,7019904
2024-04-04,XOM,139.33,139.63,136.73,138.48,4520358
2024-04-05,XOM,139.81,140.89,135.56,139.26,3398146
2024-04-08,XOM,143.01,146.97,137.05,142.23,17250517
2024-04-09,XOM,143.16,143.6,141.35,141.87,4554505
2024-04-10,XOM,143.29,148.86,142.08,142.41,2657524
2024-04-11,XOM,142.85,146.72,140.91,143.15,3777846
2024-04-12,XOM,145.13,150.0,144.28,145.1,2283968
2024-04-15,XOM,142.51,142.57,139.85,142.42,2952438
2024-04-16,XOM,149.22,149.82,148.71,149.33,3434865
2024-04-17,XOM,149.85,154.13,145.01,149.51,21197793
2024-04-18,XOM,148.48,151.41,145.02,149.89,5493879
2024-04-19,XOM,149.06,151.43,148.0,150.14,4160992
2024-04-22,XOM,148.36,148.93,146.45,148.59,1093786
2024-04-23,XOM,151.48,152.95,148.81,150.87,5159751
2024-04-24,XOM,150.24,150.5,147.54,149.74,944754
2024-04-25,XOM,151.21,152.81,150.24,151.24,2520451
2024-04-26,XOM,152.05,157.74,151.12,151.86,7923652
2024-04-29,XOM,155.22,157.86,152.34,154.42,3937708
2024-04-30,XOM,155.34,156.51,154.68,156.4,1187189
2024-05-01,XOM,156.17,158.12,151.72,157.43,4503290
2024-05-02,XOM,163.82,165.93,163.98,164.29,4290354
2024-05-03,XOM,162.29,165.86,161.08,163.36,1918191
2024-05-06,XOM,163.41,168.79,159.87,163.45,4254650
2024-05-07,XOM,166.78,171.13,165.33,165.96,13313992
2024-05-08,XOM,166.48,169.67,161.39,166.31,4775690
2024-05-09,XOM,171.8,171.63,166.03,169.73,1741009
2024-05-10,XOM,170.34,175.66,170.52,171.61,2858215
2024-05-13,XOM,171.03,172.65,171.2,171.51,5375657
2024-05-14,XOM,171.91,171.81,164.84,169.69,7115796
2024-05-15,XOM,172.18,172.17,169.17,170.09,40995747
2024-05-16,XOM,166.87,167.88,167.04,167.49,4601421
2024-05-17,XOM,168.89,175.28,169.06,169.63,11631658
2024-05-20,XOM,168.93,169.05,168.11,168.75,4717233
2024-05-21,XOM,170.77,173.06,167.96,169.15,4719492
2024-05-22,XOM,169.41,169.25,163.25,168.26,2848867
2024-05-23,XOM,169.51,171.55,166.44,167.36,2108867
2024-05-24,XOM,172.61,172.65,165.71,171.39,3521876
2024-05-27,XOM,171.36,171.19,165.38,170.27,1138430
2024-05-28,XOM,168.49,170.88,165.0,167.87,4966769
2024-05-29,XOM,171.96,175.32,170.55,171.52,9521023
2024-05-30,XOM,169.66,169.49,165.96,168.51,2198367
2024-05-31,XOM,167.93,167.76,166.94,167.22,2380425
2024-06-03,XOM,166.64,168.48,160.95,166.27,6365669
2024-06-04,XOM,165.24,166.14,162.54,165.88,8703881
2024-06-05,XOM,164.46,164.3,162.93,163.98,13992555
2024-06-06,XOM,163.97,165.64,162.94,165.43,18213513
2024-06-07,XOM,161.24,163.15,161.4,162.13,3352291
2024-06-10,XOM,160.22,169.53,160.38,162.36,6423497
2024-06-11,XOM,159.41,159.6,157.05,159.4,2004476
2024-06-12,XOM,156.17,158.55,149.51,156.6,4320588
2024-06-13,XOM,156.56,158.34,153.37,156.37,1440788
2024-06-14,XOM,154.9,157.57,153.93,155.57,3877875
2024-06-17,XOM,160.3,161.56,158.05,161.05,6190354
2024-06-18,XOM,159.3,159.31,155.31,158.86,1823717
2024-06-19,XOM,157.1,159.54,153.81,159.04,8831135
2024-06-20,XOM,161.22,162.95,161.38,161.96,5948299
2024-06-21,XOM,162.69,164.15,162.38,162.48,1365502
2024-06-24,XOM,161.71,165.15,160.28,161.1,2314602
2024-06-25,XOM,159.69,159.53,157.84,158.5,4765487
2024-06-26,XOM,160.95,163.46,161.11,161.36,5164065
2024-06-27,XOM,162.88,163.76,161.51,163.75,7097779
2024-06-28,XOM,170.86,173.16,160.95,167.69,8313779
2024-07-01,XOM,162.05,164.07,160.96,162.56,4350220
2024-07-02,XOM,162.93,168.43,163.1,163.95,9670182
2024-07-03,XOM,166.83,168.63,163.17,165.48,2988494
2024-07-04,XOM,166.29,167.3,163.83,165.59,3932361
2024-07-05,XOM,159.71,159.67,148.87,159.03,5468062
2024-07-08,XOM,153.15,154.97,152.61,154.91,6658594
2024-07-09,XOM,149.47,150.65,148.75,149.51,6155893
2024-07-10,XOM,143.34,144.54,142.27,143.18,35267944
2024-07-11,XOM,146.74,149.08,143.56,146.77,4958336
2024-07-12,XOM,147.18,152.8,143.86,148.3,6175547
2024-07-15,XOM,145.94,147.7,146.09,146.48,11561977
2024-07-16,XOM,145.28,145.62,143.6,145.25,4810739
2024-07-17,XOM,145.83,146.54,143.31,145.29,4054137
2024-07-18,XOM,149.98,151.41,148.53,148.78,5795023
2024-07-19,XOM,149.27,153.32,145.6,149.82,7475155
2024-07-22,XOM,154.42,156.29,152.9,154.22,5926353
2024-07-23,XOM,149.64,150.65,149.58,150.52,12389156
2024-07-24,XOM,155.2,159.98,152.9,155.1,5443282
2024-07-25,XOM,150.52,152.0,146.25,151.54,6359237
2024-07-26,XOM,151.94,152.84,148.58,149.99,7204818
2024-07-29,XOM,150.6,152.54,149.34,150.83,3284290
2024-07-30,XOM,152.5,152.7,152.66,152.67,3946952
2024-07-31,XOM,150.28,151.65,150.43,150.96,2250811
2024-08-01,XOM,154.31,156.33,148.4,152.75,3337675
2024-08-02,XOM,152.9,153.32,152.44,152.47,5185527
2024-08-05,XOM,150.67,152.79,149.49,151.39,6735157
2024-08-06,XOM,147.57,151.55,144.26,149.96,9556331
2024-08-07,XOM,149.25,149.41,146.58,148.91,15962536
2024-08-08,XOM,156.68,158.32,154.9,155.76,2504232
2024-08-09,XOM,155.42,161.25,152.16,156.92,4138843
2024-08-12,XOM,153.81,155.97,153.96,155.1,9544069
2024-08-13,XOM,154.29,156.59,148.09,154.25,11096418
2024-08-14,XOM,155.93,156.64,155.73,156.31,3353105
2024-08-15,XOM,156.74,156.59,153.15,155.59,4164965
2024-08-16,XOM,158.38,159.5,152.09,157.34,3635488
2024-08-19,XOM,159.17,161.35,156.77,158.96,3794278
2024-08-20,XOM,162.28,165.37,155.23,159.76,8954822
2024-08-21,XOM,158.27,158.72,156.78,158.63,1084856
2024-08-22,XOM,151.29,154.68,149.95,151.89,5235865
2024-08-23,XOM,146.83,146.68,143.16,146.18,5170221
2024-08-26,XOM,139.06,140.36,137.62,139.71,2097443
2024-08-27,XOM,146.27,149.66,141.16,144.44,21552648
2024-08-28,XOM,142.82,148.83,142.96,144.48,3444668
2024-08-29,XOM,144.18,147.04,142.64,143.83,2416565
2024-08-30,XOM,144.89,150.86,141.51,143.99,4821696
2024-09-02,XOM,143.61,147.65,142.97,144.98,4032173
2024-09-03,XOM,144.51,146.16,142.17,145.88,1886173
2024-09-04,XOM,146.17,148.72,140.0,146.68,6630538
2024-09-05,XOM,142.9,146.53,142.94,143.65,798548
2024-09-06,XOM,142.93,148.36,140.92,141.99,5652690
2024-09-09,XOM,144.06,145.48,141.48,143.13,19562811
2024-09-10,XOM,147.03,150.21,145.6,145.87,10997355
2024-09-11,XOM,147.19,154.39,142.38,145.93,9495419
2024-09-12,XOM,145.9,146.8,142.04,145.25,8564972
2024-09-13,XOM,148.47,151.15,145.43,149.13,1837340
2024-09-16,XOM,152.77,154.19,151.66,153.15,654090
2024-09-17,XOM,153.95,156.19,152.94,155.01,6478196
2024-09-18,XOM,154.04,157.54,150.31,155.8,4814860
2024-09-19,XOM,159.7,161.18,156.2,160.15,2177722
2024-09-20,XOM,165.99,166.23,158.6,165.37,6275787
2024-09-23,XOM,165.29,166.42,164.12,164.5,2259647
2024-09-24,XOM,160.38,165.01,158.35,159.99,7884762
2024-09-25,XOM,156.42,162.73,155.55,157.56,4880256
2024-09-26,XOM,153.11,155.14,153.26,153.34,7852437
2024-09-27,XOM,157.66,161.41,157.77,157.88,8808741
2024-09-30,XOM,158.77,160.59,158.93,159.51,2931903
2024-10-01,XOM,162.44,163.99,161.5,162.67,2572277
2024-10-02,XOM,164.5,164.33,162.67,163.64,14340308
2024-10-03,XOM,170.02,171.26,168.95,169.69,1044099
2024-10-04,XOM,162.46,167.31,162.06,162.97,6994018
2024-10-07,XOM,162.19,163.13,160.03,162.11,8964832
2024-10-08,XOM,162.25,162.09,159.7,160.77,6531890
2024-10-09,XOM,163.84,165.4,162.78,163.18,5173032
2024-10-10,XOM,162.34,164.85,160.65,162.12,3117690
2024-10-11,XOM,159.44,163.11,156.59,160.61,3307771
2024-10-14,XOM,156.76,160.22,153.63,158.5,2459673
2024-10-15,XOM,156.14,163.03,154.84,156.61,4407591
2024-10-16,XOM,154.07,157.23,153.77,154.71,7127932
2024-10-17,XOM,159.71,159.55,152.88,159.12,6120278
2024-10-18,XOM,158.68,159.37,153.17,157.44,12107383
2024-10-21,XOM,157.44,159.12,154.23,157.33,5107478
2024-10-22,XOM,157.14,156.98,156.01,156.64,10667087
2024-10-23,XOM,151.89,154.49,150.09,151.59,5040029
2024-10-24,XOM,151.52,155.14,150.51,152.39,9352051
2024-10-25,XOM,155.21,155.22,149.36,153.63,6686278
2024-10-28,XOM,158.91,158.76,153.95,158.05,4363740
2024-10-29,XOM,159.63,161.16,159.47,159.54,4940211
2024-10-30,XOM,159.25,167.44,159.41,159.52,1327413
2024-10-31,XOM,157.12,160.93,156.51,158.58,9817269
2024-11-01,XOM,155.91,158.35,155.4,155.57,3553070
2024-11-04,XOM,156.96,159.45,154.61,157.39,4146475
2024-11-05,XOM,158.23,160.52,154.9,158.24,2691483
2024-11-06,XOM,158.23,158.07,155.74,156.65,6310532
2024-11-07,XOM,157.41,158.33,153.63,155.45,5423251
2024-11-08,XOM,157.47,160.45,156.86,157.72,6513216
2024-11-11,XOM,160.42,162.99,160.58,161.88,2995357
2024-11-12,XOM,159.51,160.43,159.67,160.24,2767761
2024-11-13,XOM,161.12,161.56,154.83,160.91,2563726
2024-11-14,XOM,168.62,168.95,164.35,166.05,3391834
2024-11-15,XOM,172.0,173.54,172.17,173.17,9821444
2024-11-18,XOM,167.16,168.0,167.04,167.6,2467020
2024-11-19,XOM,158.99,160.49,156.49,159.77,4660936
2024-11-20,XOM,156.88,157.94,157.04,157.48,6603248
2024-11-21,XOM,157.22,159.5,157.35,158.65,628648
2024-11-22,XOM,150.76,154.36,149.18,152.27,4105227
2024-11-25,XOM,150.98,154.96,150.83,151.05,6039493
2024-11-26,XOM,148.11,160.05,147.9,150.79,5037501
2024-11-27,XOM,147.59,154.7,147.0,149.83,10110732
2024-11-28,XOM,148.55,149.83,145.12,148.4,5271884
2024-11-29,XOM,153.42,153.27,151.61,152.11,8426396
2024-12-02,XOM,152.1,155.49,140.59,153.12,5890243
2024-12-03,XOM,152.38,154.44,151.54,152.6,3552277
2024-12-04,XOM,152.91,154.47,153.06,153.47,2540126
2024-12-05,XOM,151.73,153.65,151.26,151.85,18386406
2024-12-06,XOM,153.48,154.04,147.08,152.55,2981685
2024-12-09,XOM,155.37,162.58,153.69,157.43,15477002
2024-12-10,XOM,158.95,160.9,154.27,159.33,1935033
2024-12-11,XOM,159.12,162.69,157.08,159.99,1115980
2024-12-12,XOM,158.01,165.65,155.83,160.54,8300454
2024-12-13,XOM,158.83,163.14,156.36,160.28,6617068
2024-12-16,XOM,166.06,168.02,164.4,165.8,1245265
2024-12-17,XOM,164.62,172.06,164.79,166.85,13283693
2024-12-18,XOM,164.84,165.83,162.22,164.46,10594006
2024-12-19,XOM,163.12,165.28,161.76,163.6,5363460
2024-12-20,XOM,163.92,164.37,159.22,163.21,2037532
2024-12-23,XOM,165.7,171.31,165.8,167.37,4251613
2024-12-24,XOM,172.62,172.45,171.07,172.11,1384096
2024-12-25,XOM,167.24,167.07,159.16,166.59,3938803
2024-12-26,XOM,165.88,167.89,155.89,165.15,4146144
2024-12-27,XOM,161.75,163.67,159.01,161.8,1953605
2024-12-30,XOM,163.17,164.78,163.27,163.66,1244731
2024-12-31,XOM,167.01,169.06,162.47,166.12,6812985
